session_id,requestor_user,role,target_asset,country,country_lat,country_lon,protocol,start_time,duration_minutes,hour,is_weekend,commands_count,triggered_sensitive_command,risk_flag,is_anomaly,anomaly_type
PAM-01011,crypto_bot,Service Account,backup-db,Tunisia,36.8065,10.1815,SSH,2026-01-01 02:12:49,79.5,2,0,15,,0,0,none
PAM-01141,crypto_bot,Service Account,backup-db,Tunisia,36.8065,10.1815,SSH,2026-01-01 02:59:03,9.3,2,0,3,,0,0,none
PAM-00678,marc_netadmin,Network Admin,switch-core-01,Tunisia,36.8065,10.1815,HTTPS,2026-01-01 09:47:21,36.8,9,0,9,,0,0,none
PAM-01616,jean_dev,Developer,switch-core-01,Tunisia,36.8065,10.1815,SSH,2026-01-01 10:12:00,31.1,10,0,7,,0,1,unusual_asset
PAM-00035,jean_dev,Developer,app-dev-01,Tunisia,36.8065,10.1815,SSH,2026-01-01 10:40:44,61.9,10,0,15,,0,0,none
PAM-00347,jean_dev,Developer,app-dev-01,Tunisia,36.8065,10.1815,SSH,2026-01-01 10:42:43,16.8,10,0,5,,0,0,none
PAM-00071,sara_dba,DBA,backup-db,Tunisia,36.8065,10.1815,SSH,2026-01-01 11:05:04,15.1,11,0,5,,0,0,none
PAM-00207,sara_dba,DBA,prod-db-01,Tunisia,36.8065,10.1815,SSH,2026-01-01 12:34:38,16.3,12,0,5,,0,0,none
PAM-01046,sara_dba,DBA,prod-db-01,Tunisia,36.8065,10.1815,SSH,2026-01-01 15:12:39,40.0,15,0,8,,0,0,none
PAM-02077,sara_dba,DBA,prod-db-01,Tunisia,36.8065,10.1815,SSH,2026-01-01 17:06:19,14.1,17,0,5,,0,0,none
PAM-01021,sara_dba,DBA,prod-db-01,Tunisia,36.8065,10.1815,SSH,2026-01-01 17:26:54,25.3,17,0,5,,0,0,none
PAM-00077,sara_dba,DBA,prod-db-01,Tunisia,36.8065,10.1815,SSH,2026-01-01 18:56:47,21.3,18,0,10,,0,0,none
PAM-01053,sara_dba,DBA,prod-db-01,Tunisia,36.8065,10.1815,SSH,2026-01-01 19:03:33,10.4,19,0,2,,0,0,none
PAM-01464,crypto_bot,Service Account,backup-db,Tunisia,36.8065,10.1815,SSH,2026-01-02 02:02:36,17.2,2,0,4,,0,0,none
PAM-00094,crypto_bot,Service Account,backup-db,Tunisia,36.8065,10.1815,SSH,2026-01-02 02:28:17,26.2,2,0,7,,0,0,none
PAM-00339,crypto_bot,Service Account,backup-db,Tunisia,36.8065,10.1815,SSH,2026-01-02 03:49:26,33.1,3,0,6,,0,0,none
PAM-00479,marc_netadmin,Network Admin,fw-edge-02,Tunisia,36.8065,10.1815,HTTPS,2026-01-02 06:39:57,15.1,6,0,2,,0,0,none
PAM-01413,marc_netadmin,Network Admin,fw-edge-01,Tunisia,36.8065,10.1815,HTTPS,2026-01-02 07:28:05,28.8,7,0,11,,0,0,none
PAM-00517,jean_dev,Developer,git-prod,Tunisia,36.8065,10.1815,SSH,2026-01-02 08:22:09,9.8,8,0,2,,0,0,none
PAM-01886,jean_dev,Developer,git-prod,Tunisia,36.8065,10.1815,SSH,2026-01-02 09:24:40,5.2,9,0,1,,0,0,none
PAM-00005,marc_netadmin,Network Admin,fw-edge-02,Tunisia,36.8065,10.1815,HTTPS,2026-01-02 09:25:13,15.6,9,0,2,,0,0,none
PAM-01564,marc_netadmin,Network Admin,fw-edge-01,Tunisia,36.8065,10.1815,HTTPS,2026-01-02 10:48:22,19.6,10,0,3,,0,0,none
PAM-01991,jean_dev,Developer,app-dev-01,Tunisia,36.8065,10.1815,SSH,2026-01-02 11:04:17,19.9,11,0,2,,0,0,none
PAM-02082,sara_dba,DBA,prod-db-01,Tunisia,36.8065,10.1815,SSH,2026-01-02 12:05:35,85.6,12,0,25,,0,0,none
PAM-01907,jean_dev,Developer,app-dev-01,Tunisia,36.8065,10.1815,SSH,2026-01-02 12:34:26,14.0,12,0,2,,0,0,none
PAM-00893,sara_dba,DBA,backup-db,Tunisia,36.8065,10.1815,SSH,2026-01-02 13:38:42,15.9,13,0,1,,0,0,none
PAM-00878,sara_dba,DBA,prod-db-01,Tunisia,36.8065,10.1815,SSH,2026-01-02 13:42:06,19.7,13,0,6,,0,0,none
PAM-00938,sara_dba,DBA,backup-db,Tunisia,36.8065,10.1815,SSH,2026-01-02 14:01:10,16.7,14,0,6,,0,0,none
PAM-00559,crypto_bot,Service Account,backup-db,Tunisia,36.8065,10.1815,SSH,2026-01-03 01:21:51,12.4,1,1,4,,0,0,none
PAM-00221,crypto_bot,Service Account,backup-db,Tunisia,36.8065,10.1815,SSH,2026-01-03 02:28:36,17.6,2,1,8,,0,0,none
PAM-00643,crypto_bot,Service Account,backup-db,Tunisia,36.8065,10.1815,SSH,2026-01-04 02:22:48,14.2,2,1,4,,0,0,none
PAM-00287,crypto_bot,Service Account,backup-db,Russia,55.7558,37.6173,SSH,2026-01-04 02:34:05,26.5,2,1,4,,0,1,unusual_country
PAM-01420,crypto_bot,Service Account,backup-db,Tunisia,36.8065,10.1815,SSH,2026-01-04 02:59:24,78.2,2,1,23,,0,0,none
PAM-01863,crypto_bot,Service Account,backup-db,Tunisia,36.8065,10.1815,SSH,2026-01-04 03:37:59,22.7,3,1,7,,0,0,none
PAM-01761,crypto_bot,Service Account,backup-db,Tunisia,36.8065,10.1815,SSH,2026-01-05 02:25:27,30.9,2,0,10,,0,0,none
PAM-01137,marc_netadmin,Network Admin,fw-edge-01,Tunisia,36.8065,10.1815,HTTPS,2026-01-05 08:14:22,17.7,8,0,1,,0,0,none
PAM-00874,sara_dba,DBA,prod-db-01,Tunisia,36.8065,10.1815,SSH,2026-01-05 08:26:20,53.0,8,0,10,,0,0,none
PAM-01729,jean_dev,Developer,app-dev-01,Tunisia,36.8065,10.1815,SSH,2026-01-05 08:57:38,29.5,8,0,11,,0,0,none
PAM-01398,marc_netadmin,Network Admin,fw-edge-01,Tunisia,36.8065,10.1815,HTTPS,2026-01-05 09:24:38,40.1,9,0,12,,0,0,none
PAM-00458,marc_netadmin,Network Admin,fw-edge-02,Tunisia,36.8065,10.1815,HTTPS,2026-01-05 09:35:26,56.3,9,0,9,,0,0,none
PAM-01396,jean_dev,Developer,git-prod,Tunisia,36.8065,10.1815,SSH,2026-01-05 09:37:01,29.1,9,0,7,,0,0,none
PAM-01640,sara_dba,DBA,prod-db-01,Tunisia,36.8065,10.1815,SSH,2026-01-05 09:59:46,25.5,9,0,4,,0,0,none
PAM-01903,marc_netadmin,Network Admin,switch-core-01,Tunisia,36.8065,10.1815,HTTPS,2026-01-05 10:18:03,21.0,10,0,2,,0,0,none
PAM-00820,sara_dba,DBA,prod-db-01,Tunisia,36.8065,10.1815,SSH,2026-01-05 10:31:53,18.8,10,0,6,,0,0,none
PAM-00873,marc_netadmin,Network Admin,fw-edge-01,Tunisia,36.8065,10.1815,HTTPS,2026-01-05 10:41:40,39.5,10,0,9,,0,0,none
PAM-01551,sara_dba,DBA,backup-db,Tunisia,36.8065,10.1815,SSH,2026-01-05 12:13:40,31.8,12,0,12,,0,0,none
PAM-01033,sara_dba,DBA,backup-db,Tunisia,36.8065,10.1815,SSH,2026-01-05 13:42:20,9.2,13,0,1,,0,0,none
PAM-01263,sara_dba,DBA,prod-db-01,Tunisia,36.8065,10.1815,SSH,2026-01-05 13:50:08,25.8,13,0,10,,0,0,none
PAM-00610,sara_dba,DBA,backup-db,Tunisia,36.8065,10.1815,SSH,2026-01-05 15:27:47,27.0,15,0,11,,0,0,none
PAM-01614,sara_dba,DBA,prod-db-01,Tunisia,36.8065,10.1815,SSH,2026-01-05 16:18:33,61.3,16,0,14,,0,0,none
PAM-01055,crypto_bot,Service Account,backup-db,Tunisia,36.8065,10.1815,SSH,2026-01-06 01:07:06,21.8,1,0,4,,0,0,none
PAM-00370,crypto_bot,Service Account,backup-db,Tunisia,36.8065,10.1815,SSH,2026-01-06 01:30:22,8.5,1,0,3,,0,0,none
PAM-01772,crypto_bot,Service Account,backup-db,Tunisia,36.8065,10.1815,SSH,2026-01-06 02:06:21,23.4,2,0,5,,0,0,none
PAM-00384,crypto_bot,Service Account,backup-db,Tunisia,36.8065,10.1815,SSH,2026-01-06 02:10:34,19.4,2,0,6,,0,0,none
PAM-01169,crypto_bot,Service Account,backup-db,Tunisia,36.8065,10.1815,SSH,2026-01-06 02:11:41,46.5,2,0,16,,0,0,none
PAM-00239,crypto_bot,Service Account,backup-db,Tunisia,36.8065,10.1815,SSH,2026-01-06 02:35:54,20.7,2,0,7,,0,0,none
PAM-01266,crypto_bot,Service Account,backup-db,Tunisia,36.8065,10.1815,SSH,2026-01-06 02:39:29,25.0,2,0,11,,0,0,none
PAM-01702,crypto_bot,Service Account,backup-db,Tunisia,36.8065,10.1815,SSH,2026-01-06 03:10:54,21.1,3,0,6,,0,0,none
PAM-00892,crypto_bot,Service Account,backup-db,Tunisia,36.8065,10.1815,SSH,2026-01-06 03:15:19,24.9,3,0,7,,0,0,none
PAM-00987,marc_netadmin,Network Admin,fw-edge-01,Tunisia,36.8065,10.1815,HTTPS,2026-01-06 07:36:04,11.9,7,0,2,,0,0,none
PAM-01359,jean_dev,Developer,app-dev-01,Tunisia,36.8065,10.1815,SSH,2026-01-06 09:01:09,38.4,9,0,12,,0,0,none
PAM-01923,marc_netadmin,Network Admin,fw-edge-02,Tunisia,36.8065,10.1815,HTTPS,2026-01-06 09:23:16,26.3,9,0,4,,0,0,none
PAM-00595,marc_netadmin,Network Admin,switch-core-01,Tunisia,36.8065,10.1815,HTTPS,2026-01-06 09:35:23,18.5,9,0,2,,0,0,none
PAM-01620,marc_netadmin,Network Admin,fw-edge-02,Tunisia,36.8065,10.1815,HTTPS,2026-01-06 10:15:17,15.8,10,0,4,,0,0,none
PAM-01040,marc_netadmin,Network Admin,fw-edge-01,Tunisia,36.8065,10.1815,HTTPS,2026-01-06 10:16:30,67.9,10,0,17,,0,0,none
PAM-02020,jean_dev,Developer,git-prod,Tunisia,36.8065,10.1815,SSH,2026-01-06 10:30:24,43.0,10,0,14,,0,0,none
PAM-01662,sara_dba,DBA,prod-db-02,Tunisia,36.8065,10.1815,SSH,2026-01-06 11:16:30,40.5,11,0,5,,0,0,none
PAM-00795,jean_dev,Developer,app-dev-01,Tunisia,36.8065,10.1815,SSH,2026-01-06 11:36:02,30.9,11,0,9,,0,0,none
PAM-01289,jean_dev,Developer,app-dev-01,Tunisia,36.8065,10.1815,SSH,2026-01-06 11:37:05,15.9,11,0,8,,0,0,none
PAM-01275,jean_dev,Developer,app-dev-01,Tunisia,36.8065,10.1815,SSH,2026-01-06 12:49:14,24.8,12,0,4,,0,0,none
PAM-01037,sara_dba,DBA,backup-db,Tunisia,36.8065,10.1815,SSH,2026-01-06 15:10:01,8.5,15,0,3,,0,0,none
PAM-01079,sara_dba,DBA,prod-db-02,Tunisia,36.8065,10.1815,SSH,2026-01-06 18:12:43,12.6,18,0,1,,0,0,none
PAM-01763,sara_dba,DBA,prod-db-01,Tunisia,36.8065,10.1815,SSH,2026-01-06 18:14:47,25.7,18,0,7,,0,0,none
PAM-01262,crypto_bot,Service Account,backup-db,Tunisia,36.8065,10.1815,SSH,2026-01-07 02:28:08,19.1,2,0,3,,0,0,none
PAM-01708,crypto_bot,Service Account,backup-db,Tunisia,36.8065,10.1815,SSH,2026-01-07 02:42:31,8.2,2,0,1,,0,0,none
PAM-00733,crypto_bot,Service Account,backup-db,Tunisia,36.8065,10.1815,SSH,2026-01-07 02:47:16,15.7,2,0,6,,0,0,none
PAM-01954,marc_netadmin,Network Admin,fw-edge-02,Tunisia,36.8065,10.1815,HTTPS,2026-01-07 05:24:12,23.2,5,0,4,,0,0,none
PAM-01335,jean_dev,Developer,app-dev-01,Tunisia,36.8065,10.1815,SSH,2026-01-07 08:38:09,12.7,8,0,1,rm -rf,1,0,none
PAM-00086,jean_dev,Developer,git-prod,Tunisia,36.8065,10.1815,SSH,2026-01-07 08:52:16,30.3,8,0,6,,0,0,none
PAM-00100,jean_dev,Developer,app-dev-01,Tunisia,36.8065,10.1815,SSH,2026-01-07 09:33:28,27.3,9,0,3,shutdown -h now,1,0,none
PAM-00650,marc_netadmin,Network Admin,fw-edge-01,Tunisia,36.8065,10.1815,HTTPS,2026-01-07 09:40:25,32.9,9,0,9,,0,0,none
PAM-00323,marc_netadmin,Network Admin,fw-edge-01,Tunisia,36.8065,10.1815,HTTPS,2026-01-07 09:58:56,37.0,9,0,9,,0,0,none
PAM-01412,marc_netadmin,Network Admin,fw-edge-01,Tunisia,36.8065,10.1815,HTTPS,2026-01-07 11:03:02,6.1,11,0,1,,0,0,none
PAM-00103,marc_netadmin,Network Admin,fw-edge-02,Tunisia,36.8065,10.1815,HTTPS,2026-01-07 11:16:33,10.5,11,0,3,,0,0,none
PAM-00766,jean_dev,Developer,git-prod,Tunisia,36.8065,10.1815,SSH,2026-01-07 11:55:28,27.0,11,0,6,,0,0,none
PAM-01362,marc_netadmin,Network Admin,switch-core-01,Tunisia,36.8065,10.1815,HTTPS,2026-01-07 13:30:07,29.3,13,0,5,,0,0,none
PAM-00335,sara_dba,DBA,prod-db-01,Tunisia,36.8065,10.1815,SSH,2026-01-07 15:24:49,42.6,15,0,8,,0,0,none
PAM-00995,crypto_bot,Service Account,backup-db,Tunisia,36.8065,10.1815,SSH,2026-01-08 02:10:43,37.7,2,0,10,,0,0,none
PAM-00737,crypto_bot,Service Account,backup-db,Tunisia,36.8065,10.1815,SSH,2026-01-08 02:28:51,7.3,2,0,3,chmod 777,1,0,none
PAM-00429,crypto_bot,Service Account,backup-db,Tunisia,36.8065,10.1815,SSH,2026-01-08 02:50:55,6.2,2,0,2,,0,0,none
PAM-00211,crypto_bot,Service Account,backup-db,Tunisia,36.8065,10.1815,SSH,2026-01-08 02:52:31,69.5,2,0,28,rm -rf,1,0,none
PAM-01172,marc_netadmin,Network Admin,fw-edge-02,Tunisia,36.8065,10.1815,HTTPS,2026-01-08 07:44:33,36.0,7,0,14,,0,0,none
PAM-00162,jean_dev,Developer,app-dev-01,Tunisia,36.8065,10.1815,SSH,2026-01-08 08:01:42,53.4,8,0,16,,0,0,none
PAM-01680,marc_netadmin,Network Admin,app-staging,Tunisia,36.8065,10.1815,HTTPS,2026-01-08 08:38:07,21.7,8,0,3,,0,1,unusual_asset
PAM-00059,jean_dev,Developer,git-prod,Tunisia,36.8065,10.1815,SSH,2026-01-08 09:12:33,49.3,9,0,12,,0,0,none
PAM-01932,marc_netadmin,Network Admin,fw-edge-01,Tunisia,36.8065,10.1815,HTTPS,2026-01-08 09:23:44,16.3,9,0,1,,0,0,none
PAM-01501,marc_netadmin,Network Admin,fw-edge-01,Tunisia,36.8065,10.1815,HTTPS,2026-01-08 09:27:48,5.7,9,0,1,,0,0,none
PAM-00550,jean_dev,Developer,app-dev-01,Tunisia,36.8065,10.1815,SSH,2026-01-08 09:44:02,32.3,9,0,2,,0,0,none
PAM-01968,marc_netadmin,Network Admin,fw-edge-02,Tunisia,36.8065,10.1815,HTTPS,2026-01-08 10:05:38,17.3,10,0,5,,0,0,none
PAM-01720,marc_netadmin,Network Admin,fw-edge-02,Tunisia,36.8065,10.1815,HTTPS,2026-01-08 10:24:50,15.1,10,0,4,,0,0,none
PAM-00090,jean_dev,Developer,app-dev-01,Tunisia,36.8065,10.1815,SSH,2026-01-08 10:26:28,41.1,10,0,14,,0,0,none
PAM-00404,jean_dev,Developer,git-prod,Tunisia,36.8065,10.1815,SSH,2026-01-08 10:33:10,7.1,10,0,3,,0,0,none
PAM-01393,jean_dev,Developer,app-dev-01,Tunisia,36.8065,10.1815,SSH,2026-01-08 10:51:07,31.4,10,0,9,,0,0,none
PAM-01718,marc_netadmin,Network Admin,fw-edge-02,Tunisia,36.8065,10.1815,HTTPS,2026-01-08 11:13:37,27.0,11,0,6,,0,0,none
PAM-00852,marc_netadmin,Network Admin,fw-edge-02,Tunisia,36.8065,10.1815,HTTPS,2026-01-08 11:21:56,18.6,11,0,3,,0,0,none
PAM-01059,sara_dba,DBA,prod-db-01,Tunisia,36.8065,10.1815,SSH,2026-01-08 12:47:03,9.3,12,0,2,,0,0,none
PAM-00638,sara_dba,DBA,prod-db-01,Tunisia,36.8065,10.1815,SSH,2026-01-08 13:19:13,24.8,13,0,5,,0,0,none
PAM-00401,sara_dba,DBA,backup-db,Tunisia,36.8065,10.1815,SSH,2026-01-08 14:00:18,23.6,14,0,10,,0,0,none
PAM-00628,sara_dba,DBA,prod-db-01,Tunisia,36.8065,10.1815,SSH,2026-01-08 14:41:46,33.8,14,0,5,,0,0,none
PAM-00627,sara_dba,DBA,prod-db-01,Tunisia,36.8065,10.1815,SSH,2026-01-08 17:35:51,36.0,17,0,8,,0,0,none
PAM-00210,crypto_bot,Service Account,backup-db,Tunisia,36.8065,10.1815,SSH,2026-01-09 01:47:18,19.9,1,0,3,,0,0,none
PAM-00977,crypto_bot,Service Account,backup-db,Tunisia,36.8065,10.1815,SSH,2026-01-09 02:09:10,17.1,2,0,9,,0,0,none
PAM-00617,crypto_bot,Service Account,backup-db,Tunisia,36.8065,10.1815,SSH,2026-01-09 02:09:23,21.7,2,0,7,,0,0,none
PAM-00742,crypto_bot,Service Account,backup-db,Tunisia,36.8065,10.1815,SSH,2026-01-09 02:14:10,9.6,2,0,1,,0,0,none
PAM-00139,crypto_bot,Service Account,backup-db,Tunisia,36.8065,10.1815,SSH,2026-01-09 02:29:46,30.7,2,0,8,,0,0,none
PAM-00314,crypto_bot,Service Account,backup-db,Tunisia,36.8065,10.1815,SSH,2026-01-09 02:38:51,34.6,2,0,9,,0,0,none
PAM-01605,crypto_bot,Service Account,backup-db,Tunisia,36.8065,10.1815,SSH,2026-01-09 02:44:48,33.5,2,0,10,,0,0,none
PAM-02047,crypto_bot,Service Account,backup-db,Tunisia,36.8065,10.1815,SSH,2026-01-09 02:53:54,25.4,2,0,9,,0,0,none
PAM-00555,crypto_bot,Service Account,backup-db,Tunisia,36.8065,10.1815,SSH,2026-01-09 02:59:39,24.6,2,0,6,,0,0,none
PAM-00101,marc_netadmin,Network Admin,fw-edge-01,Tunisia,36.8065,10.1815,HTTPS,2026-01-09 07:15:33,12.0,7,0,3,,0,0,none
PAM-00112,marc_netadmin,Network Admin,fw-edge-01,Tunisia,36.8065,10.1815,HTTPS,2026-01-09 08:10:36,18.2,8,0,6,,0,0,none
PAM-00337,sara_dba,DBA,backup-db,Tunisia,36.8065,10.1815,SSH,2026-01-09 08:45:33,29.3,8,0,9,,0,0,none
PAM-00544,marc_netadmin,Network Admin,fw-edge-02,Tunisia,36.8065,10.1815,HTTPS,2026-01-09 08:47:53,31.7,8,0,11,,0,0,none
PAM-00551,jean_dev,Developer,app-dev-01,Tunisia,36.8065,10.1815,SSH,2026-01-09 09:09:19,9.7,9,0,2,,0,0,none
PAM-01658,jean_dev,Developer,app-dev-01,Tunisia,36.8065,10.1815,SSH,2026-01-09 10:05:33,30.7,10,0,5,,0,0,none
PAM-01048,jean_dev,Developer,app-dev-01,Tunisia,36.8065,10.1815,SSH,2026-01-09 10:22:23,4.6,10,0,1,,0,0,none
PAM-00264,jean_dev,Developer,app-dev-01,Tunisia,36.8065,10.1815,SSH,2026-01-09 11:38:44,31.8,11,0,11,,0,0,none
PAM-01023,sara_dba,DBA,prod-db-01,Tunisia,36.8065,10.1815,SSH,2026-01-09 12:25:51,18.9,12,0,5,,0,0,none
PAM-00260,sara_dba,DBA,backup-db,Tunisia,36.8065,10.1815,SSH,2026-01-09 12:45:16,22.2,12,0,7,,0,0,none
PAM-01058,sara_dba,DBA,prod-db-02,Russia,55.7558,37.6173,SSH,2026-01-09 14:52:43,52.1,14,0,11,,0,1,unusual_country
PAM-01978,sara_dba,DBA,prod-db-01,Tunisia,36.8065,10.1815,SSH,2026-01-09 20:16:02,11.1,20,0,1,,0,0,none
PAM-00030,crypto_bot,Service Account,backup-db,Tunisia,36.8065,10.1815,SSH,2026-01-10 01:01:00,47.9,1,1,9,,0,0,none
PAM-01353,crypto_bot,Service Account,backup-db,Tunisia,36.8065,10.1815,SSH,2026-01-10 02:45:38,42.3,2,1,13,,0,0,none
PAM-01874,crypto_bot,Service Account,backup-db,Tunisia,36.8065,10.1815,SSH,2026-01-10 02:50:59,16.0,2,1,4,,0,0,none
PAM-01224,crypto_bot,Service Account,backup-db,Tunisia,36.8065,10.1815,SSH,2026-01-10 02:57:31,34.9,2,1,5,,0,0,none
PAM-00482,crypto_bot,Service Account,backup-db,Tunisia,36.8065,10.1815,SSH,2026-01-10 03:40:08,19.2,3,1,3,,0,0,none
PAM-01841,marc_netadmin,Network Admin,fw-edge-01,Tunisia,36.8065,10.1815,HTTPS,2026-01-10 07:49:55,35.8,7,1,13,DELETE FROM users,1,1,sensitive_command
PAM-00930,crypto_bot,Service Account,backup-db,Tunisia,36.8065,10.1815,SSH,2026-01-11 01:06:34,8.8,1,1,3,,0,0,none
PAM-01911,crypto_bot,Service Account,backup-db,Tunisia,36.8065,10.1815,SSH,2026-01-11 01:15:09,57.5,1,1,14,,0,0,none
PAM-00612,crypto_bot,Service Account,backup-db,Tunisia,36.8065,10.1815,SSH,2026-01-11 02:00:06,35.4,2,1,13,,0,0,none
PAM-00953,crypto_bot,Service Account,backup-db,Tunisia,36.8065,10.1815,SSH,2026-01-11 02:55:19,18.5,2,1,7,TRUNCATE TABLE,1,0,none
PAM-00398,marc_netadmin,Network Admin,fw-edge-02,Tunisia,36.8065,10.1815,HTTPS,2026-01-12 04:50:03,17.6,4,0,4,,0,0,none
PAM-01899,marc_netadmin,Network Admin,fw-edge-01,Tunisia,36.8065,10.1815,HTTPS,2026-01-12 07:07:17,5.8,7,0,1,,0,0,none
PAM-01101,marc_netadmin,Network Admin,fw-edge-02,Tunisia,36.8065,10.1815,HTTPS,2026-01-12 08:04:41,11.2,8,0,1,,0,0,none
PAM-00634,marc_netadmin,Network Admin,fw-edge-01,Tunisia,36.8065,10.1815,HTTPS,2026-01-12 08:28:21,30.1,8,0,5,,0,0,none
PAM-00098,marc_netadmin,Network Admin,fw-edge-02,Tunisia,36.8065,10.1815,HTTPS,2026-01-12 08:32:43,11.3,8,0,6,,0,0,none
PAM-00701,sara_dba,DBA,backup-db,Tunisia,36.8065,10.1815,SSH,2026-01-12 09:01:02,17.4,9,0,4,,0,0,none
PAM-00660,jean_dev,Developer,app-dev-01,Tunisia,36.8065,10.1815,SSH,2026-01-12 10:33:37,21.4,10,0,12,,0,0,none
PAM-00280,jean_dev,Developer,app-dev-01,Tunisia,36.8065,10.1815,SSH,2026-01-12 11:09:46,70.8,11,0,16,,0,0,none
PAM-00070,sara_dba,DBA,prod-db-01,Tunisia,36.8065,10.1815,SSH,2026-01-12 11:56:49,7.5,11,0,1,,0,0,none
PAM-00752,sara_dba,DBA,backup-db,Tunisia,36.8065,10.1815,SSH,2026-01-12 13:40:24,32.3,13,0,10,,0,0,none
PAM-00784,sara_dba,DBA,backup-db,Tunisia,36.8065,10.1815,SSH,2026-01-12 13:41:59,17.8,13,0,3,,0,0,none
PAM-00281,sara_dba,DBA,prod-db-01,Tunisia,36.8065,10.1815,SSH,2026-01-12 14:23:58,51.7,14,0,9,,0,0,none
PAM-01016,sara_dba,DBA,backup-db,Tunisia,36.8065,10.1815,SSH,2026-01-12 15:49:09,19.5,15,0,3,,0,0,none
PAM-01798,crypto_bot,Service Account,backup-db,Tunisia,36.8065,10.1815,SSH,2026-01-13 01:46:07,9.6,1,0,3,,0,0,none
PAM-00027,crypto_bot,Service Account,backup-db,Tunisia,36.8065,10.1815,SSH,2026-01-13 01:57:56,13.5,1,0,3,,0,0,none
PAM-00859,crypto_bot,Service Account,backup-db,Tunisia,36.8065,10.1815,SSH,2026-01-13 02:16:49,23.9,2,0,4,,0,0,none
PAM-00085,crypto_bot,Service Account,backup-db,Tunisia,36.8065,10.1815,SSH,2026-01-13 02:17:39,31.5,2,0,8,,0,0,none
PAM-01442,crypto_bot,Service Account,backup-db,Tunisia,36.8065,10.1815,SSH,2026-01-13 03:53:23,16.9,3,0,5,,0,0,none
PAM-00016,marc_netadmin,Network Admin,fw-edge-01,Tunisia,36.8065,10.1815,HTTPS,2026-01-13 06:48:30,12.8,6,0,3,,0,0,none
PAM-01652,marc_netadmin,Network Admin,switch-core-01,Tunisia,36.8065,10.1815,HTTPS,2026-01-13 08:05:31,40.4,8,0,15,,0,0,none
PAM-01296,jean_dev,Developer,git-prod,Tunisia,36.8065,10.1815,SSH,2026-01-13 08:56:22,25.4,8,0,8,,0,0,none
PAM-00664,jean_dev,Developer,app-dev-01,Tunisia,36.8065,10.1815,SSH,2026-01-13 10:10:00,25.8,10,0,7,,0,0,none
PAM-01852,jean_dev,Developer,app-dev-01,Tunisia,36.8065,10.1815,SSH,2026-01-13 10:30:48,27.1,10,0,6,,0,0,none
PAM-00282,jean_dev,Developer,git-prod,Tunisia,36.8065,10.1815,SSH,2026-01-13 11:26:48,32.3,11,0,6,,0,0,none
PAM-00372,sara_dba,DBA,prod-db-01,Tunisia,36.8065,10.1815,SSH,2026-01-13 19:20:30,14.5,19,0,3,,0,0,none
PAM-01629,crypto_bot,Service Account,backup-db,Tunisia,36.8065,10.1815,SSH,2026-01-14 02:21:51,7.2,2,0,2,,0,0,none
PAM-00681,marc_netadmin,Network Admin,switch-core-01,Tunisia,36.8065,10.1815,HTTPS,2026-01-14 08:02:02,18.4,8,0,7,,0,0,none
PAM-01182,marc_netadmin,Network Admin,fw-edge-02,Tunisia,36.8065,10.1815,HTTPS,2026-01-14 08:30:17,14.0,8,0,2,,0,0,none
PAM-01938,jean_dev,Developer,app-dev-01,Tunisia,36.8065,10.1815,SSH,2026-01-14 09:32:19,9.2,9,0,3,,0,0,none
PAM-02042,marc_netadmin,Network Admin,fw-edge-01,Tunisia,36.8065,10.1815,HTTPS,2026-01-14 10:16:39,30.2,10,0,4,,0,0,none
PAM-00666,marc_netadmin,Network Admin,fw-edge-01,Tunisia,36.8065,10.1815,HTTPS,2026-01-14 10:30:27,46.2,10,0,9,,0,0,none
PAM-00626,jean_dev,Developer,app-dev-01,Tunisia,36.8065,10.1815,SSH,2026-01-14 11:31:52,43.7,11,0,15,,0,0,none
PAM-01151,marc_netadmin,Network Admin,switch-core-01,Tunisia,36.8065,10.1815,HTTPS,2026-01-14 13:40:37,33.5,13,0,5,,0,0,none
PAM-01439,sara_dba,DBA,prod-db-01,Tunisia,36.8065,10.1815,SSH,2026-01-14 16:28:44,16.3,16,0,2,,0,0,none
PAM-00014,crypto_bot,Service Account,backup-db,Tunisia,36.8065,10.1815,SSH,2026-01-15 02:24:25,5.0,2,0,1,DELETE FROM users,1,0,none
PAM-01516,marc_netadmin,Network Admin,switch-core-01,Tunisia,36.8065,10.1815,HTTPS,2026-01-15 07:55:31,14.0,7,0,2,,0,0,none
PAM-00815,jean_dev,Developer,git-prod,Tunisia,36.8065,10.1815,SSH,2026-01-15 08:02:24,33.4,8,0,11,,0,0,none
PAM-00864,marc_netadmin,Network Admin,switch-core-01,Tunisia,36.8065,10.1815,HTTPS,2026-01-15 09:20:30,12.4,9,0,5,,0,0,none
PAM-01102,jean_dev,Developer,app-dev-01,Tunisia,36.8065,10.1815,SSH,2026-01-15 09:57:29,9.3,9,0,1,,0,0,none
PAM-01561,jean_dev,Developer,app-dev-01,Tunisia,36.8065,10.1815,SSH,2026-01-15 11:17:47,22.8,11,0,5,,0,0,none
PAM-01006,marc_netadmin,Network Admin,switch-core-01,Tunisia,36.8065,10.1815,HTTPS,2026-01-15 11:31:20,34.5,11,0,7,,0,0,none
PAM-01611,sara_dba,DBA,prod-db-01,Tunisia,36.8065,10.1815,SSH,2026-01-15 11:31:49,9.1,11,0,1,,0,0,none
PAM-00740,sara_dba,DBA,prod-db-01,Tunisia,36.8065,10.1815,SSH,2026-01-15 12:45:11,36.1,12,0,13,,0,0,none
PAM-00957,jean_dev,Developer,git-prod,Tunisia,36.8065,10.1815,SSH,2026-01-15 13:09:47,36.8,13,0,6,,0,0,none
PAM-01390,sara_dba,DBA,prod-db-01,Tunisia,36.8065,10.1815,SSH,2026-01-15 15:28:15,35.5,15,0,10,,0,0,none
PAM-00102,sara_dba,DBA,prod-db-01,Tunisia,36.8065,10.1815,SSH,2026-01-15 16:24:13,13.4,16,0,4,,0,0,none
PAM-00074,crypto_bot,Service Account,backup-db,Tunisia,36.8065,10.1815,SSH,2026-01-16 01:36:18,22.6,1,0,4,,0,0,none
PAM-01619,crypto_bot,Service Account,backup-db,Tunisia,36.8065,10.1815,SSH,2026-01-16 02:05:44,12.6,2,0,1,,0,0,none
PAM-00430,crypto_bot,Service Account,backup-db,Tunisia,36.8065,10.1815,SSH,2026-01-16 02:54:31,38.7,2,0,8,,0,0,none
PAM-00246,marc_netadmin,Network Admin,fw-edge-02,Tunisia,36.8065,10.1815,HTTPS,2026-01-16 05:52:42,3.4,5,0,1,,0,0,none
PAM-01877,marc_netadmin,Network Admin,fw-edge-01,Tunisia,36.8065,10.1815,HTTPS,2026-01-16 06:35:42,143.1,6,0,33,,0,0,none
PAM-00193,marc_netadmin,Network Admin,fw-edge-01,Tunisia,36.8065,10.1815,HTTPS,2026-01-16 06:44:10,7.5,6,0,2,,0,0,none
PAM-00468,marc_netadmin,Network Admin,fw-edge-01,Tunisia,36.8065,10.1815,HTTPS,2026-01-16 09:37:12,9.1,9,0,2,,0,0,none
PAM-00867,marc_netadmin,Network Admin,fw-edge-02,Tunisia,36.8065,10.1815,HTTPS,2026-01-16 10:12:06,34.7,10,0,11,,0,0,none
PAM-01830,jean_dev,Developer,app-dev-01,Tunisia,36.8065,10.1815,SSH,2026-01-16 10:15:30,44.4,10,0,5,,0,0,none
PAM-00136,marc_netadmin,Network Admin,switch-core-01,Tunisia,36.8065,10.1815,HTTPS,2026-01-16 11:08:58,22.8,11,0,5,DROP TABLE,1,0,none
PAM-01891,marc_netadmin,Network Admin,fw-edge-01,Tunisia,36.8065,10.1815,HTTPS,2026-01-16 11:45:37,13.0,11,0,2,,0,0,none
PAM-00661,jean_dev,Developer,app-dev-01,Tunisia,36.8065,10.1815,SSH,2026-01-16 11:55:03,37.1,11,0,11,,0,0,none
PAM-00929,jean_dev,Developer,app-dev-01,Tunisia,36.8065,10.1815,SSH,2026-01-16 11:57:10,9.1,11,0,1,,0,0,none
PAM-01304,jean_dev,Developer,app-dev-01,Tunisia,36.8065,10.1815,SSH,2026-01-16 12:38:44,37.4,12,0,6,,0,0,none
PAM-01478,marc_netadmin,Network Admin,fw-edge-01,Tunisia,36.8065,10.1815,HTTPS,2026-01-16 13:33:07,60.4,13,0,9,,0,0,none
PAM-01470,sara_dba,DBA,prod-db-01,Tunisia,36.8065,10.1815,SSH,2026-01-16 15:55:41,30.0,15,0,6,,0,0,none
PAM-00602,crypto_bot,Service Account,backup-db,Tunisia,36.8065,10.1815,SSH,2026-01-17 02:18:44,62.8,2,1,14,,0,0,none
PAM-00416,crypto_bot,Service Account,backup-db,Tunisia,36.8065,10.1815,SSH,2026-01-17 02:31:02,14.4,2,1,7,,0,0,none
PAM-00131,crypto_bot,Service Account,backup-db,Tunisia,36.8065,10.1815,SSH,2026-01-17 02:34:33,57.4,2,1,19,,0,0,none
PAM-01853,crypto_bot,Service Account,backup-db,Tunisia,36.8065,10.1815,SSH,2026-01-18 02:04:38,14.3,2,1,5,,0,0,none
PAM-00912,crypto_bot,Service Account,backup-db,Tunisia,36.8065,10.1815,SSH,2026-01-18 02:21:44,10.7,2,1,4,,0,0,none
PAM-01867,crypto_bot,Service Account,backup-db,Tunisia,36.8065,10.1815,SSH,2026-01-18 02:53:06,11.8,2,1,1,,0,0,none
PAM-01109,crypto_bot,Service Account,backup-db,Tunisia,36.8065,10.1815,SSH,2026-01-18 03:51:02,50.7,3,1,14,,0,0,none
PAM-00806,crypto_bot,Service Account,backup-db,Tunisia,36.8065,10.1815,SSH,2026-01-19 02:10:16,16.9,2,0,3,,0,0,none
PAM-00976,crypto_bot,Service Account,backup-db,Tunisia,36.8065,10.1815,SSH,2026-01-19 02:18:31,28.4,2,0,8,,0,0,none
PAM-01193,crypto_bot,Service Account,backup-db,Tunisia,36.8065,10.1815,SSH,2026-01-19 02:28:41,41.7,2,0,10,,0,0,none
PAM-01560,crypto_bot,Service Account,backup-db,Tunisia,36.8065,10.1815,SSH,2026-01-19 05:55:45,21.3,5,0,6,,0,1,unusual_hour
PAM-01541,marc_netadmin,Network Admin,switch-core-01,Tunisia,36.8065,10.1815,HTTPS,2026-01-19 06:05:32,13.5,6,0,2,,0,0,none
PAM-01685,marc_netadmin,Network Admin,fw-edge-02,Tunisia,36.8065,10.1815,HTTPS,2026-01-19 09:03:03,24.4,9,0,6,,0,0,none
PAM-00105,jean_dev,Developer,app-dev-01,Tunisia,36.8065,10.1815,SSH,2026-01-19 09:13:29,21.5,9,0,6,,0,0,none
PAM-00880,jean_dev,Developer,app-dev-01,Tunisia,36.8065,10.1815,SSH,2026-01-19 09:23:55,12.4,9,0,5,,0,0,none
PAM-01156,jean_dev,Developer,app-dev-01,Tunisia,36.8065,10.1815,SSH,2026-01-19 11:37:37,46.4,11,0,18,,0,0,none
PAM-00894,marc_netadmin,Network Admin,switch-core-01,Tunisia,36.8065,10.1815,HTTPS,2026-01-19 11:40:16,17.4,11,0,4,,0,0,none
PAM-00292,jean_dev,Developer,app-dev-01,Tunisia,36.8065,10.1815,SSH,2026-01-19 12:25:04,72.0,12,0,21,,0,0,none
PAM-01599,sara_dba,DBA,prod-db-01,Tunisia,36.8065,10.1815,SSH,2026-01-19 14:42:54,47.5,14,0,9,,0,0,none
PAM-02043,sara_dba,DBA,prod-db-01,Tunisia,36.8065,10.1815,SSH,2026-01-19 15:06:08,16.9,15,0,5,,0,0,none
PAM-00324,sara_dba,DBA,backup-db,Tunisia,36.8065,10.1815,SSH,2026-01-19 16:15:43,32.6,16,0,2,,0,0,none
PAM-00573,crypto_bot,Service Account,backup-db,Tunisia,36.8065,10.1815,SSH,2026-01-20 02:20:39,6.5,2,0,2,,0,0,none
PAM-00861,crypto_bot,Service Account,backup-db,Tunisia,36.8065,10.1815,SSH,2026-01-20 02:25:52,16.0,2,0,4,,0,0,none
PAM-00116,crypto_bot,Service Account,backup-db,Tunisia,36.8065,10.1815,SSH,2026-01-20 02:32:25,81.6,2,0,15,,0,0,none
PAM-00757,crypto_bot,Service Account,switch-core-01,Tunisia,36.8065,10.1815,SSH,2026-01-20 02:41:04,40.4,2,0,8,,0,1,unusual_asset
PAM-00677,marc_netadmin,Network Admin,switch-core-01,Tunisia,36.8065,10.1815,HTTPS,2026-01-20 08:13:35,3.7,8,0,1,,0,0,none
PAM-00979,marc_netadmin,Network Admin,fw-edge-01,Tunisia,36.8065,10.1815,HTTPS,2026-01-20 09:05:31,13.6,9,0,1,,0,0,none
PAM-00833,marc_netadmin,Network Admin,fw-edge-01,Tunisia,36.8065,10.1815,HTTPS,2026-01-20 09:10:16,13.9,9,0,3,,0,0,none
PAM-00847,marc_netadmin,Network Admin,switch-core-01,Tunisia,36.8065,10.1815,HTTPS,2026-01-20 10:01:30,40.5,10,0,8,,0,0,none
PAM-01521,jean_dev,Developer,app-dev-01,Tunisia,36.8065,10.1815,SSH,2026-01-20 11:27:05,41.6,11,0,13,,0,0,none
PAM-00630,jean_dev,Developer,app-staging,Tunisia,36.8065,10.1815,SSH,2026-01-20 12:15:46,19.3,12,0,6,,0,0,none
PAM-01111,jean_dev,Developer,git-prod,Tunisia,36.8065,10.1815,SSH,2026-01-20 13:19:56,23.4,13,0,6,,0,0,none
PAM-02060,sara_dba,DBA,prod-db-01,Tunisia,36.8065,10.1815,SSH,2026-01-20 13:33:36,19.3,13,0,6,,0,0,none
PAM-00084,sara_dba,DBA,prod-db-01,Tunisia,36.8065,10.1815,SSH,2026-01-20 15:04:21,24.4,15,0,5,,0,0,none
PAM-00553,sara_dba,DBA,prod-db-01,Tunisia,36.8065,10.1815,SSH,2026-01-20 17:15:01,15.2,17,0,5,,0,0,none
PAM-01360,crypto_bot,Service Account,backup-db,Tunisia,36.8065,10.1815,SSH,2026-01-21 02:23:00,68.2,2,0,20,,0,0,none
PAM-00278,crypto_bot,Service Account,backup-db,Tunisia,36.8065,10.1815,SSH,2026-01-21 02:31:19,14.0,2,0,2,,0,0,none
PAM-00978,crypto_bot,Service Account,backup-db,Tunisia,36.8065,10.1815,SSH,2026-01-21 02:41:52,15.7,2,0,1,,0,0,none
PAM-01545,crypto_bot,Service Account,backup-db,Tunisia,36.8065,10.1815,SSH,2026-01-21 02:50:26,15.7,2,0,4,,0,0,none
PAM-01051,marc_netadmin,Network Admin,fw-edge-02,Tunisia,36.8065,10.1815,HTTPS,2026-01-21 06:18:58,40.1,6,0,10,,0,0,none
PAM-01536,jean_dev,Developer,app-staging,Tunisia,36.8065,10.1815,SSH,2026-01-21 07:20:25,14.9,7,0,4,,0,0,none
PAM-01824,marc_netadmin,Network Admin,fw-edge-01,Tunisia,36.8065,10.1815,HTTPS,2026-01-21 07:36:25,27.2,7,0,2,,0,0,none
PAM-01878,marc_netadmin,Network Admin,fw-edge-01,Tunisia,36.8065,10.1815,HTTPS,2026-01-21 09:11:55,52.2,9,0,10,,0,0,none
PAM-01238,jean_dev,Developer,app-dev-01,Tunisia,36.8065,10.1815,SSH,2026-01-21 09:20:50,27.1,9,0,6,,0,0,none
PAM-01972,jean_dev,Developer,app-dev-01,Tunisia,36.8065,10.1815,SSH,2026-01-21 10:07:12,6.9,10,0,3,,0,0,none
PAM-01740,marc_netadmin,Network Admin,fw-edge-01,Tunisia,36.8065,10.1815,HTTPS,2026-01-21 11:48:27,29.5,11,0,4,,0,0,none
PAM-00955,jean_dev,Developer,app-dev-01,Tunisia,36.8065,10.1815,SSH,2026-01-21 12:02:25,9.9,12,0,4,,0,0,none
PAM-01384,sara_dba,DBA,prod-db-01,Tunisia,36.8065,10.1815,SSH,2026-01-21 12:04:58,11.1,12,0,4,,0,0,none
PAM-02027,jean_dev,Developer,git-prod,Tunisia,36.8065,10.1815,SSH,2026-01-21 12:49:50,14.5,12,0,3,,0,0,none
PAM-00266,jean_dev,Developer,app-dev-01,Tunisia,36.8065,10.1815,SSH,2026-01-21 13:30:28,23.8,13,0,5,,0,0,none
PAM-00884,sara_dba,DBA,prod-db-01,Tunisia,36.8065,10.1815,SSH,2026-01-21 14:28:23,28.3,14,0,16,,0,0,none
PAM-01721,sara_dba,DBA,prod-db-02,Tunisia,36.8065,10.1815,SSH,2026-01-21 15:28:30,8.1,15,0,1,,0,0,none
PAM-00584,sara_dba,DBA,backup-db,Tunisia,36.8065,10.1815,SSH,2026-01-21 15:55:02,14.2,15,0,4,,0,0,none
PAM-01547,crypto_bot,Service Account,backup-db,Tunisia,36.8065,10.1815,SSH,2026-01-22 02:06:33,67.5,2,0,23,,0,0,none
PAM-01148,crypto_bot,Service Account,backup-db,Tunisia,36.8065,10.1815,SSH,2026-01-22 02:49:34,23.2,2,0,6,,0,0,none
PAM-01559,marc_netadmin,Network Admin,fw-edge-01,Tunisia,36.8065,10.1815,HTTPS,2026-01-22 09:21:42,61.2,9,0,17,,0,0,none
PAM-01572,jean_dev,Developer,git-prod,Tunisia,36.8065,10.1815,SSH,2026-01-22 09:39:18,24.6,9,0,6,,0,0,none
PAM-00241,jean_dev,Developer,app-dev-01,Tunisia,36.8065,10.1815,SSH,2026-01-22 09:40:54,16.0,9,0,5,,0,0,none
PAM-01732,marc_netadmin,Network Admin,fw-edge-01,Tunisia,36.8065,10.1815,HTTPS,2026-01-22 10:23:48,36.8,10,0,10,,0,0,none
PAM-02003,jean_dev,Developer,app-dev-01,Tunisia,36.8065,10.1815,SSH,2026-01-22 11:44:06,22.5,11,0,9,,0,0,none
PAM-00396,jean_dev,Developer,app-staging,Tunisia,36.8065,10.1815,SSH,2026-01-22 11:54:33,26.3,11,0,3,,0,0,none
PAM-00192,crypto_bot,Service Account,backup-db,Tunisia,36.8065,10.1815,SSH,2026-01-23 01:02:27,16.0,1,0,6,,0,0,none
PAM-00043,crypto_bot,Service Account,backup-db,Tunisia,36.8065,10.1815,SSH,2026-01-23 02:12:44,50.9,2,0,17,,0,0,none
PAM-00069,crypto_bot,Service Account,backup-db,Tunisia,36.8065,10.1815,SSH,2026-01-23 02:22:15,10.1,2,0,1,,0,0,none
PAM-01386,marc_netadmin,Network Admin,switch-core-01,Tunisia,36.8065,10.1815,HTTPS,2026-01-23 07:15:51,23.1,7,0,4,,0,0,none
PAM-00934,marc_netadmin,Network Admin,fw-edge-01,Tunisia,36.8065,10.1815,HTTPS,2026-01-23 07:30:04,26.5,7,0,5,,0,0,none
PAM-01340,marc_netadmin,Network Admin,switch-core-01,Tunisia,36.8065,10.1815,HTTPS,2026-01-23 07:39:01,16.7,7,0,5,,0,0,none
PAM-00199,marc_netadmin,Network Admin,switch-core-01,Tunisia,36.8065,10.1815,HTTPS,2026-01-23 08:40:10,22.9,8,0,3,,0,0,none
PAM-01667,jean_dev,Developer,git-prod,Tunisia,36.8065,10.1815,SSH,2026-01-23 09:03:44,9.7,9,0,2,,0,0,none
PAM-00739,marc_netadmin,Network Admin,fw-edge-01,Tunisia,36.8065,10.1815,HTTPS,2026-01-23 10:30:41,4.9,10,0,1,,0,0,none
PAM-00933,jean_dev,Developer,app-dev-01,Tunisia,36.8065,10.1815,SSH,2026-01-23 10:41:36,21.2,10,0,3,,0,0,none
PAM-00352,marc_netadmin,Network Admin,fw-edge-02,Tunisia,36.8065,10.1815,HTTPS,2026-01-23 10:47:31,14.9,10,0,1,,0,0,none
PAM-01870,marc_netadmin,Network Admin,fw-edge-01,Tunisia,36.8065,10.1815,HTTPS,2026-01-23 10:56:33,64.4,10,0,19,,0,0,none
PAM-01347,jean_dev,Developer,app-dev-01,Tunisia,36.8065,10.1815,SSH,2026-01-23 12:00:29,11.3,12,0,1,,0,0,none
PAM-01108,marc_netadmin,Network Admin,fw-edge-01,Tunisia,36.8065,10.1815,HTTPS,2026-01-23 12:11:09,12.7,12,0,6,,0,0,none
PAM-00572,sara_dba,DBA,prod-db-01,Tunisia,36.8065,10.1815,SSH,2026-01-23 12:42:27,11.1,12,0,4,,0,0,none
PAM-01626,sara_dba,DBA,backup-db,Tunisia,36.8065,10.1815,SSH,2026-01-23 14:00:17,15.8,14,0,5,,0,0,none
PAM-00800,sara_dba,DBA,prod-db-01,Tunisia,36.8065,10.1815,SSH,2026-01-23 14:38:50,30.8,14,0,7,DELETE FROM users,1,1,sensitive_command
PAM-00408,sara_dba,DBA,prod-db-01,Tunisia,36.8065,10.1815,SSH,2026-01-23 14:43:39,31.3,14,0,6,,0,0,none
PAM-00403,sara_dba,DBA,prod-db-01,Tunisia,36.8065,10.1815,SSH,2026-01-23 15:02:36,41.5,15,0,5,,0,0,none
PAM-00618,sara_dba,DBA,prod-db-02,Tunisia,36.8065,10.1815,SSH,2026-01-23 16:54:47,42.6,16,0,14,,0,0,none
PAM-00813,sara_dba,DBA,prod-db-01,Tunisia,36.8065,10.1815,SSH,2026-01-23 18:32:58,18.9,18,0,7,,0,0,none
PAM-00015,sara_dba,DBA,prod-db-01,Tunisia,36.8065,10.1815,SSH,2026-01-23 18:38:46,26.7,18,0,9,,0,0,none
PAM-00355,crypto_bot,Service Account,backup-db,Tunisia,36.8065,10.1815,SSH,2026-01-24 01:09:03,21.0,1,1,6,,0,0,none
PAM-01187,crypto_bot,Service Account,backup-db,Tunisia,36.8065,10.1815,SSH,2026-01-24 02:05:58,10.5,2,1,1,,0,0,none
PAM-01242,crypto_bot,Service Account,backup-db,Tunisia,36.8065,10.1815,SSH,2026-01-24 02:13:50,31.6,2,1,15,,0,0,none
PAM-00038,crypto_bot,Service Account,backup-db,Tunisia,36.8065,10.1815,SSH,2026-01-24 02:24:03,32.5,2,1,7,,0,0,none
PAM-02024,crypto_bot,Service Account,backup-db,Tunisia,36.8065,10.1815,SSH,2026-01-24 02:27:09,19.4,2,1,4,,0,0,none
PAM-01725,crypto_bot,Service Account,backup-db,Tunisia,36.8065,10.1815,SSH,2026-01-24 02:33:33,16.6,2,1,5,,0,0,none
PAM-00123,crypto_bot,Service Account,backup-db,Tunisia,36.8065,10.1815,SSH,2026-01-24 03:22:21,12.4,3,1,2,,0,1,unusual_hour
PAM-01466,crypto_bot,Service Account,backup-db,Tunisia,36.8065,10.1815,SSH,2026-01-25 02:54:54,15.3,2,1,2,,0,0,none
PAM-01355,crypto_bot,Service Account,backup-db,Tunisia,36.8065,10.1815,SSH,2026-01-26 02:01:04,27.7,2,0,6,,0,0,none
PAM-01913,crypto_bot,Service Account,backup-db,Tunisia,36.8065,10.1815,SSH,2026-01-26 02:22:12,11.3,2,0,5,,0,0,none
PAM-00451,crypto_bot,Service Account,backup-db,Tunisia,36.8065,10.1815,SSH,2026-01-26 02:34:55,33.0,2,0,9,,0,0,none
PAM-01859,crypto_bot,Service Account,backup-db,Tunisia,36.8065,10.1815,SSH,2026-01-26 02:46:37,40.9,2,0,10,,0,0,none
PAM-01844,crypto_bot,Service Account,backup-db,Tunisia,36.8065,10.1815,SSH,2026-01-26 02:56:53,41.5,2,0,11,,0,0,none
PAM-00748,marc_netadmin,Network Admin,fw-edge-01,Tunisia,36.8065,10.1815,HTTPS,2026-01-26 07:38:13,52.7,7,0,15,,0,0,none
PAM-01927,marc_netadmin,Network Admin,fw-edge-01,Tunisia,36.8065,10.1815,HTTPS,2026-01-26 09:08:58,18.0,9,0,3,,0,0,none
PAM-00625,marc_netadmin,Network Admin,fw-edge-01,Tunisia,36.8065,10.1815,HTTPS,2026-01-26 09:43:22,22.3,9,0,3,,0,0,none
PAM-01696,jean_dev,Developer,app-dev-01,Tunisia,36.8065,10.1815,SSH,2026-01-26 10:04:55,10.9,10,0,4,,0,0,none
PAM-01915,jean_dev,Developer,app-dev-01,Tunisia,36.8065,10.1815,SSH,2026-01-26 10:34:22,13.1,10,0,1,,0,0,none
PAM-01291,jean_dev,Developer,app-dev-01,Tunisia,36.8065,10.1815,SSH,2026-01-26 11:12:42,34.3,11,0,9,,0,0,none
PAM-01433,jean_dev,Developer,git-prod,Tunisia,36.8065,10.1815,SSH,2026-01-26 12:08:55,21.2,12,0,5,,0,0,none
PAM-01612,marc_netadmin,Network Admin,fw-edge-01,Tunisia,36.8065,10.1815,HTTPS,2026-01-26 12:29:46,27.1,12,0,8,,0,0,none
PAM-00082,jean_dev,Developer,git-prod,Tunisia,36.8065,10.1815,SSH,2026-01-26 12:58:14,9.7,12,0,3,,0,0,none
PAM-00298,sara_dba,DBA,prod-db-01,Tunisia,36.8065,10.1815,SSH,2026-01-26 15:19:33,22.1,15,0,8,,0,0,none
PAM-00614,sara_dba,DBA,prod-db-01,Tunisia,36.8065,10.1815,SSH,2026-01-26 17:13:26,29.7,17,0,5,,0,0,none
PAM-00189,sara_dba,DBA,prod-db-01,Tunisia,36.8065,10.1815,SSH,2026-01-26 17:27:46,18.0,17,0,7,,0,0,none
PAM-00980,crypto_bot,Service Account,backup-db,Tunisia,36.8065,10.1815,SSH,2026-01-27 02:19:25,14.4,2,0,7,TRUNCATE TABLE,1,0,none
PAM-00524,marc_netadmin,Network Admin,switch-core-01,Tunisia,36.8065,10.1815,HTTPS,2026-01-27 09:15:22,29.7,9,0,5,,0,0,none
PAM-01321,jean_dev,Developer,git-prod,Tunisia,36.8065,10.1815,SSH,2026-01-27 11:50:43,32.7,11,0,6,,0,0,none
PAM-01636,sara_dba,DBA,prod-db-01,Tunisia,36.8065,10.1815,SSH,2026-01-27 17:02:55,15.9,17,0,3,,0,0,none
PAM-01222,sara_dba,DBA,prod-db-02,Tunisia,36.8065,10.1815,SSH,2026-01-27 17:17:45,11.4,17,0,5,,0,0,none
PAM-00541,crypto_bot,Service Account,backup-db,Tunisia,36.8065,10.1815,SSH,2026-01-28 02:03:47,16.9,2,0,6,,0,0,none
PAM-01615,crypto_bot,Service Account,backup-db,Tunisia,36.8065,10.1815,SSH,2026-01-28 02:04:49,26.8,2,0,9,,0,0,none
PAM-01631,jean_dev,Developer,app-dev-01,Tunisia,36.8065,10.1815,SSH,2026-01-28 08:16:54,14.8,8,0,1,,0,0,none
PAM-00689,marc_netadmin,Network Admin,switch-core-01,Tunisia,36.8065,10.1815,HTTPS,2026-01-28 10:01:48,15.4,10,0,1,,0,0,none
PAM-01519,sara_dba,DBA,prod-db-01,Tunisia,36.8065,10.1815,SSH,2026-01-28 10:03:05,18.7,10,0,7,,0,0,none
PAM-01788,jean_dev,Developer,app-dev-01,Tunisia,36.8065,10.1815,SSH,2026-01-28 10:44:33,12.7,10,0,2,,0,0,none
PAM-00128,jean_dev,Developer,app-dev-01,Tunisia,36.8065,10.1815,SSH,2026-01-28 12:03:54,14.7,12,0,1,,0,0,none
PAM-00067,marc_netadmin,Network Admin,switch-core-01,Tunisia,36.8065,10.1815,HTTPS,2026-01-28 12:18:46,18.1,12,0,3,,0,0,none
PAM-02037,sara_dba,DBA,prod-db-01,Tunisia,36.8065,10.1815,SSH,2026-01-28 12:32:05,32.3,12,0,14,,0,0,none
PAM-01638,jean_dev,Developer,app-dev-01,Tunisia,36.8065,10.1815,SSH,2026-01-28 15:15:14,56.9,15,0,15,,0,0,none
PAM-00931,sara_dba,DBA,prod-db-01,Tunisia,36.8065,10.1815,SSH,2026-01-28 17:37:19,9.8,17,0,2,,0,0,none
PAM-01104,crypto_bot,Service Account,backup-db,Tunisia,36.8065,10.1815,SSH,2026-01-29 02:07:48,50.8,2,0,21,,0,0,none
PAM-01149,crypto_bot,Service Account,backup-db,Tunisia,36.8065,10.1815,SSH,2026-01-29 02:14:58,42.0,2,0,14,,0,0,none
PAM-01996,crypto_bot,Service Account,backup-db,Tunisia,36.8065,10.1815,SSH,2026-01-29 03:51:38,27.0,3,0,8,,0,0,none
PAM-01257,marc_netadmin,Network Admin,fw-edge-01,Tunisia,36.8065,10.1815,HTTPS,2026-01-29 08:20:58,25.7,8,0,5,,0,0,none
PAM-01939,marc_netadmin,Network Admin,switch-core-01,Tunisia,36.8065,10.1815,HTTPS,2026-01-29 08:36:19,4.3,8,0,1,,0,0,none
PAM-00325,jean_dev,Developer,app-dev-01,Tunisia,36.8065,10.1815,SSH,2026-01-29 09:56:00,27.2,9,0,7,,0,0,none
PAM-01122,marc_netadmin,Network Admin,fw-edge-01,Tunisia,36.8065,10.1815,HTTPS,2026-01-29 10:01:03,51.3,10,0,12,,0,0,none
PAM-01251,jean_dev,Developer,git-prod,Tunisia,36.8065,10.1815,SSH,2026-01-29 11:02:42,11.6,11,0,3,,0,0,none
PAM-00475,sara_dba,DBA,prod-db-01,Tunisia,36.8065,10.1815,SSH,2026-01-29 13:38:47,41.2,13,0,12,,0,0,none
PAM-01969,sara_dba,DBA,prod-db-01,Tunisia,36.8065,10.1815,SSH,2026-01-29 14:59:07,12.0,14,0,3,,0,0,none
PAM-00549,crypto_bot,Service Account,backup-db,Tunisia,36.8065,10.1815,SSH,2026-01-30 01:01:09,37.7,1,0,17,,0,0,none
PAM-01558,crypto_bot,Service Account,backup-db,Tunisia,36.8065,10.1815,SSH,2026-01-30 02:15:03,32.7,2,0,15,,0,0,none
PAM-01070,crypto_bot,Service Account,backup-db,Tunisia,36.8065,10.1815,SSH,2026-01-30 02:50:19,22.5,2,0,5,,0,0,none
PAM-01383,crypto_bot,Service Account,backup-db,Tunisia,36.8065,10.1815,SSH,2026-01-30 02:51:40,9.7,2,0,2,,0,0,none
PAM-00695,crypto_bot,Service Account,backup-db,Tunisia,36.8065,10.1815,SSH,2026-01-30 02:59:23,14.1,2,0,3,,0,0,none
PAM-00534,jean_dev,Developer,app-dev-01,Tunisia,36.8065,10.1815,SSH,2026-01-30 06:12:06,16.4,6,0,4,,0,1,unusual_hour
PAM-00792,marc_netadmin,Network Admin,fw-edge-01,Tunisia,36.8065,10.1815,HTTPS,2026-01-30 06:35:55,22.2,6,0,4,,0,0,none
PAM-01787,marc_netadmin,Network Admin,switch-core-01,Tunisia,36.8065,10.1815,HTTPS,2026-01-30 08:04:20,32.2,8,0,8,,0,0,none
PAM-00358,marc_netadmin,Network Admin,fw-edge-02,Tunisia,36.8065,10.1815,HTTPS,2026-01-30 08:18:46,7.9,8,0,1,,0,0,none
PAM-00252,jean_dev,Developer,app-dev-01,Tunisia,36.8065,10.1815,SSH,2026-01-30 09:20:17,33.1,9,0,5,,0,0,none
PAM-00286,jean_dev,Developer,app-dev-01,Tunisia,36.8065,10.1815,SSH,2026-01-30 09:56:49,5.7,9,0,2,,0,0,none
PAM-00363,jean_dev,Developer,app-dev-01,Tunisia,36.8065,10.1815,SSH,2026-01-30 10:23:00,14.8,10,0,8,,0,0,none
PAM-00351,marc_netadmin,Network Admin,fw-edge-01,Tunisia,36.8065,10.1815,HTTPS,2026-01-30 10:46:01,16.3,10,0,4,,0,0,none
PAM-01660,jean_dev,Developer,git-prod,Tunisia,36.8065,10.1815,SSH,2026-01-30 11:36:14,11.4,11,0,1,,0,0,none
PAM-01128,jean_dev,Developer,git-prod,Tunisia,36.8065,10.1815,SSH,2026-01-30 12:06:55,15.6,12,0,6,,0,0,none
PAM-02079,sara_dba,DBA,prod-db-01,Tunisia,36.8065,10.1815,SSH,2026-01-30 13:12:04,48.6,13,0,11,,0,0,none
PAM-00520,jean_dev,Developer,app-dev-01,Tunisia,36.8065,10.1815,SSH,2026-01-30 13:13:18,14.0,13,0,7,,0,0,none
PAM-00486,sara_dba,DBA,backup-db,Tunisia,36.8065,10.1815,SSH,2026-01-30 14:23:51,7.8,14,0,2,,0,0,none
PAM-00653,sara_dba,DBA,prod-db-01,Tunisia,36.8065,10.1815,SSH,2026-01-30 15:03:31,9.4,15,0,5,,0,0,none
PAM-01554,crypto_bot,Service Account,backup-db,Tunisia,36.8065,10.1815,SSH,2026-01-31 01:01:31,12.8,1,1,1,rm -rf,1,1,sensitive_command
PAM-00993,crypto_bot,Service Account,backup-db,Tunisia,36.8065,10.1815,SSH,2026-01-31 01:39:16,41.4,1,1,6,,0,0,none
PAM-01207,crypto_bot,Service Account,backup-db,Tunisia,36.8065,10.1815,SSH,2026-01-31 01:51:49,16.0,1,1,5,,0,0,none
PAM-00943,crypto_bot,Service Account,backup-db,Tunisia,36.8065,10.1815,SSH,2026-01-31 02:19:46,56.8,2,1,12,,0,0,none
PAM-00079,crypto_bot,Service Account,backup-db,Tunisia,36.8065,10.1815,SSH,2026-01-31 02:28:09,35.9,2,1,10,,0,0,none
PAM-01437,crypto_bot,Service Account,backup-db,Tunisia,36.8065,10.1815,SSH,2026-01-31 02:45:58,30.5,2,1,10,,0,0,none
PAM-01280,crypto_bot,Service Account,backup-db,Tunisia,36.8065,10.1815,SSH,2026-02-01 01:15:46,11.5,1,1,4,TRUNCATE TABLE,1,1,sensitive_command
PAM-01174,crypto_bot,Service Account,backup-db,Tunisia,36.8065,10.1815,SSH,2026-02-01 02:18:11,13.5,2,1,2,,0,0,none
PAM-00941,crypto_bot,Service Account,backup-db,Tunisia,36.8065,10.1815,SSH,2026-02-01 02:33:27,27.6,2,1,9,,0,0,none
PAM-01152,jean_dev,Developer,app-dev-01,Tunisia,36.8065,10.1815,SSH,2026-02-01 11:48:16,10.2,11,1,4,passwd root,1,1,sensitive_command
PAM-00525,crypto_bot,Service Account,backup-db,Tunisia,36.8065,10.1815,SSH,2026-02-02 01:13:07,6.6,1,0,1,,0,0,none
PAM-01783,crypto_bot,Service Account,backup-db,Tunisia,36.8065,10.1815,SSH,2026-02-02 02:02:31,10.8,2,0,1,,0,0,none
PAM-01956,crypto_bot,Service Account,backup-db,Tunisia,36.8065,10.1815,SSH,2026-02-02 02:08:35,7.6,2,0,1,,0,0,none
PAM-00521,crypto_bot,Service Account,backup-db,Tunisia,36.8065,10.1815,SSH,2026-02-02 02:24:55,30.9,2,0,7,,0,0,none
PAM-00390,crypto_bot,Service Account,backup-db,Tunisia,36.8065,10.1815,SSH,2026-02-02 02:57:30,7.6,2,0,1,,0,0,none
PAM-00409,crypto_bot,Service Account,backup-db,Tunisia,36.8065,10.1815,SSH,2026-02-02 03:43:21,40.0,3,0,8,,0,0,none
PAM-01682,marc_netadmin,Network Admin,fw-edge-01,Tunisia,36.8065,10.1815,HTTPS,2026-02-02 08:14:57,14.3,8,0,3,,0,0,none
PAM-00665,marc_netadmin,Network Admin,fw-edge-02,Tunisia,36.8065,10.1815,HTTPS,2026-02-02 08:42:18,36.5,8,0,10,,0,0,none
PAM-00736,jean_dev,Developer,app-dev-01,Tunisia,36.8065,10.1815,SSH,2026-02-02 10:34:02,6.0,10,0,2,,0,0,none
PAM-01097,marc_netadmin,Network Admin,switch-core-01,Tunisia,36.8065,10.1815,HTTPS,2026-02-02 12:02:43,10.9,12,0,2,,0,0,none
PAM-01555,sara_dba,DBA,prod-db-01,Tunisia,36.8065,10.1815,SSH,2026-02-02 13:24:45,7.7,13,0,3,,0,0,none
PAM-00342,sara_dba,DBA,prod-db-01,Tunisia,36.8065,10.1815,SSH,2026-02-02 15:35:59,39.8,15,0,6,,0,0,none
PAM-00291,crypto_bot,Service Account,backup-db,Tunisia,36.8065,10.1815,SSH,2026-02-03 01:06:38,13.0,1,0,4,,0,0,none
PAM-01811,crypto_bot,Service Account,backup-db,Tunisia,36.8065,10.1815,SSH,2026-02-03 02:19:33,31.8,2,0,8,,0,0,none
PAM-00772,crypto_bot,Service Account,backup-db,Tunisia,36.8065,10.1815,SSH,2026-02-03 02:55:07,14.3,2,0,5,,0,0,none
PAM-01669,marc_netadmin,Network Admin,fw-edge-02,Tunisia,36.8065,10.1815,HTTPS,2026-02-03 04:20:07,8.5,4,0,2,,0,0,none
PAM-00712,marc_netadmin,Network Admin,switch-core-01,Tunisia,36.8065,10.1815,HTTPS,2026-02-03 06:23:19,13.3,6,0,3,,0,0,none
PAM-01920,jean_dev,Developer,app-dev-01,Tunisia,36.8065,10.1815,SSH,2026-02-03 06:31:03,9.1,6,0,2,,0,0,none
PAM-01382,jean_dev,Developer,app-dev-01,Tunisia,36.8065,10.1815,SSH,2026-02-03 07:47:18,28.5,7,0,6,,0,0,none
PAM-00226,marc_netadmin,Network Admin,switch-core-01,Tunisia,36.8065,10.1815,HTTPS,2026-02-03 08:36:20,31.9,8,0,11,,0,0,none
PAM-00029,jean_dev,Developer,app-dev-01,Tunisia,36.8065,10.1815,SSH,2026-02-03 08:51:57,11.5,8,0,1,,0,0,none
PAM-00218,marc_netadmin,Network Admin,switch-core-01,Tunisia,36.8065,10.1815,HTTPS,2026-02-03 09:07:25,15.8,9,0,1,,0,0,none
PAM-01785,jean_dev,Developer,git-prod,Tunisia,36.8065,10.1815,SSH,2026-02-03 09:34:47,41.3,9,0,13,,0,0,none
PAM-01339,jean_dev,Developer,app-dev-01,Tunisia,36.8065,10.1815,SSH,2026-02-03 09:36:04,36.3,9,0,11,,0,0,none
PAM-01608,sara_dba,DBA,backup-db,Tunisia,36.8065,10.1815,SSH,2026-02-03 11:16:30,35.7,11,0,12,,0,0,none
PAM-01090,jean_dev,Developer,git-prod,Tunisia,36.8065,10.1815,SSH,2026-02-03 12:42:22,24.9,12,0,4,,0,0,none
PAM-00267,sara_dba,DBA,backup-db,Tunisia,36.8065,10.1815,SSH,2026-02-03 13:47:28,21.5,13,0,3,,0,0,none
PAM-01565,sara_dba,DBA,backup-db,Tunisia,36.8065,10.1815,SSH,2026-02-03 14:42:40,30.0,14,0,7,,0,0,none
PAM-00509,sara_dba,DBA,prod-db-01,Tunisia,36.8065,10.1815,SSH,2026-02-03 14:50:47,19.9,14,0,5,,0,0,none
PAM-00376,sara_dba,DBA,prod-db-01,Tunisia,36.8065,10.1815,SSH,2026-02-03 16:49:32,15.7,16,0,5,,0,0,none
PAM-00417,sara_dba,DBA,backup-db,Tunisia,36.8065,10.1815,SSH,2026-02-03 17:17:57,26.0,17,0,5,,0,0,none
PAM-00322,crypto_bot,Service Account,backup-db,Tunisia,36.8065,10.1815,SSH,2026-02-04 02:02:22,38.3,2,0,12,,0,0,none
PAM-01116,crypto_bot,Service Account,backup-db,Tunisia,36.8065,10.1815,SSH,2026-02-04 02:29:01,72.0,2,0,23,,0,0,none
PAM-01118,crypto_bot,Service Account,backup-db,Tunisia,36.8065,10.1815,SSH,2026-02-04 02:47:38,15.4,2,0,8,,0,0,none
PAM-00986,crypto_bot,Service Account,backup-db,Tunisia,36.8065,10.1815,SSH,2026-02-04 02:50:38,21.2,2,0,5,,0,0,none
PAM-01962,crypto_bot,Service Account,backup-db,Tunisia,36.8065,10.1815,SSH,2026-02-04 03:21:58,15.2,3,0,3,,0,0,none
PAM-01602,sara_dba,DBA,prod-db-01,Tunisia,36.8065,10.1815,SSH,2026-02-04 04:24:51,33.5,4,0,6,,0,1,unusual_hour
PAM-01400,jean_dev,Developer,app-dev-01,Tunisia,36.8065,10.1815,SSH,2026-02-04 08:01:12,41.5,8,0,7,,0,0,none
PAM-00049,marc_netadmin,Network Admin,fw-edge-01,Tunisia,36.8065,10.1815,HTTPS,2026-02-04 09:00:53,10.2,9,0,1,,0,0,none
PAM-01974,marc_netadmin,Network Admin,app-staging,Tunisia,36.8065,10.1815,HTTPS,2026-02-04 09:26:14,10.5,9,0,1,,0,1,unusual_asset
PAM-00247,marc_netadmin,Network Admin,switch-core-01,Ukraine,50.4501,30.5234,HTTPS,2026-02-04 09:35:20,17.2,9,0,3,,0,1,unusual_country
PAM-01431,marc_netadmin,Network Admin,fw-edge-01,Tunisia,36.8065,10.1815,HTTPS,2026-02-04 10:04:06,14.6,10,0,1,,0,0,none
PAM-01656,jean_dev,Developer,app-dev-01,Tunisia,36.8065,10.1815,SSH,2026-02-04 10:27:59,19.5,10,0,4,,0,0,none
PAM-01848,sara_dba,DBA,prod-db-01,Tunisia,36.8065,10.1815,SSH,2026-02-04 11:19:54,30.7,11,0,7,,0,0,none
PAM-00837,marc_netadmin,Network Admin,fw-edge-02,Tunisia,36.8065,10.1815,HTTPS,2026-02-04 11:34:59,15.1,11,0,4,,0,0,none
PAM-01526,jean_dev,Developer,app-dev-01,Tunisia,36.8065,10.1815,SSH,2026-02-04 12:01:22,8.9,12,0,2,,0,0,none
PAM-01095,sara_dba,DBA,prod-db-01,Tunisia,36.8065,10.1815,SSH,2026-02-04 13:45:36,7.0,13,0,1,,0,0,none
PAM-01778,sara_dba,DBA,prod-db-01,Tunisia,36.8065,10.1815,SSH,2026-02-04 16:55:18,38.1,16,0,16,,0,0,none
PAM-01803,sara_dba,DBA,prod-db-01,Tunisia,36.8065,10.1815,SSH,2026-02-04 17:02:36,23.5,17,0,8,,0,0,none
PAM-00514,sara_dba,DBA,backup-db,Tunisia,36.8065,10.1815,SSH,2026-02-04 17:05:45,46.9,17,0,10,,0,0,none
PAM-01755,crypto_bot,Service Account,backup-db,Tunisia,36.8065,10.1815,SSH,2026-02-05 01:07:05,10.3,1,0,3,,0,0,none
PAM-00004,crypto_bot,Service Account,backup-db,Tunisia,36.8065,10.1815,SSH,2026-02-05 02:22:46,98.1,2,0,24,,0,0,none
PAM-00818,crypto_bot,Service Account,backup-db,Tunisia,36.8065,10.1815,SSH,2026-02-05 02:25:45,28.4,2,0,6,,0,0,none
PAM-00204,marc_netadmin,Network Admin,switch-core-01,Tunisia,36.8065,10.1815,HTTPS,2026-02-05 06:59:39,18.8,6,0,9,,0,0,none
PAM-00201,marc_netadmin,Network Admin,fw-edge-01,Tunisia,36.8065,10.1815,HTTPS,2026-02-05 09:56:50,38.1,9,0,10,,0,0,none
PAM-00022,marc_netadmin,Network Admin,fw-edge-01,Tunisia,36.8065,10.1815,HTTPS,2026-02-05 10:56:33,24.5,10,0,7,,0,0,none
PAM-00533,marc_netadmin,Network Admin,switch-core-01,Tunisia,36.8065,10.1815,HTTPS,2026-02-05 11:07:04,21.7,11,0,7,,0,0,none
PAM-01902,sara_dba,DBA,backup-db,Tunisia,36.8065,10.1815,SSH,2026-02-05 11:24:55,36.8,11,0,10,,0,0,none
PAM-01880,marc_netadmin,Network Admin,switch-core-01,Tunisia,36.8065,10.1815,HTTPS,2026-02-05 11:26:28,15.3,11,0,2,,0,0,none
PAM-00273,jean_dev,Developer,git-prod,Tunisia,36.8065,10.1815,SSH,2026-02-05 12:17:38,18.3,12,0,5,,0,0,none
PAM-01309,sara_dba,DBA,prod-db-01,Tunisia,36.8065,10.1815,SSH,2026-02-05 12:26:26,37.7,12,0,8,,0,0,none
PAM-01869,jean_dev,Developer,git-prod,Tunisia,36.8065,10.1815,SSH,2026-02-05 12:51:53,25.6,12,0,6,,0,0,none
PAM-02072,jean_dev,Developer,app-dev-01,Tunisia,36.8065,10.1815,SSH,2026-02-05 13:11:00,19.7,13,0,2,,0,0,none
PAM-01648,sara_dba,DBA,prod-db-01,Tunisia,36.8065,10.1815,SSH,2026-02-05 13:26:46,12.8,13,0,2,,0,0,none
PAM-00543,sara_dba,DBA,prod-db-01,Tunisia,36.8065,10.1815,SSH,2026-02-05 16:06:39,7.2,16,0,3,,0,0,none
PAM-01318,sara_dba,DBA,prod-db-01,Tunisia,36.8065,10.1815,SSH,2026-02-05 16:33:45,14.1,16,0,2,,0,0,none
PAM-00365,crypto_bot,Service Account,backup-db,Tunisia,36.8065,10.1815,SSH,2026-02-06 02:03:44,21.4,2,0,5,,0,0,none
PAM-02010,crypto_bot,Service Account,backup-db,Tunisia,36.8065,10.1815,SSH,2026-02-06 02:29:58,22.1,2,0,4,,0,0,none
PAM-00194,crypto_bot,Service Account,backup-db,Tunisia,36.8065,10.1815,SSH,2026-02-06 02:57:46,16.7,2,0,3,,0,0,none
PAM-00231,marc_netadmin,Network Admin,fw-edge-01,Tunisia,36.8065,10.1815,HTTPS,2026-02-06 07:22:50,16.1,7,0,2,,0,0,none
PAM-00876,jean_dev,Developer,app-dev-01,Tunisia,36.8065,10.1815,SSH,2026-02-06 09:49:43,27.2,9,0,5,,0,0,none
PAM-00182,sara_dba,DBA,prod-db-01,Tunisia,36.8065,10.1815,SSH,2026-02-06 10:47:49,64.7,10,0,12,,0,0,none
PAM-00046,sara_dba,DBA,backup-db,Tunisia,36.8065,10.1815,SSH,2026-02-06 11:06:47,21.9,11,0,3,DROP TABLE,1,0,none
PAM-01245,sara_dba,DBA,prod-db-01,Tunisia,36.8065,10.1815,SSH,2026-02-06 11:57:31,8.5,11,0,2,,0,0,none
PAM-01481,marc_netadmin,Network Admin,fw-edge-02,Tunisia,36.8065,10.1815,HTTPS,2026-02-06 12:18:55,38.5,12,0,10,,0,0,none
PAM-00317,sara_dba,DBA,prod-db-01,Tunisia,36.8065,10.1815,SSH,2026-02-06 13:57:44,28.3,13,0,8,,0,0,none
PAM-01054,sara_dba,DBA,prod-db-01,Tunisia,36.8065,10.1815,SSH,2026-02-06 16:36:47,22.6,16,0,4,,0,0,none
PAM-00706,sara_dba,DBA,prod-db-01,Tunisia,36.8065,10.1815,SSH,2026-02-06 16:50:35,25.0,16,0,9,,0,0,none
PAM-00510,crypto_bot,Service Account,backup-db,Tunisia,36.8065,10.1815,SSH,2026-02-07 01:18:59,18.3,1,1,4,,0,0,none
PAM-00609,crypto_bot,Service Account,backup-db,Tunisia,36.8065,10.1815,SSH,2026-02-08 02:35:42,13.3,2,1,5,,0,0,none
PAM-01316,crypto_bot,Service Account,backup-db,Tunisia,36.8065,10.1815,SSH,2026-02-08 02:56:07,18.3,2,1,8,,0,0,none
PAM-01527,crypto_bot,Service Account,backup-db,Tunisia,36.8065,10.1815,SSH,2026-02-08 03:48:44,21.3,3,1,4,,0,0,none
PAM-01320,marc_netadmin,Network Admin,fw-edge-01,Brazil,-15.7939,-47.8828,HTTPS,2026-02-08 08:02:35,54.7,8,1,18,,0,1,unusual_country
PAM-00134,sara_dba,DBA,prod-db-01,Tunisia,36.8065,10.1815,SSH,2026-02-08 14:37:00,10.9,14,1,2,,0,0,none
PAM-00054,crypto_bot,Service Account,backup-db,Tunisia,36.8065,10.1815,SSH,2026-02-09 02:01:34,16.7,2,0,2,,0,0,none
PAM-01233,crypto_bot,Service Account,backup-db,Tunisia,36.8065,10.1815,SSH,2026-02-09 02:17:03,13.6,2,0,5,,0,0,none
PAM-01349,crypto_bot,Service Account,backup-db,Tunisia,36.8065,10.1815,SSH,2026-02-09 02:24:13,16.1,2,0,2,,0,0,none
PAM-01677,crypto_bot,Service Account,backup-db,Tunisia,36.8065,10.1815,SSH,2026-02-09 02:26:10,54.2,2,0,11,,0,0,none
PAM-01235,crypto_bot,Service Account,backup-db,Tunisia,36.8065,10.1815,SSH,2026-02-09 02:35:04,16.1,2,0,1,,0,0,none
PAM-00271,crypto_bot,Service Account,backup-db,Tunisia,36.8065,10.1815,SSH,2026-02-09 02:42:20,69.3,2,0,30,,0,0,none
PAM-01706,crypto_bot,Service Account,backup-db,Tunisia,36.8065,10.1815,SSH,2026-02-09 02:50:03,6.0,2,0,1,,0,0,none
PAM-00797,marc_netadmin,Network Admin,fw-edge-02,Tunisia,36.8065,10.1815,HTTPS,2026-02-09 08:36:19,8.4,8,0,2,,0,0,none
PAM-00576,jean_dev,Developer,app-dev-01,Tunisia,36.8065,10.1815,SSH,2026-02-09 09:51:58,25.8,9,0,6,,0,0,none
PAM-00017,jean_dev,Developer,app-dev-01,Tunisia,36.8065,10.1815,SSH,2026-02-09 11:48:01,14.6,11,0,2,,0,0,none
PAM-00611,marc_netadmin,Network Admin,fw-edge-01,Tunisia,36.8065,10.1815,HTTPS,2026-02-09 12:50:18,25.5,12,0,5,,0,0,none
PAM-00115,sara_dba,DBA,backup-db,Tunisia,36.8065,10.1815,SSH,2026-02-09 16:56:19,32.8,16,0,9,,0,0,none
PAM-00465,crypto_bot,Service Account,backup-db,Tunisia,36.8065,10.1815,SSH,2026-02-10 02:13:22,27.0,2,0,5,,0,0,none
PAM-00499,crypto_bot,Service Account,backup-db,Tunisia,36.8065,10.1815,SSH,2026-02-10 02:41:13,16.0,2,0,6,,0,0,none
PAM-01214,crypto_bot,Service Account,backup-db,Tunisia,36.8065,10.1815,SSH,2026-02-10 02:52:21,41.9,2,0,11,,0,0,none
PAM-00367,marc_netadmin,Network Admin,fw-edge-01,Tunisia,36.8065,10.1815,HTTPS,2026-02-10 06:31:32,16.0,6,0,4,,0,0,none
PAM-01451,marc_netadmin,Network Admin,fw-edge-01,Tunisia,36.8065,10.1815,HTTPS,2026-02-10 08:47:16,16.2,8,0,2,,0,0,none
PAM-01546,marc_netadmin,Network Admin,fw-edge-02,Tunisia,36.8065,10.1815,HTTPS,2026-02-10 10:40:29,27.3,10,0,10,,0,0,none
PAM-00835,marc_netadmin,Network Admin,fw-edge-02,Tunisia,36.8065,10.1815,HTTPS,2026-02-10 11:00:32,22.5,11,0,4,,0,0,none
PAM-00432,jean_dev,Developer,app-dev-01,Tunisia,36.8065,10.1815,SSH,2026-02-10 11:11:12,9.5,11,0,3,,0,0,none
PAM-00831,jean_dev,Developer,app-dev-01,Tunisia,36.8065,10.1815,SSH,2026-02-10 12:05:02,8.4,12,0,2,,0,0,none
PAM-01510,sara_dba,DBA,prod-db-01,Tunisia,36.8065,10.1815,SSH,2026-02-10 14:02:07,22.7,14,0,9,,0,0,none
PAM-00958,crypto_bot,Service Account,backup-db,Tunisia,36.8065,10.1815,SSH,2026-02-11 01:05:32,9.9,1,0,1,,0,0,none
PAM-01044,crypto_bot,Service Account,backup-db,Tunisia,36.8065,10.1815,SSH,2026-02-11 02:00:54,12.1,2,0,4,,0,0,none
PAM-00836,crypto_bot,Service Account,backup-db,Tunisia,36.8065,10.1815,SSH,2026-02-11 03:16:08,5.7,3,0,2,,0,0,none
PAM-01549,marc_netadmin,Network Admin,fw-edge-01,Tunisia,36.8065,10.1815,HTTPS,2026-02-11 06:46:18,20.1,6,0,2,,0,0,none
PAM-02004,marc_netadmin,Network Admin,fw-edge-02,Tunisia,36.8065,10.1815,HTTPS,2026-02-11 07:23:09,14.9,7,0,1,,0,0,none
PAM-00400,jean_dev,Developer,app-dev-01,Tunisia,36.8065,10.1815,SSH,2026-02-11 07:47:13,19.9,7,0,8,,0,0,none
PAM-01845,marc_netadmin,Network Admin,fw-edge-01,Tunisia,36.8065,10.1815,HTTPS,2026-02-11 08:50:06,15.4,8,0,2,,0,0,none
PAM-01957,jean_dev,Developer,app-dev-01,Tunisia,36.8065,10.1815,SSH,2026-02-11 09:25:39,36.0,9,0,9,,0,0,none
PAM-01190,marc_netadmin,Network Admin,fw-edge-01,Tunisia,36.8065,10.1815,HTTPS,2026-02-11 10:32:37,16.0,10,0,2,,0,0,none
PAM-01313,sara_dba,DBA,backup-db,Tunisia,36.8065,10.1815,SSH,2026-02-11 11:02:03,10.7,11,0,1,,0,0,none
PAM-00024,jean_dev,Developer,app-dev-01,Tunisia,36.8065,10.1815,SSH,2026-02-11 11:03:59,7.0,11,0,1,,0,0,none
PAM-00964,sara_dba,DBA,prod-db-01,Tunisia,36.8065,10.1815,SSH,2026-02-11 16:38:35,14.5,16,0,4,,0,0,none
PAM-01836,sara_dba,DBA,prod-db-01,Vietnam,21.0278,105.8342,SSH,2026-02-11 17:17:58,21.4,17,0,6,,0,1,unusual_country
PAM-00386,crypto_bot,Service Account,backup-db,Tunisia,36.8065,10.1815,SSH,2026-02-12 02:39:32,39.1,2,0,12,,0,0,none
PAM-02062,marc_netadmin,Network Admin,fw-edge-02,Tunisia,36.8065,10.1815,HTTPS,2026-02-12 07:22:45,20.5,7,0,10,,0,0,none
PAM-00834,jean_dev,Developer,git-prod,Tunisia,36.8065,10.1815,SSH,2026-02-12 07:23:50,29.7,7,0,9,,0,0,none
PAM-00129,marc_netadmin,Network Admin,switch-core-01,Tunisia,36.8065,10.1815,HTTPS,2026-02-12 07:32:01,20.6,7,0,10,,0,0,none
PAM-01983,marc_netadmin,Network Admin,fw-edge-01,Tunisia,36.8065,10.1815,HTTPS,2026-02-12 08:05:24,30.3,8,0,8,,0,0,none
PAM-00440,marc_netadmin,Network Admin,fw-edge-01,Tunisia,36.8065,10.1815,HTTPS,2026-02-12 09:11:31,33.1,9,0,13,,0,0,none
PAM-00353,jean_dev,Developer,app-dev-01,Tunisia,36.8065,10.1815,SSH,2026-02-12 09:16:59,38.7,9,0,10,,0,0,none
PAM-00913,jean_dev,Developer,app-dev-01,Tunisia,36.8065,10.1815,SSH,2026-02-12 10:05:55,17.6,10,0,8,,0,0,none
PAM-01274,marc_netadmin,Network Admin,fw-edge-02,Tunisia,36.8065,10.1815,HTTPS,2026-02-12 10:47:33,73.4,10,0,12,,0,0,none
PAM-00157,jean_dev,Developer,git-prod,Tunisia,36.8065,10.1815,SSH,2026-02-12 10:56:44,9.0,10,0,1,,0,0,none
PAM-00935,marc_netadmin,Network Admin,switch-core-01,Tunisia,36.8065,10.1815,HTTPS,2026-02-12 11:10:48,20.6,11,0,6,,0,0,none
PAM-01503,sara_dba,DBA,prod-db-01,Tunisia,36.8065,10.1815,SSH,2026-02-12 11:35:58,36.3,11,0,9,,0,0,none
PAM-00431,sara_dba,DBA,prod-db-01,Tunisia,36.8065,10.1815,SSH,2026-02-12 12:26:32,25.0,12,0,13,,0,0,none
PAM-00656,sara_dba,DBA,prod-db-01,Tunisia,36.8065,10.1815,SSH,2026-02-12 17:29:02,17.3,17,0,4,,0,0,none
PAM-01745,crypto_bot,Service Account,backup-db,Tunisia,36.8065,10.1815,SSH,2026-02-13 01:02:35,17.2,1,0,9,,0,0,none
PAM-00158,crypto_bot,Service Account,backup-db,Tunisia,36.8065,10.1815,SSH,2026-02-13 02:05:40,7.5,2,0,1,,0,0,none
PAM-01212,crypto_bot,Service Account,backup-db,Tunisia,36.8065,10.1815,SSH,2026-02-13 02:13:33,12.6,2,0,4,,0,0,none
PAM-00992,crypto_bot,Service Account,backup-db,Tunisia,36.8065,10.1815,SSH,2026-02-13 02:49:52,12.1,2,0,3,,0,0,none
PAM-01486,jean_dev,Developer,app-dev-01,Tunisia,36.8065,10.1815,SSH,2026-02-13 03:23:21,8.6,3,0,3,,0,1,unusual_hour
PAM-01892,marc_netadmin,Network Admin,fw-edge-02,Tunisia,36.8065,10.1815,HTTPS,2026-02-13 07:10:18,13.7,7,0,6,,0,0,none
PAM-00680,sara_dba,DBA,prod-db-01,Tunisia,36.8065,10.1815,SSH,2026-02-13 07:37:03,27.3,7,0,8,,0,0,none
PAM-01707,marc_netadmin,Network Admin,fw-edge-02,Tunisia,36.8065,10.1815,HTTPS,2026-02-13 09:32:46,11.5,9,0,1,,0,0,none
PAM-01742,jean_dev,Developer,app-dev-01,Tunisia,36.8065,10.1815,SSH,2026-02-13 10:35:43,9.6,10,0,4,,0,0,none
PAM-00633,marc_netadmin,Network Admin,switch-core-01,Tunisia,36.8065,10.1815,HTTPS,2026-02-13 10:40:23,15.8,10,0,5,,0,0,none
PAM-01228,sara_dba,DBA,prod-db-01,Tunisia,36.8065,10.1815,SSH,2026-02-13 13:01:14,34.3,13,0,2,,0,0,none
PAM-01964,sara_dba,DBA,prod-db-01,Tunisia,36.8065,10.1815,SSH,2026-02-13 13:56:26,11.0,13,0,1,,0,0,none
PAM-00523,sara_dba,DBA,prod-db-01,Tunisia,36.8065,10.1815,SSH,2026-02-13 14:06:31,14.1,14,0,4,,0,0,none
PAM-00857,jean_dev,Developer,app-dev-01,Tunisia,36.8065,10.1815,SSH,2026-02-13 14:46:08,16.7,14,0,2,,0,0,none
PAM-01842,sara_dba,DBA,prod-db-01,Tunisia,36.8065,10.1815,SSH,2026-02-13 14:52:27,18.4,14,0,2,,0,0,none
PAM-01961,sara_dba,DBA,backup-db,Tunisia,36.8065,10.1815,SSH,2026-02-13 16:19:47,22.5,16,0,7,,0,0,none
PAM-00319,crypto_bot,Service Account,backup-db,Tunisia,36.8065,10.1815,SSH,2026-02-14 01:34:02,9.8,1,1,2,,0,0,none
PAM-01279,crypto_bot,Service Account,backup-db,Tunisia,36.8065,10.1815,SSH,2026-02-14 02:13:27,28.2,2,1,10,,0,0,none
PAM-00315,crypto_bot,Service Account,backup-db,Tunisia,36.8065,10.1815,SSH,2026-02-14 02:15:40,35.2,2,1,12,,0,0,none
PAM-01885,crypto_bot,Service Account,backup-db,Tunisia,36.8065,10.1815,SSH,2026-02-14 02:17:36,13.3,2,1,2,,0,0,none
PAM-01244,crypto_bot,Service Account,backup-db,Tunisia,36.8065,10.1815,SSH,2026-02-14 02:22:09,13.2,2,1,3,,0,0,none
PAM-01171,crypto_bot,Service Account,backup-db,Tunisia,36.8065,10.1815,SSH,2026-02-14 02:44:16,28.0,2,1,4,,0,0,none
PAM-00727,crypto_bot,Service Account,backup-db,Tunisia,36.8065,10.1815,SSH,2026-02-14 02:48:40,22.1,2,1,6,,0,0,none
PAM-01523,crypto_bot,Service Account,backup-db,Tunisia,36.8065,10.1815,SSH,2026-02-14 02:50:22,10.8,2,1,6,,0,0,none
PAM-00540,crypto_bot,Service Account,backup-db,Tunisia,36.8065,10.1815,SSH,2026-02-15 02:10:55,34.6,2,1,9,,0,0,none
PAM-01391,crypto_bot,Service Account,backup-db,Tunisia,36.8065,10.1815,SSH,2026-02-15 02:11:40,20.9,2,1,2,,0,0,none
PAM-00310,crypto_bot,Service Account,backup-db,Tunisia,36.8065,10.1815,SSH,2026-02-15 02:33:15,15.5,2,1,5,,0,0,none
PAM-00121,crypto_bot,Service Account,backup-db,Tunisia,36.8065,10.1815,SSH,2026-02-15 02:41:15,31.4,2,1,8,,0,0,none
PAM-00012,crypto_bot,Service Account,backup-db,Tunisia,36.8065,10.1815,SSH,2026-02-15 02:52:13,40.2,2,1,11,,0,0,none
PAM-02025,marc_netadmin,Network Admin,switch-core-01,Tunisia,36.8065,10.1815,HTTPS,2026-02-15 08:08:01,16.0,8,1,4,,0,0,none
PAM-00009,sara_dba,DBA,backup-db,Tunisia,36.8065,10.1815,SSH,2026-02-15 13:37:05,39.3,13,1,13,,0,0,none
PAM-00881,crypto_bot,Service Account,backup-db,Tunisia,36.8065,10.1815,SSH,2026-02-16 02:11:34,15.6,2,0,3,,0,0,none
PAM-01520,marc_netadmin,Network Admin,fw-edge-02,Tunisia,36.8065,10.1815,HTTPS,2026-02-16 04:18:20,8.8,4,0,1,,0,0,none
PAM-00719,jean_dev,Developer,app-staging,Tunisia,36.8065,10.1815,SSH,2026-02-16 07:01:20,21.0,7,0,3,,0,0,none
PAM-00515,marc_netadmin,Network Admin,fw-edge-01,Tunisia,36.8065,10.1815,HTTPS,2026-02-16 08:15:42,102.3,8,0,24,,0,0,none
PAM-00488,jean_dev,Developer,app-dev-01,Tunisia,36.8065,10.1815,SSH,2026-02-16 08:25:13,8.6,8,0,2,,0,0,none
PAM-01601,marc_netadmin,Network Admin,fw-edge-01,Tunisia,36.8065,10.1815,HTTPS,2026-02-16 09:11:38,14.7,9,0,3,,0,0,none
PAM-01644,marc_netadmin,Network Admin,switch-core-01,Tunisia,36.8065,10.1815,HTTPS,2026-02-16 10:23:23,28.1,10,0,7,,0,0,none
PAM-01281,jean_dev,Developer,app-dev-01,Tunisia,36.8065,10.1815,SSH,2026-02-16 11:35:34,61.8,11,0,15,,0,0,none
PAM-01571,jean_dev,Developer,app-dev-01,Tunisia,36.8065,10.1815,SSH,2026-02-16 11:48:48,40.0,11,0,4,,0,0,none
PAM-00099,sara_dba,DBA,prod-db-01,Tunisia,36.8065,10.1815,SSH,2026-02-16 12:10:17,15.6,12,0,8,,0,0,none
PAM-01136,sara_dba,DBA,prod-db-01,Tunisia,36.8065,10.1815,SSH,2026-02-16 16:15:23,13.0,16,0,5,,0,0,none
PAM-01504,crypto_bot,Service Account,backup-db,Tunisia,36.8065,10.1815,SSH,2026-02-17 02:14:35,27.4,2,0,7,,0,0,none
PAM-01254,crypto_bot,Service Account,backup-db,Tunisia,36.8065,10.1815,SSH,2026-02-17 02:14:36,51.9,2,0,15,,0,0,none
PAM-00500,crypto_bot,Service Account,backup-db,Tunisia,36.8065,10.1815,SSH,2026-02-17 02:39:50,35.3,2,0,5,,0,0,none
PAM-00647,crypto_bot,Service Account,backup-db,Tunisia,36.8065,10.1815,SSH,2026-02-17 02:53:03,25.3,2,0,4,,0,0,none
PAM-01253,crypto_bot,Service Account,backup-db,Tunisia,36.8065,10.1815,SSH,2026-02-17 02:58:07,30.6,2,0,8,,0,0,none
PAM-00973,crypto_bot,Service Account,backup-db,Tunisia,36.8065,10.1815,SSH,2026-02-17 02:58:20,32.8,2,0,8,,0,0,none
PAM-00476,marc_netadmin,Network Admin,fw-edge-01,Tunisia,36.8065,10.1815,HTTPS,2026-02-17 07:13:11,42.9,7,0,14,,0,0,none
PAM-01562,marc_netadmin,Network Admin,switch-core-01,Tunisia,36.8065,10.1815,HTTPS,2026-02-17 08:20:47,27.0,8,0,11,,0,0,none
PAM-00378,marc_netadmin,Network Admin,fw-edge-01,Tunisia,36.8065,10.1815,HTTPS,2026-02-17 08:40:48,12.4,8,0,2,,0,0,none
PAM-01492,jean_dev,Developer,app-dev-01,Tunisia,36.8065,10.1815,SSH,2026-02-17 09:42:18,24.4,9,0,6,,0,0,none
PAM-01368,jean_dev,Developer,app-dev-01,Brazil,-15.7939,-47.8828,SSH,2026-02-17 09:53:49,23.4,9,0,11,,0,1,unusual_country
PAM-00646,marc_netadmin,Network Admin,fw-edge-01,Tunisia,36.8065,10.1815,HTTPS,2026-02-17 09:53:51,5.5,9,0,2,,0,0,none
PAM-00637,marc_netadmin,Network Admin,fw-edge-02,Tunisia,36.8065,10.1815,HTTPS,2026-02-17 10:20:45,9.4,10,0,2,,0,0,none
PAM-00708,jean_dev,Developer,app-dev-01,Tunisia,36.8065,10.1815,SSH,2026-02-17 10:51:46,22.7,10,0,3,,0,0,none
PAM-01103,marc_netadmin,Network Admin,fw-edge-01,Tunisia,36.8065,10.1815,HTTPS,2026-02-17 10:53:39,21.1,10,0,4,,0,0,none
PAM-01211,sara_dba,DBA,prod-db-01,Tunisia,36.8065,10.1815,SSH,2026-02-17 11:08:58,7.1,11,0,3,,0,0,none
PAM-01188,jean_dev,Developer,app-dev-01,Tunisia,36.8065,10.1815,SSH,2026-02-17 12:27:06,14.8,12,0,7,,0,0,none
PAM-00724,sara_dba,DBA,prod-db-02,Tunisia,36.8065,10.1815,SSH,2026-02-17 12:53:41,14.4,12,0,3,,0,0,none
PAM-00407,jean_dev,Developer,app-dev-01,Tunisia,36.8065,10.1815,SSH,2026-02-17 13:27:59,7.0,13,0,1,,0,0,none
PAM-01912,sara_dba,DBA,backup-db,Tunisia,36.8065,10.1815,SSH,2026-02-17 14:47:39,15.7,14,0,3,,0,0,none
PAM-00178,crypto_bot,Service Account,backup-db,Tunisia,36.8065,10.1815,SSH,2026-02-18 02:11:32,16.4,2,0,8,,0,0,none
PAM-00713,crypto_bot,Service Account,backup-db,Tunisia,36.8065,10.1815,SSH,2026-02-18 02:18:21,14.9,2,0,4,,0,0,none
PAM-00910,crypto_bot,Service Account,backup-db,Tunisia,36.8065,10.1815,SSH,2026-02-18 02:23:05,30.9,2,0,10,,0,1,unusual_hour
PAM-01573,crypto_bot,Service Account,backup-db,Tunisia,36.8065,10.1815,SSH,2026-02-18 02:43:31,12.3,2,0,4,,0,0,none
PAM-00915,crypto_bot,Service Account,backup-db,Tunisia,36.8065,10.1815,SSH,2026-02-18 02:46:10,10.3,2,0,1,,0,0,none
PAM-00472,crypto_bot,Service Account,backup-db,Tunisia,36.8065,10.1815,SSH,2026-02-18 03:50:26,16.7,3,0,4,,0,0,none
PAM-00564,marc_netadmin,Network Admin,fw-edge-01,Tunisia,36.8065,10.1815,HTTPS,2026-02-18 08:05:29,26.9,8,0,5,,0,0,none
PAM-00901,marc_netadmin,Network Admin,switch-core-01,Tunisia,36.8065,10.1815,HTTPS,2026-02-18 08:54:17,35.4,8,0,5,,0,0,none
PAM-00862,jean_dev,Developer,app-dev-01,Tunisia,36.8065,10.1815,SSH,2026-02-18 09:30:30,20.8,9,0,3,,0,0,none
PAM-00166,jean_dev,Developer,app-dev-01,Tunisia,36.8065,10.1815,SSH,2026-02-18 12:17:54,8.7,12,0,3,,0,0,none
PAM-01687,sara_dba,DBA,prod-db-01,Tunisia,36.8065,10.1815,SSH,2026-02-18 12:37:34,10.9,12,0,3,,0,0,none
PAM-01985,sara_dba,DBA,prod-db-02,Tunisia,36.8065,10.1815,SSH,2026-02-18 14:47:54,21.5,14,0,3,,0,0,none
PAM-00104,sara_dba,DBA,backup-db,Tunisia,36.8065,10.1815,SSH,2026-02-18 16:25:08,13.5,16,0,3,,0,0,none
PAM-00088,crypto_bot,Service Account,backup-db,Tunisia,36.8065,10.1815,SSH,2026-02-19 01:27:50,17.4,1,0,5,,0,0,none
PAM-00889,crypto_bot,Service Account,backup-db,Tunisia,36.8065,10.1815,SSH,2026-02-19 02:16:00,45.5,2,0,4,,0,0,none
PAM-00825,crypto_bot,Service Account,backup-db,Tunisia,36.8065,10.1815,SSH,2026-02-19 02:19:11,5.0,2,0,1,,0,0,none
PAM-01067,crypto_bot,Service Account,backup-db,Tunisia,36.8065,10.1815,SSH,2026-02-19 02:55:39,14.7,2,0,5,,0,0,none
PAM-01805,marc_netadmin,Network Admin,fw-edge-02,Tunisia,36.8065,10.1815,HTTPS,2026-02-19 05:20:28,29.9,5,0,7,,0,0,none
PAM-00053,jean_dev,Developer,git-prod,Tunisia,36.8065,10.1815,SSH,2026-02-19 08:28:43,10.7,8,0,6,,0,0,none
PAM-01287,marc_netadmin,Network Admin,fw-edge-01,Tunisia,36.8065,10.1815,HTTPS,2026-02-19 08:37:50,12.6,8,0,4,,0,0,none
PAM-02078,marc_netadmin,Network Admin,switch-core-01,Tunisia,36.8065,10.1815,HTTPS,2026-02-19 09:14:43,25.9,9,0,13,,0,0,none
PAM-01369,jean_dev,Developer,git-prod,Tunisia,36.8065,10.1815,SSH,2026-02-19 09:36:38,18.0,9,0,7,,0,0,none
PAM-00765,jean_dev,Developer,git-prod,Tunisia,36.8065,10.1815,SSH,2026-02-19 10:12:48,25.6,10,0,6,,0,0,none
PAM-00224,jean_dev,Developer,git-prod,Tunisia,36.8065,10.1815,SSH,2026-02-19 11:02:34,22.7,11,0,8,,0,0,none
PAM-00728,jean_dev,Developer,app-dev-01,Tunisia,36.8065,10.1815,SSH,2026-02-19 11:17:45,8.8,11,0,2,,0,0,none
PAM-01399,jean_dev,Developer,app-dev-01,Tunisia,36.8065,10.1815,SSH,2026-02-19 13:29:30,131.4,13,0,45,shutdown -h now,1,0,none
PAM-01509,sara_dba,DBA,backup-db,Tunisia,36.8065,10.1815,SSH,2026-02-19 14:01:32,16.0,14,0,4,,0,0,none
PAM-01825,sara_dba,DBA,backup-db,Tunisia,36.8065,10.1815,SSH,2026-02-19 16:01:40,33.9,16,0,4,,0,0,none
PAM-01649,sara_dba,DBA,prod-db-01,Tunisia,36.8065,10.1815,SSH,2026-02-19 16:34:21,15.1,16,0,9,,0,0,none
PAM-01594,sara_dba,DBA,prod-db-02,Tunisia,36.8065,10.1815,SSH,2026-02-19 17:16:32,12.6,17,0,1,,0,0,none
PAM-01324,crypto_bot,Service Account,backup-db,Tunisia,36.8065,10.1815,SSH,2026-02-20 01:09:58,20.6,1,0,3,,0,0,none
PAM-00718,crypto_bot,Service Account,backup-db,Tunisia,36.8065,10.1815,SSH,2026-02-20 02:22:30,27.2,2,0,5,,0,0,none
PAM-01537,crypto_bot,Service Account,backup-db,Tunisia,36.8065,10.1815,SSH,2026-02-20 03:07:45,26.8,3,0,19,,0,0,none
PAM-02034,crypto_bot,Service Account,backup-db,Tunisia,36.8065,10.1815,SSH,2026-02-20 03:46:09,46.0,3,0,12,,0,0,none
PAM-00663,marc_netadmin,Network Admin,switch-core-01,Tunisia,36.8065,10.1815,HTTPS,2026-02-20 07:13:20,10.0,7,0,1,,0,0,none
PAM-00148,sara_dba,DBA,prod-db-01,Tunisia,36.8065,10.1815,SSH,2026-02-20 08:43:56,8.7,8,0,1,,0,0,none
PAM-00963,jean_dev,Developer,app-dev-01,Tunisia,36.8065,10.1815,SSH,2026-02-20 09:10:04,18.2,9,0,2,,0,0,none
PAM-00332,jean_dev,Developer,app-dev-01,Tunisia,36.8065,10.1815,SSH,2026-02-20 09:21:14,39.9,9,0,11,,0,0,none
PAM-01456,jean_dev,Developer,app-dev-01,Tunisia,36.8065,10.1815,SSH,2026-02-20 09:23:49,22.6,9,0,9,,0,0,none
PAM-01759,marc_netadmin,Network Admin,fw-edge-02,Tunisia,36.8065,10.1815,HTTPS,2026-02-20 09:40:40,14.3,9,0,4,,0,0,none
PAM-00917,sara_dba,DBA,prod-db-02,Tunisia,36.8065,10.1815,SSH,2026-02-20 10:03:41,23.0,10,0,7,,0,0,none
PAM-00526,marc_netadmin,Network Admin,fw-edge-01,Tunisia,36.8065,10.1815,HTTPS,2026-02-20 10:18:19,17.1,10,0,6,,0,0,none
PAM-01106,marc_netadmin,Network Admin,switch-core-01,Tunisia,36.8065,10.1815,HTTPS,2026-02-20 10:28:45,35.2,10,0,10,,0,0,none
PAM-01505,marc_netadmin,Network Admin,switch-core-01,Tunisia,36.8065,10.1815,HTTPS,2026-02-20 10:48:05,60.6,10,0,16,,0,0,none
PAM-01035,marc_netadmin,Network Admin,fw-edge-01,Tunisia,36.8065,10.1815,HTTPS,2026-02-20 12:52:46,36.1,12,0,6,,0,0,none
PAM-00080,sara_dba,DBA,backup-db,Tunisia,36.8065,10.1815,SSH,2026-02-20 14:37:54,20.8,14,0,4,,0,0,none
PAM-01290,sara_dba,DBA,prod-db-01,Tunisia,36.8065,10.1815,SSH,2026-02-20 16:08:49,19.4,16,0,6,,0,0,none
PAM-01057,crypto_bot,Service Account,backup-db,Tunisia,36.8065,10.1815,SSH,2026-02-21 02:16:22,43.8,2,1,12,,0,0,none
PAM-00464,crypto_bot,Service Account,backup-db,Tunisia,36.8065,10.1815,SSH,2026-02-21 02:24:41,16.2,2,1,7,,0,0,none
PAM-00203,crypto_bot,Service Account,backup-db,Tunisia,36.8065,10.1815,SSH,2026-02-21 02:27:14,13.4,2,1,3,,0,0,none
PAM-00916,crypto_bot,Service Account,backup-db,Tunisia,36.8065,10.1815,SSH,2026-02-22 02:48:36,141.1,2,1,48,,0,1,unusual_duration
PAM-00295,crypto_bot,Service Account,backup-db,Tunisia,36.8065,10.1815,SSH,2026-02-22 02:56:32,15.2,2,1,3,,0,0,none
PAM-01534,sara_dba,DBA,prod-db-01,Tunisia,36.8065,10.1815,SSH,2026-02-22 13:06:25,25.6,13,1,6,,0,0,none
PAM-01358,crypto_bot,Service Account,backup-db,Tunisia,36.8065,10.1815,SSH,2026-02-23 02:16:33,30.5,2,0,5,,0,0,none
PAM-01473,crypto_bot,Service Account,backup-db,Tunisia,36.8065,10.1815,SSH,2026-02-23 02:22:52,31.5,2,0,12,,0,0,none
PAM-01404,crypto_bot,Service Account,backup-db,Tunisia,36.8065,10.1815,SSH,2026-02-23 02:50:45,23.4,2,0,9,,0,0,none
PAM-01366,crypto_bot,Service Account,backup-db,Tunisia,36.8065,10.1815,SSH,2026-02-23 02:59:47,35.8,2,0,5,,0,0,none
PAM-00420,jean_dev,Developer,app-dev-01,Tunisia,36.8065,10.1815,SSH,2026-02-23 08:09:57,28.7,8,0,9,,0,0,none
PAM-01064,marc_netadmin,Network Admin,fw-edge-01,Tunisia,36.8065,10.1815,HTTPS,2026-02-23 08:37:27,7.8,8,0,3,,0,0,none
PAM-00064,marc_netadmin,Network Admin,switch-core-01,Tunisia,36.8065,10.1815,HTTPS,2026-02-23 08:50:56,24.2,8,0,6,,0,0,none
PAM-00434,marc_netadmin,Network Admin,switch-core-01,Tunisia,36.8065,10.1815,HTTPS,2026-02-23 09:43:29,17.4,9,0,4,,0,0,none
PAM-01282,jean_dev,Developer,app-dev-01,Tunisia,36.8065,10.1815,SSH,2026-02-23 11:37:53,19.8,11,0,9,,0,0,none
PAM-01715,sara_dba,DBA,prod-db-01,Tunisia,36.8065,10.1815,SSH,2026-02-23 16:06:02,15.6,16,0,5,,0,0,none
PAM-01832,sara_dba,DBA,prod-db-01,Tunisia,36.8065,10.1815,SSH,2026-02-23 16:30:00,12.6,16,0,2,,0,0,none
PAM-00462,sara_dba,DBA,prod-db-01,Tunisia,36.8065,10.1815,SSH,2026-02-23 21:15:33,21.5,21,0,10,,0,0,none
PAM-01356,crypto_bot,Service Account,backup-db,Tunisia,36.8065,10.1815,SSH,2026-02-24 01:34:46,7.5,1,0,2,,0,0,none
PAM-02012,crypto_bot,Service Account,switch-core-01,Tunisia,36.8065,10.1815,SSH,2026-02-24 02:00:00,26.2,2,0,4,,0,1,unusual_asset
PAM-01862,crypto_bot,Service Account,backup-db,Tunisia,36.8065,10.1815,SSH,2026-02-24 02:21:35,8.2,2,0,2,,0,0,none
PAM-01319,crypto_bot,Service Account,backup-db,Tunisia,36.8065,10.1815,SSH,2026-02-24 02:28:01,22.8,2,0,4,,0,0,none
PAM-00587,crypto_bot,Service Account,backup-db,Tunisia,36.8065,10.1815,SSH,2026-02-24 02:32:16,21.6,2,0,10,,0,0,none
PAM-00140,crypto_bot,Service Account,backup-db,Tunisia,36.8065,10.1815,SSH,2026-02-24 02:38:27,26.2,2,0,5,,0,0,none
PAM-01843,crypto_bot,Service Account,backup-db,Tunisia,36.8065,10.1815,SSH,2026-02-24 02:39:43,33.9,2,0,7,,0,0,none
PAM-01461,crypto_bot,Service Account,backup-db,Tunisia,36.8065,10.1815,SSH,2026-02-24 03:52:22,20.7,3,0,5,,0,0,none
PAM-02050,marc_netadmin,Network Admin,fw-edge-02,Tunisia,36.8065,10.1815,HTTPS,2026-02-24 06:31:57,39.1,6,0,12,,0,0,none
PAM-00360,marc_netadmin,Network Admin,fw-edge-02,Tunisia,36.8065,10.1815,HTTPS,2026-02-24 06:51:24,10.8,6,0,5,,0,0,none
PAM-00041,marc_netadmin,Network Admin,fw-edge-01,Tunisia,36.8065,10.1815,HTTPS,2026-02-24 07:00:05,31.7,7,0,10,,0,0,none
PAM-01134,marc_netadmin,Network Admin,switch-core-01,Tunisia,36.8065,10.1815,HTTPS,2026-02-24 07:26:32,10.3,7,0,1,,0,0,none
PAM-00676,jean_dev,Developer,app-staging,Tunisia,36.8065,10.1815,SSH,2026-02-24 07:33:53,44.2,7,0,16,,0,0,none
PAM-01781,jean_dev,Developer,app-dev-01,Tunisia,36.8065,10.1815,SSH,2026-02-24 09:35:33,10.9,9,0,6,,0,0,none
PAM-00607,marc_netadmin,Network Admin,switch-core-01,Tunisia,36.8065,10.1815,HTTPS,2026-02-24 09:39:46,29.1,9,0,10,,0,0,none
PAM-01517,jean_dev,Developer,app-dev-01,Tunisia,36.8065,10.1815,SSH,2026-02-24 09:55:23,29.0,9,0,4,,0,0,none
PAM-00504,marc_netadmin,Network Admin,fw-edge-01,Tunisia,36.8065,10.1815,HTTPS,2026-02-24 11:04:40,18.2,11,0,6,,0,0,none
PAM-00613,jean_dev,Developer,app-dev-01,Tunisia,36.8065,10.1815,SSH,2026-02-24 12:41:25,51.2,12,0,20,,0,0,none
PAM-01479,sara_dba,DBA,backup-db,Tunisia,36.8065,10.1815,SSH,2026-02-24 14:07:50,25.8,14,0,9,,0,0,none
PAM-00793,sara_dba,DBA,prod-db-01,Tunisia,36.8065,10.1815,SSH,2026-02-24 14:10:23,8.3,14,0,1,,0,0,none
PAM-01047,sara_dba,DBA,backup-db,Tunisia,36.8065,10.1815,SSH,2026-02-24 16:28:18,24.0,16,0,10,,0,0,none
PAM-00552,sara_dba,DBA,prod-db-01,Tunisia,36.8065,10.1815,SSH,2026-02-24 16:36:04,18.6,16,0,4,,0,0,none
PAM-00303,crypto_bot,Service Account,backup-db,Tunisia,36.8065,10.1815,SSH,2026-02-25 02:10:24,66.7,2,0,21,,0,0,none
PAM-01082,crypto_bot,Service Account,backup-db,Tunisia,36.8065,10.1815,SSH,2026-02-25 02:20:54,23.4,2,0,9,,0,0,none
PAM-01984,crypto_bot,Service Account,backup-db,Tunisia,36.8065,10.1815,SSH,2026-02-25 02:39:05,26.9,2,0,3,,0,0,none
PAM-01854,crypto_bot,Service Account,backup-db,Tunisia,36.8065,10.1815,SSH,2026-02-25 02:49:08,7.1,2,0,3,,0,0,none
PAM-00810,crypto_bot,Service Account,backup-db,Tunisia,36.8065,10.1815,SSH,2026-02-25 02:53:47,13.7,2,0,3,,0,0,none
PAM-00175,marc_netadmin,Network Admin,fw-edge-01,Tunisia,36.8065,10.1815,HTTPS,2026-02-25 03:32:55,51.3,3,0,12,,0,1,unusual_hour
PAM-01216,marc_netadmin,Network Admin,fw-edge-01,Tunisia,36.8065,10.1815,HTTPS,2026-02-25 07:26:50,7.5,7,0,5,,0,0,none
PAM-00028,marc_netadmin,Network Admin,fw-edge-02,Tunisia,36.8065,10.1815,HTTPS,2026-02-25 07:43:45,20.2,7,0,8,,0,0,none
PAM-00146,marc_netadmin,Network Admin,fw-edge-01,Tunisia,36.8065,10.1815,HTTPS,2026-02-25 08:21:10,19.8,8,0,5,,0,0,none
PAM-00760,jean_dev,Developer,git-prod,Tunisia,36.8065,10.1815,SSH,2026-02-25 10:25:36,11.4,10,0,4,,0,0,none
PAM-00249,marc_netadmin,Network Admin,fw-edge-01,Tunisia,36.8065,10.1815,HTTPS,2026-02-25 11:28:58,53.9,11,0,19,,0,0,none
PAM-01294,sara_dba,DBA,prod-db-01,Tunisia,36.8065,10.1815,SSH,2026-02-25 11:46:12,27.1,11,0,11,,0,0,none
PAM-00674,marc_netadmin,Network Admin,fw-edge-02,Tunisia,36.8065,10.1815,HTTPS,2026-02-25 12:57:10,25.1,12,0,3,,0,0,none
PAM-00471,jean_dev,Developer,git-prod,Tunisia,36.8065,10.1815,SSH,2026-02-25 13:02:02,30.3,13,0,6,,0,0,none
PAM-01625,sara_dba,DBA,prod-db-01,Tunisia,36.8065,10.1815,SSH,2026-02-25 13:05:38,24.2,13,0,9,,0,0,none
PAM-00758,jean_dev,Developer,app-dev-01,Tunisia,36.8065,10.1815,SSH,2026-02-25 13:46:16,12.3,13,0,5,,0,0,none
PAM-00164,jean_dev,Developer,app-dev-01,Tunisia,36.8065,10.1815,SSH,2026-02-25 14:18:46,31.8,14,0,7,,0,0,none
PAM-01215,sara_dba,DBA,prod-db-01,Tunisia,36.8065,10.1815,SSH,2026-02-25 15:11:31,74.1,15,0,16,,0,1,unusual_duration
PAM-01406,sara_dba,DBA,prod-db-01,Tunisia,36.8065,10.1815,SSH,2026-02-25 18:23:41,39.0,18,0,5,,0,0,none
PAM-00518,crypto_bot,Service Account,backup-db,Tunisia,36.8065,10.1815,SSH,2026-02-26 02:12:10,17.8,2,0,6,,0,0,none
PAM-01897,crypto_bot,Service Account,backup-db,Tunisia,36.8065,10.1815,SSH,2026-02-26 02:22:56,15.9,2,0,6,,0,0,none
PAM-01676,crypto_bot,Service Account,backup-db,Tunisia,36.8065,10.1815,SSH,2026-02-26 02:28:54,39.6,2,0,12,,0,0,none
PAM-00961,marc_netadmin,Network Admin,fw-edge-01,Tunisia,36.8065,10.1815,HTTPS,2026-02-26 08:05:08,8.7,8,0,2,,0,0,none
PAM-00419,marc_netadmin,Network Admin,switch-core-01,Tunisia,36.8065,10.1815,HTTPS,2026-02-26 08:49:19,26.9,8,0,7,,0,0,none
PAM-00130,marc_netadmin,Network Admin,fw-edge-01,Tunisia,36.8065,10.1815,HTTPS,2026-02-26 09:43:46,31.5,9,0,16,,0,0,none
PAM-00184,marc_netadmin,Network Admin,switch-core-01,Tunisia,36.8065,10.1815,HTTPS,2026-02-26 10:37:29,4.2,10,0,1,,0,0,none
PAM-01943,jean_dev,Developer,app-dev-01,Tunisia,36.8065,10.1815,SSH,2026-02-26 11:33:22,14.1,11,0,4,,0,0,none
PAM-00223,sara_dba,DBA,prod-db-01,Tunisia,36.8065,10.1815,SSH,2026-02-26 14:01:19,12.7,14,0,2,,0,0,none
PAM-00603,sara_dba,DBA,prod-db-01,Tunisia,36.8065,10.1815,SSH,2026-02-26 14:57:44,9.0,14,0,4,,0,0,none
PAM-00866,sara_dba,DBA,backup-db,Tunisia,36.8065,10.1815,SSH,2026-02-26 17:21:10,64.9,17,0,12,,0,0,none
PAM-01460,crypto_bot,Service Account,backup-db,Tunisia,36.8065,10.1815,SSH,2026-02-27 02:15:17,10.0,2,0,1,,0,0,none
PAM-01905,crypto_bot,Service Account,backup-db,Tunisia,36.8065,10.1815,SSH,2026-02-27 02:41:27,21.4,2,0,7,,0,0,none
PAM-00761,crypto_bot,Service Account,backup-db,Tunisia,36.8065,10.1815,SSH,2026-02-27 02:41:39,18.6,2,0,7,,0,0,none
PAM-00257,sara_dba,DBA,prod-db-01,Tunisia,36.8065,10.1815,SSH,2026-02-27 02:48:13,14.7,2,0,4,,0,1,unusual_hour
PAM-01610,marc_netadmin,Network Admin,switch-core-01,Tunisia,36.8065,10.1815,HTTPS,2026-02-27 08:39:36,15.6,8,0,1,,0,0,none
PAM-01753,marc_netadmin,Network Admin,fw-edge-01,Tunisia,36.8065,10.1815,HTTPS,2026-02-27 08:54:52,14.0,8,0,8,,0,0,none
PAM-01388,jean_dev,Developer,app-dev-01,Tunisia,36.8065,10.1815,SSH,2026-02-27 09:13:51,36.8,9,0,5,,0,0,none
PAM-00050,marc_netadmin,Network Admin,switch-core-01,Tunisia,36.8065,10.1815,HTTPS,2026-02-27 09:54:05,97.4,9,0,19,,0,0,none
PAM-00869,marc_netadmin,Network Admin,fw-edge-02,Tunisia,36.8065,10.1815,HTTPS,2026-02-27 10:07:52,13.7,10,0,4,,0,0,none
PAM-01607,marc_netadmin,Network Admin,fw-edge-02,Tunisia,36.8065,10.1815,HTTPS,2026-02-27 10:43:28,35.7,10,0,11,,0,0,none
PAM-00763,sara_dba,DBA,backup-db,Tunisia,36.8065,10.1815,SSH,2026-02-27 12:03:15,77.3,12,0,16,DELETE FROM users,1,1,sensitive_command
PAM-00812,jean_dev,Developer,git-prod,Tunisia,36.8065,10.1815,SSH,2026-02-27 12:21:21,32.9,12,0,8,,0,0,none
PAM-00453,jean_dev,Developer,app-dev-01,Tunisia,36.8065,10.1815,SSH,2026-02-27 13:44:45,16.8,13,0,2,,0,0,none
PAM-01704,sara_dba,DBA,backup-db,Tunisia,36.8065,10.1815,SSH,2026-02-27 13:57:04,41.8,13,0,8,,0,0,none
PAM-01600,sara_dba,DBA,prod-db-01,Tunisia,36.8065,10.1815,SSH,2026-02-27 15:20:54,66.3,15,0,15,,0,0,none
PAM-01306,sara_dba,DBA,backup-db,Tunisia,36.8065,10.1815,SSH,2026-02-27 16:00:08,25.7,16,0,12,,0,0,none
PAM-00350,sara_dba,DBA,prod-db-02,Tunisia,36.8065,10.1815,SSH,2026-02-27 17:17:22,31.8,17,0,9,,0,0,none
PAM-01498,crypto_bot,Service Account,backup-db,Tunisia,36.8065,10.1815,SSH,2026-02-28 02:51:32,25.0,2,1,8,,0,0,none
PAM-00844,sara_dba,DBA,prod-db-01,Tunisia,36.8065,10.1815,SSH,2026-02-28 03:23:30,10.2,3,1,3,,0,1,unusual_hour
PAM-00694,crypto_bot,Service Account,backup-db,Tunisia,36.8065,10.1815,SSH,2026-03-01 02:19:27,18.8,2,1,9,,0,0,none
PAM-00215,crypto_bot,Service Account,backup-db,Tunisia,36.8065,10.1815,SSH,2026-03-01 02:52:00,26.9,2,1,8,,0,0,none
PAM-00662,crypto_bot,Service Account,backup-db,Tunisia,36.8065,10.1815,SSH,2026-03-02 02:39:51,30.7,2,0,8,,0,0,none
PAM-01665,crypto_bot,Service Account,backup-db,Tunisia,36.8065,10.1815,SSH,2026-03-02 02:55:15,6.3,2,0,2,,0,0,none
PAM-01243,crypto_bot,Service Account,backup-db,Tunisia,36.8065,10.1815,SSH,2026-03-02 03:19:55,12.3,3,0,2,,0,0,none
PAM-00832,marc_netadmin,Network Admin,fw-edge-01,Tunisia,36.8065,10.1815,HTTPS,2026-03-02 07:41:51,17.4,7,0,2,,0,0,none
PAM-01278,jean_dev,Developer,app-dev-01,Tunisia,36.8065,10.1815,SSH,2026-03-02 08:03:17,9.6,8,0,1,,0,0,none
PAM-00197,marc_netadmin,Network Admin,fw-edge-01,Tunisia,36.8065,10.1815,HTTPS,2026-03-02 08:36:35,25.6,8,0,9,,0,0,none
PAM-00092,marc_netadmin,Network Admin,switch-core-01,Tunisia,36.8065,10.1815,HTTPS,2026-03-02 09:00:34,15.6,9,0,3,,0,0,none
PAM-02002,jean_dev,Developer,app-dev-01,Tunisia,36.8065,10.1815,SSH,2026-03-02 09:30:35,11.9,9,0,2,,0,0,none
PAM-00886,marc_netadmin,Network Admin,fw-edge-02,Tunisia,36.8065,10.1815,HTTPS,2026-03-02 11:38:22,18.3,11,0,6,,0,0,none
PAM-00250,jean_dev,Developer,app-dev-01,Tunisia,36.8065,10.1815,SSH,2026-03-02 12:10:40,12.0,12,0,1,,0,0,none
PAM-00891,sara_dba,DBA,prod-db-01,Tunisia,36.8065,10.1815,SSH,2026-03-02 14:16:31,39.0,14,0,13,,0,0,none
PAM-00422,sara_dba,DBA,prod-db-01,Tunisia,36.8065,10.1815,SSH,2026-03-02 14:38:52,51.6,14,0,17,,0,0,none
PAM-01947,sara_dba,DBA,backup-db,Tunisia,36.8065,10.1815,SSH,2026-03-02 14:45:46,17.5,14,0,4,,0,0,none
PAM-01087,jean_dev,Developer,git-prod,Tunisia,36.8065,10.1815,SSH,2026-03-02 16:07:26,44.7,16,0,8,,0,0,none
PAM-01091,crypto_bot,Service Account,backup-db,Tunisia,36.8065,10.1815,SSH,2026-03-03 02:11:00,21.5,2,0,9,,0,0,none
PAM-01209,crypto_bot,Service Account,backup-db,Tunisia,36.8065,10.1815,SSH,2026-03-03 02:16:25,27.3,2,0,9,,0,0,none
PAM-01004,crypto_bot,Service Account,backup-db,Tunisia,36.8065,10.1815,SSH,2026-03-03 02:31:26,9.6,2,0,1,,0,0,none
PAM-01856,crypto_bot,Service Account,backup-db,Tunisia,36.8065,10.1815,SSH,2026-03-03 02:54:38,54.3,2,0,22,,0,0,none
PAM-01088,jean_dev,Developer,app-dev-01,Tunisia,36.8065,10.1815,SSH,2026-03-03 05:26:01,16.4,5,0,6,,0,0,none
PAM-01606,marc_netadmin,Network Admin,fw-edge-02,Tunisia,36.8065,10.1815,HTTPS,2026-03-03 07:19:08,18.7,7,0,2,,0,0,none
PAM-01873,marc_netadmin,Network Admin,fw-edge-01,Tunisia,36.8065,10.1815,HTTPS,2026-03-03 07:32:48,25.0,7,0,6,,0,0,none
PAM-01041,marc_netadmin,Network Admin,switch-core-01,Tunisia,36.8065,10.1815,HTTPS,2026-03-03 07:53:52,24.2,7,0,4,,0,0,none
PAM-00814,marc_netadmin,Network Admin,fw-edge-01,Tunisia,36.8065,10.1815,HTTPS,2026-03-03 08:28:54,12.5,8,0,6,,0,0,none
PAM-01025,jean_dev,Developer,app-staging,Tunisia,36.8065,10.1815,SSH,2026-03-03 08:44:15,6.4,8,0,1,,0,0,none
PAM-00161,jean_dev,Developer,app-dev-01,Tunisia,36.8065,10.1815,SSH,2026-03-03 08:46:22,10.0,8,0,1,,0,0,none
PAM-01858,jean_dev,Developer,app-dev-01,Tunisia,36.8065,10.1815,SSH,2026-03-03 09:24:03,9.5,9,0,2,,0,0,none
PAM-00536,marc_netadmin,Network Admin,fw-edge-02,Tunisia,36.8065,10.1815,HTTPS,2026-03-03 09:34:52,7.0,9,0,2,,0,0,none
PAM-00654,marc_netadmin,Network Admin,fw-edge-02,Tunisia,36.8065,10.1815,HTTPS,2026-03-03 09:36:18,9.1,9,0,1,,0,0,none
PAM-02076,jean_dev,Developer,app-dev-01,Tunisia,36.8065,10.1815,SSH,2026-03-03 11:17:24,9.7,11,0,3,,0,0,none
PAM-00373,jean_dev,Developer,app-dev-01,Tunisia,36.8065,10.1815,SSH,2026-03-03 11:52:44,7.6,11,0,1,,0,0,none
PAM-00996,jean_dev,Developer,git-prod,Tunisia,36.8065,10.1815,SSH,2026-03-03 12:34:24,35.3,12,0,5,,0,0,none
PAM-01267,sara_dba,DBA,prod-db-01,Tunisia,36.8065,10.1815,SSH,2026-03-03 13:06:32,36.9,13,0,5,,0,0,none
PAM-00480,marc_netadmin,Network Admin,fw-edge-01,Tunisia,36.8065,10.1815,HTTPS,2026-03-03 13:18:03,18.6,13,0,5,,0,0,none
PAM-01671,sara_dba,DBA,backup-db,Tunisia,36.8065,10.1815,SSH,2026-03-03 15:20:07,24.2,15,0,9,,0,0,none
PAM-00118,sara_dba,DBA,prod-db-01,Tunisia,36.8065,10.1815,SSH,2026-03-03 15:37:48,12.3,15,0,1,,0,0,none
PAM-01647,sara_dba,DBA,prod-db-01,Tunisia,36.8065,10.1815,SSH,2026-03-03 18:46:46,25.3,18,0,7,,0,0,none
PAM-01154,crypto_bot,Service Account,backup-db,Tunisia,36.8065,10.1815,SSH,2026-03-04 01:33:14,80.5,1,0,22,,0,0,none
PAM-00097,crypto_bot,Service Account,backup-db,Tunisia,36.8065,10.1815,SSH,2026-03-04 02:01:26,11.8,2,0,2,,0,0,none
PAM-01683,crypto_bot,Service Account,backup-db,Tunisia,36.8065,10.1815,SSH,2026-03-04 02:29:48,9.9,2,0,2,,0,0,none
PAM-00711,crypto_bot,Service Account,backup-db,Tunisia,36.8065,10.1815,SSH,2026-03-04 02:31:03,15.7,2,0,2,,0,0,none
PAM-01994,crypto_bot,Service Account,backup-db,Tunisia,36.8065,10.1815,SSH,2026-03-04 02:39:41,43.7,2,0,15,,0,0,none
PAM-01552,crypto_bot,Service Account,backup-db,Tunisia,36.8065,10.1815,SSH,2026-03-04 02:57:58,8.0,2,0,2,,0,0,none
PAM-01459,crypto_bot,Service Account,backup-db,Tunisia,36.8065,10.1815,SSH,2026-03-04 03:35:55,111.8,3,0,31,passwd root,1,0,none
PAM-00327,jean_dev,Developer,app-dev-01,Tunisia,36.8065,10.1815,SSH,2026-03-04 06:55:43,32.0,6,0,9,,0,0,none
PAM-01674,jean_dev,Developer,app-dev-01,Tunisia,36.8065,10.1815,SSH,2026-03-04 07:40:39,31.2,7,0,7,,0,0,none
PAM-01940,marc_netadmin,Network Admin,fw-edge-01,Tunisia,36.8065,10.1815,HTTPS,2026-03-04 08:20:45,34.5,8,0,6,,0,0,none
PAM-00566,marc_netadmin,Network Admin,fw-edge-01,Tunisia,36.8065,10.1815,HTTPS,2026-03-04 09:20:11,10.4,9,0,4,,0,0,none
PAM-02046,marc_netadmin,Network Admin,switch-core-01,Tunisia,36.8065,10.1815,HTTPS,2026-03-04 12:50:26,25.6,12,0,3,,0,0,none
PAM-00467,sara_dba,DBA,prod-db-01,Tunisia,36.8065,10.1815,SSH,2026-03-04 14:01:29,9.3,14,0,1,,0,0,none
PAM-01371,sara_dba,DBA,prod-db-02,Tunisia,36.8065,10.1815,SSH,2026-03-04 14:31:53,6.6,14,0,1,,0,0,none
PAM-01312,marc_netadmin,Network Admin,fw-edge-01,Tunisia,36.8065,10.1815,HTTPS,2026-03-05 06:13:20,297.4,6,0,65,,0,1,unusual_duration
PAM-00923,marc_netadmin,Network Admin,fw-edge-02,Tunisia,36.8065,10.1815,HTTPS,2026-03-05 07:10:53,16.9,7,0,3,,0,0,none
PAM-00126,marc_netadmin,Network Admin,fw-edge-01,Tunisia,36.8065,10.1815,HTTPS,2026-03-05 09:12:18,39.5,9,0,11,,0,0,none
PAM-01307,jean_dev,Developer,app-dev-01,Tunisia,36.8065,10.1815,SSH,2026-03-05 09:57:31,18.4,9,0,7,,0,0,none
PAM-00243,marc_netadmin,Network Admin,fw-edge-02,Tunisia,36.8065,10.1815,HTTPS,2026-03-05 10:06:03,13.2,10,0,3,,0,0,none
PAM-00895,jean_dev,Developer,git-prod,Tunisia,36.8065,10.1815,SSH,2026-03-05 10:22:08,31.9,10,0,8,,0,0,none
PAM-01123,jean_dev,Developer,app-dev-01,Tunisia,36.8065,10.1815,SSH,2026-03-05 10:37:31,21.9,10,0,6,,0,0,none
PAM-00410,jean_dev,Developer,git-prod,Tunisia,36.8065,10.1815,SSH,2026-03-05 11:48:40,17.0,11,0,1,,0,0,none
PAM-01351,jean_dev,Developer,app-dev-01,Tunisia,36.8065,10.1815,SSH,2026-03-05 12:04:23,12.4,12,0,1,,0,0,none
PAM-00903,sara_dba,DBA,prod-db-01,Tunisia,36.8065,10.1815,SSH,2026-03-05 12:05:56,7.2,12,0,1,,0,0,none
PAM-01196,jean_dev,Developer,git-prod,Tunisia,36.8065,10.1815,SSH,2026-03-05 12:33:36,31.2,12,0,7,,0,0,none
PAM-00219,jean_dev,Developer,app-dev-01,Tunisia,36.8065,10.1815,SSH,2026-03-05 12:34:48,11.8,12,0,6,,0,0,none
PAM-01833,sara_dba,DBA,backup-db,Tunisia,36.8065,10.1815,SSH,2026-03-05 13:29:25,104.5,13,0,29,,0,0,none
PAM-00522,sara_dba,DBA,prod-db-01,Tunisia,36.8065,10.1815,SSH,2026-03-05 14:42:48,11.1,14,0,3,,0,0,none
PAM-02035,marc_netadmin,Network Admin,fw-edge-02,Tunisia,36.8065,10.1815,HTTPS,2026-03-05 15:02:24,29.9,15,0,9,,0,0,none
PAM-01692,sara_dba,DBA,prod-db-01,Russia,55.7558,37.6173,SSH,2026-03-05 16:05:26,20.4,16,0,3,,0,1,unusual_country
PAM-00149,sara_dba,DBA,prod-db-01,Tunisia,36.8065,10.1815,SSH,2026-03-05 18:14:34,25.3,18,0,3,,0,0,none
PAM-01112,crypto_bot,Service Account,backup-db,Tunisia,36.8065,10.1815,SSH,2026-03-06 02:19:42,5.6,2,0,1,,0,0,none
PAM-01986,crypto_bot,Service Account,backup-db,Tunisia,36.8065,10.1815,SSH,2026-03-06 02:42:13,17.2,2,0,3,,0,0,none
PAM-01062,crypto_bot,Service Account,backup-db,Tunisia,36.8065,10.1815,SSH,2026-03-06 02:59:19,25.6,2,0,10,,0,0,none
PAM-01344,jean_dev,Developer,git-prod,Tunisia,36.8065,10.1815,SSH,2026-03-06 08:41:32,34.5,8,0,10,,0,0,none
PAM-01131,marc_netadmin,Network Admin,fw-edge-01,Tunisia,36.8065,10.1815,HTTPS,2026-03-06 09:10:15,17.9,9,0,2,,0,0,none
PAM-01634,jean_dev,Developer,git-prod,Tunisia,36.8065,10.1815,SSH,2026-03-06 09:20:03,25.1,9,0,5,,0,0,none
PAM-01077,marc_netadmin,Network Admin,fw-edge-01,Tunisia,36.8065,10.1815,HTTPS,2026-03-06 09:33:12,29.6,9,0,10,,0,0,none
PAM-01252,jean_dev,Developer,git-prod,Tunisia,36.8065,10.1815,SSH,2026-03-06 09:44:58,19.5,9,0,8,,0,0,none
PAM-00477,jean_dev,Developer,git-prod,Tunisia,36.8065,10.1815,SSH,2026-03-06 10:06:44,30.4,10,0,6,,0,0,none
PAM-00669,jean_dev,Developer,app-dev-01,Tunisia,36.8065,10.1815,SSH,2026-03-06 10:28:27,32.0,10,0,7,,0,0,none
PAM-01007,marc_netadmin,Network Admin,switch-core-01,Tunisia,36.8065,10.1815,HTTPS,2026-03-06 10:46:47,25.3,10,0,2,,0,0,none
PAM-01689,jean_dev,Developer,git-prod,Tunisia,36.8065,10.1815,SSH,2026-03-06 10:51:37,39.4,10,0,8,,0,0,none
PAM-00057,jean_dev,Developer,app-dev-01,Tunisia,36.8065,10.1815,SSH,2026-03-06 11:46:02,25.4,11,0,6,,0,0,none
PAM-01018,jean_dev,Developer,app-dev-01,Tunisia,36.8065,10.1815,SSH,2026-03-06 11:56:37,26.9,11,0,2,,0,0,none
PAM-01005,jean_dev,Developer,app-dev-01,Tunisia,36.8065,10.1815,SSH,2026-03-06 12:30:45,31.2,12,0,10,,0,0,none
PAM-02005,marc_netadmin,Network Admin,fw-edge-01,Tunisia,36.8065,10.1815,HTTPS,2026-03-06 13:13:49,46.9,13,0,14,,0,0,none
PAM-00011,jean_dev,Developer,git-prod,Tunisia,36.8065,10.1815,SSH,2026-03-06 13:38:35,31.7,13,0,5,rm -rf,1,1,sensitive_command
PAM-01998,sara_dba,DBA,prod-db-01,Tunisia,36.8065,10.1815,SSH,2026-03-06 13:48:19,22.6,13,0,5,,0,0,none
PAM-01229,sara_dba,DBA,backup-db,Tunisia,36.8065,10.1815,SSH,2026-03-06 14:11:40,8.1,14,0,1,rm -rf,1,0,none
PAM-01430,sara_dba,DBA,backup-db,Tunisia,36.8065,10.1815,SSH,2026-03-06 17:43:39,32.8,17,0,6,,0,0,none
PAM-01361,crypto_bot,Service Account,backup-db,Tunisia,36.8065,10.1815,SSH,2026-03-07 02:15:45,28.5,2,1,5,,0,0,none
PAM-01323,crypto_bot,Service Account,backup-db,Tunisia,36.8065,10.1815,SSH,2026-03-07 02:19:16,13.0,2,1,2,,0,0,none
PAM-00778,crypto_bot,Service Account,backup-db,Tunisia,36.8065,10.1815,SSH,2026-03-07 02:30:52,34.3,2,1,10,,0,0,none
PAM-00839,crypto_bot,Service Account,backup-db,Tunisia,36.8065,10.1815,SSH,2026-03-08 02:01:14,22.4,2,1,5,,0,0,none
PAM-01180,crypto_bot,Service Account,backup-db,Tunisia,36.8065,10.1815,SSH,2026-03-08 02:16:01,27.1,2,1,6,,0,0,none
PAM-00726,crypto_bot,Service Account,backup-db,Tunisia,36.8065,10.1815,SSH,2026-03-08 02:26:49,45.4,2,1,13,,0,0,none
PAM-00125,crypto_bot,Service Account,backup-db,Tunisia,36.8065,10.1815,SSH,2026-03-08 02:36:13,37.2,2,1,10,,0,0,none
PAM-00165,crypto_bot,Service Account,backup-db,Tunisia,36.8065,10.1815,SSH,2026-03-08 02:37:36,38.2,2,1,9,,0,0,none
PAM-00256,crypto_bot,Service Account,backup-db,Tunisia,36.8065,10.1815,SSH,2026-03-08 02:40:06,17.7,2,1,3,,0,0,none
PAM-00580,crypto_bot,Service Account,backup-db,Tunisia,36.8065,10.1815,SSH,2026-03-08 02:51:50,12.4,2,1,1,,0,0,none
PAM-01776,crypto_bot,Service Account,backup-db,Tunisia,36.8065,10.1815,SSH,2026-03-09 01:19:37,15.1,1,0,6,,0,0,none
PAM-00138,crypto_bot,Service Account,backup-db,Tunisia,36.8065,10.1815,SSH,2026-03-09 02:06:16,59.3,2,0,17,,0,0,none
PAM-01483,crypto_bot,Service Account,backup-db,Tunisia,36.8065,10.1815,SSH,2026-03-09 02:09:52,23.7,2,0,12,,0,0,none
PAM-01265,crypto_bot,Service Account,backup-db,Tunisia,36.8065,10.1815,SSH,2026-03-09 02:15:22,23.3,2,0,8,,0,0,none
PAM-01036,crypto_bot,Service Account,backup-db,Tunisia,36.8065,10.1815,SSH,2026-03-09 02:30:57,9.5,2,0,2,,0,0,none
PAM-00698,crypto_bot,Service Account,backup-db,Tunisia,36.8065,10.1815,SSH,2026-03-09 02:43:58,11.8,2,0,3,,0,0,none
PAM-01797,marc_netadmin,Network Admin,fw-edge-02,Tunisia,36.8065,10.1815,HTTPS,2026-03-09 08:57:03,20.9,8,0,2,,0,0,none
PAM-00868,sara_dba,DBA,backup-db,Tunisia,36.8065,10.1815,SSH,2026-03-09 09:51:46,19.4,9,0,5,,0,0,none
PAM-01818,marc_netadmin,Network Admin,switch-core-01,Tunisia,36.8065,10.1815,HTTPS,2026-03-09 10:04:59,12.6,10,0,3,,0,0,none
PAM-01167,marc_netadmin,Network Admin,fw-edge-01,Tunisia,36.8065,10.1815,HTTPS,2026-03-09 10:41:07,8.0,10,0,4,,0,0,none
PAM-00200,jean_dev,Developer,app-dev-01,Tunisia,36.8065,10.1815,SSH,2026-03-09 11:53:42,12.2,11,0,5,,0,0,none
PAM-00824,marc_netadmin,Network Admin,fw-edge-02,Tunisia,36.8065,10.1815,HTTPS,2026-03-09 12:16:23,12.4,12,0,2,,0,0,none
PAM-01681,jean_dev,Developer,app-dev-01,Tunisia,36.8065,10.1815,SSH,2026-03-09 12:37:14,17.5,12,0,3,,0,0,none
PAM-00841,jean_dev,Developer,git-prod,Tunisia,36.8065,10.1815,SSH,2026-03-10 09:58:27,17.0,9,0,5,shutdown -h now,1,0,none
PAM-00163,jean_dev,Developer,app-dev-01,Tunisia,36.8065,10.1815,SSH,2026-03-10 10:39:38,12.3,10,0,2,,0,0,none
PAM-00133,jean_dev,Developer,app-dev-01,Tunisia,36.8065,10.1815,SSH,2026-03-10 12:08:04,18.5,12,0,4,,0,0,none
PAM-01083,jean_dev,Developer,app-dev-01,Tunisia,36.8065,10.1815,SSH,2026-03-10 13:12:02,7.9,13,0,3,,0,0,none
PAM-01816,sara_dba,DBA,prod-db-01,Tunisia,36.8065,10.1815,SSH,2026-03-10 14:50:27,20.2,14,0,6,,0,0,none
PAM-01809,sara_dba,DBA,prod-db-01,Tunisia,36.8065,10.1815,SSH,2026-03-10 14:52:35,19.8,14,0,2,,0,0,none
PAM-01273,sara_dba,DBA,prod-db-01,Tunisia,36.8065,10.1815,SSH,2026-03-10 15:21:38,27.0,15,0,4,,0,0,none
PAM-01213,sara_dba,DBA,prod-db-01,Tunisia,36.8065,10.1815,SSH,2026-03-10 17:26:47,25.9,17,0,5,,0,0,none
PAM-01595,sara_dba,DBA,prod-db-01,Tunisia,36.8065,10.1815,SSH,2026-03-10 17:52:12,15.4,17,0,6,,0,0,none
PAM-00967,crypto_bot,Service Account,backup-db,Tunisia,36.8065,10.1815,SSH,2026-03-11 02:14:13,36.4,2,0,10,,0,0,none
PAM-00399,crypto_bot,Service Account,backup-db,Tunisia,36.8065,10.1815,SSH,2026-03-11 02:33:56,28.4,2,0,8,DROP TABLE,1,0,none
PAM-01268,crypto_bot,Service Account,backup-db,Tunisia,36.8065,10.1815,SSH,2026-03-11 02:46:35,31.1,2,0,7,,0,0,none
PAM-00779,marc_netadmin,Network Admin,switch-core-01,Tunisia,36.8065,10.1815,HTTPS,2026-03-11 06:09:40,19.9,6,0,4,,0,0,none
PAM-01728,jean_dev,Developer,git-prod,Tunisia,36.8065,10.1815,SSH,2026-03-11 09:02:13,9.8,9,0,1,,0,0,none
PAM-00725,sara_dba,DBA,prod-db-02,Tunisia,36.8065,10.1815,SSH,2026-03-11 11:14:44,14.6,11,0,2,,0,0,none
PAM-01716,sara_dba,DBA,prod-db-02,Tunisia,36.8065,10.1815,SSH,2026-03-11 11:17:15,16.4,11,0,5,,0,0,none
PAM-00389,marc_netadmin,Network Admin,fw-edge-01,Tunisia,36.8065,10.1815,HTTPS,2026-03-11 11:54:30,19.0,11,0,4,,0,0,none
PAM-01893,sara_dba,DBA,prod-db-01,Tunisia,36.8065,10.1815,SSH,2026-03-11 12:14:34,2.8,12,0,1,,0,0,none
PAM-00109,sara_dba,DBA,prod-db-02,Tunisia,36.8065,10.1815,SSH,2026-03-11 12:28:22,13.6,12,0,4,,0,0,none
PAM-02038,sara_dba,DBA,backup-db,Tunisia,36.8065,10.1815,SSH,2026-03-11 16:14:06,32.0,16,0,7,,0,0,none
PAM-00111,sara_dba,DBA,backup-db,Tunisia,36.8065,10.1815,SSH,2026-03-11 17:55:51,5.8,17,0,1,,0,0,none
PAM-01944,crypto_bot,Service Account,backup-db,Tunisia,36.8065,10.1815,SSH,2026-03-12 01:38:58,13.2,1,0,4,,0,0,none
PAM-00248,crypto_bot,Service Account,backup-db,Tunisia,36.8065,10.1815,SSH,2026-03-12 02:15:34,31.2,2,0,5,,0,0,none
PAM-00673,crypto_bot,Service Account,backup-db,Tunisia,36.8065,10.1815,SSH,2026-03-12 02:31:33,49.5,2,0,10,,0,0,none
PAM-00697,crypto_bot,Service Account,backup-db,Tunisia,36.8065,10.1815,SSH,2026-03-12 02:33:15,24.9,2,0,8,,0,0,none
PAM-02068,marc_netadmin,Network Admin,fw-edge-01,Tunisia,36.8065,10.1815,HTTPS,2026-03-12 08:39:35,13.0,8,0,3,,0,0,none
PAM-00623,jean_dev,Developer,app-dev-01,Tunisia,36.8065,10.1815,SSH,2026-03-12 08:53:18,25.2,8,0,2,,0,0,none
PAM-01072,sara_dba,DBA,prod-db-01,North Korea,39.0392,125.7625,SSH,2026-03-12 09:20:02,53.9,9,0,14,,0,1,unusual_country
PAM-01851,jean_dev,Developer,git-prod,Tunisia,36.8065,10.1815,SSH,2026-03-12 09:44:03,35.5,9,0,10,,0,0,none
PAM-00393,jean_dev,Developer,app-dev-01,Tunisia,36.8065,10.1815,SSH,2026-03-12 10:05:36,17.9,10,0,3,,0,0,none
PAM-01543,marc_netadmin,Network Admin,switch-core-01,Tunisia,36.8065,10.1815,HTTPS,2026-03-12 11:18:40,5.7,11,0,1,,0,0,none
PAM-01032,marc_netadmin,Network Admin,switch-core-01,Tunisia,36.8065,10.1815,HTTPS,2026-03-12 12:27:46,14.6,12,0,6,,0,0,none
PAM-00641,sara_dba,DBA,prod-db-01,Tunisia,36.8065,10.1815,SSH,2026-03-12 13:34:02,21.8,13,0,5,,0,0,none
PAM-00206,sara_dba,DBA,prod-db-01,Tunisia,36.8065,10.1815,SSH,2026-03-12 15:34:24,24.0,15,0,5,,0,0,none
PAM-00424,sara_dba,DBA,prod-db-01,Tunisia,36.8065,10.1815,SSH,2026-03-12 16:35:52,9.4,16,0,1,,0,0,none
PAM-01392,crypto_bot,Service Account,backup-db,Tunisia,36.8065,10.1815,SSH,2026-03-13 02:28:31,17.6,2,0,3,,0,0,none
PAM-01298,crypto_bot,Service Account,backup-db,Tunisia,36.8065,10.1815,SSH,2026-03-13 02:35:45,41.2,2,0,12,,0,0,none
PAM-01494,crypto_bot,Service Account,backup-db,Tunisia,36.8065,10.1815,SSH,2026-03-13 03:57:49,9.9,3,0,2,,0,0,none
PAM-01099,marc_netadmin,Network Admin,fw-edge-01,Tunisia,36.8065,10.1815,HTTPS,2026-03-13 09:11:19,22.2,9,0,7,,0,0,none
PAM-00688,sara_dba,DBA,prod-db-01,Tunisia,36.8065,10.1815,SSH,2026-03-13 09:16:48,16.0,9,0,7,,0,0,none
PAM-00107,jean_dev,Developer,app-dev-01,Tunisia,36.8065,10.1815,SSH,2026-03-13 10:00:54,13.0,10,0,4,,0,0,none
PAM-00974,jean_dev,Developer,app-dev-01,Tunisia,36.8065,10.1815,SSH,2026-03-13 11:39:56,46.4,11,0,10,,0,0,none
PAM-00418,sara_dba,DBA,backup-db,Tunisia,36.8065,10.1815,SSH,2026-03-13 13:06:06,32.1,13,0,10,,0,0,none
PAM-01204,crypto_bot,Service Account,backup-db,Tunisia,36.8065,10.1815,SSH,2026-03-14 01:01:16,21.1,1,1,6,,0,1,unusual_hour
PAM-00137,crypto_bot,Service Account,backup-db,Tunisia,36.8065,10.1815,SSH,2026-03-14 02:03:58,27.3,2,1,10,,0,0,none
PAM-01894,crypto_bot,Service Account,backup-db,Tunisia,36.8065,10.1815,SSH,2026-03-14 02:57:23,44.8,2,1,7,,0,0,none
PAM-01807,marc_netadmin,Network Admin,backup-db,Tunisia,36.8065,10.1815,HTTPS,2026-03-14 10:33:29,14.5,10,1,5,,0,1,unusual_asset
PAM-00503,crypto_bot,Service Account,backup-db,Tunisia,36.8065,10.1815,SSH,2026-03-15 02:37:38,40.8,2,1,15,,0,0,none
PAM-00829,crypto_bot,Service Account,backup-db,Tunisia,36.8065,10.1815,SSH,2026-03-15 02:43:47,5.9,2,1,2,,0,0,none
PAM-00124,marc_netadmin,Network Admin,switch-core-01,Tunisia,36.8065,10.1815,HTTPS,2026-03-15 06:53:02,33.6,6,1,15,,0,0,none
PAM-00229,marc_netadmin,Network Admin,fw-edge-01,Tunisia,36.8065,10.1815,HTTPS,2026-03-15 09:17:43,12.7,9,1,4,,0,0,none
PAM-00966,sara_dba,DBA,prod-db-01,Tunisia,36.8065,10.1815,SSH,2026-03-15 17:33:07,53.7,17,1,12,,0,0,none
PAM-00174,crypto_bot,Service Account,backup-db,Tunisia,36.8065,10.1815,SSH,2026-03-16 01:45:43,26.4,1,0,8,,0,0,none
PAM-01791,crypto_bot,Service Account,backup-db,Tunisia,36.8065,10.1815,SSH,2026-03-16 02:16:17,31.7,2,0,11,,0,0,none
PAM-01440,crypto_bot,Service Account,backup-db,Tunisia,36.8065,10.1815,SSH,2026-03-16 02:17:17,24.4,2,0,6,,0,0,none
PAM-00255,crypto_bot,Service Account,backup-db,Tunisia,36.8065,10.1815,SSH,2026-03-16 02:18:30,14.5,2,0,6,,0,0,none
PAM-00459,crypto_bot,Service Account,backup-db,Tunisia,36.8065,10.1815,SSH,2026-03-16 02:25:11,7.3,2,0,2,,0,0,none
PAM-00442,crypto_bot,Service Account,backup-db,Tunisia,36.8065,10.1815,SSH,2026-03-16 02:46:24,22.2,2,0,8,,0,0,none
PAM-00581,marc_netadmin,Network Admin,switch-core-01,Tunisia,36.8065,10.1815,HTTPS,2026-03-16 06:50:01,41.5,6,0,14,,0,0,none
PAM-00276,marc_netadmin,Network Admin,fw-edge-01,Tunisia,36.8065,10.1815,HTTPS,2026-03-16 09:07:25,68.9,9,0,21,,0,0,none
PAM-00598,marc_netadmin,Network Admin,fw-edge-02,Tunisia,36.8065,10.1815,HTTPS,2026-03-16 09:31:18,15.4,9,0,2,,0,0,none
PAM-00769,marc_netadmin,Network Admin,app-dev-01,Tunisia,36.8065,10.1815,HTTPS,2026-03-16 11:22:18,13.9,11,0,8,,0,1,unusual_asset
PAM-00225,marc_netadmin,Network Admin,fw-edge-02,Tunisia,36.8065,10.1815,HTTPS,2026-03-16 12:04:11,4.6,12,0,2,,0,0,none
PAM-00715,jean_dev,Developer,app-dev-01,Tunisia,36.8065,10.1815,SSH,2026-03-16 12:24:43,9.4,12,0,4,,0,0,none
PAM-00790,sara_dba,DBA,backup-db,Tunisia,36.8065,10.1815,SSH,2026-03-16 14:35:14,19.3,14,0,6,,0,0,none
PAM-00395,sara_dba,DBA,backup-db,Tunisia,36.8065,10.1815,SSH,2026-03-16 14:47:52,47.3,14,0,10,,0,0,none
PAM-00275,sara_dba,DBA,prod-db-01,Tunisia,36.8065,10.1815,SSH,2026-03-16 14:56:51,21.2,14,0,4,,0,0,none
PAM-00827,sara_dba,DBA,prod-db-01,Tunisia,36.8065,10.1815,SSH,2026-03-16 15:35:14,10.1,15,0,1,,0,0,none
PAM-01630,crypto_bot,Service Account,backup-db,Tunisia,36.8065,10.1815,SSH,2026-03-17 02:03:41,8.4,2,0,3,,0,0,none
PAM-01802,crypto_bot,Service Account,backup-db,Tunisia,36.8065,10.1815,SSH,2026-03-17 03:28:14,12.3,3,0,2,,0,0,none
PAM-01960,jean_dev,Developer,app-dev-01,Tunisia,36.8065,10.1815,SSH,2026-03-17 11:06:18,42.8,11,0,13,,0,0,none
PAM-01130,sara_dba,DBA,backup-db,Tunisia,36.8065,10.1815,SSH,2026-03-17 11:06:39,9.5,11,0,5,,0,0,none
PAM-00604,jean_dev,Developer,app-dev-01,Tunisia,36.8065,10.1815,SSH,2026-03-17 11:09:46,42.1,11,0,6,,0,0,none
PAM-00954,sara_dba,DBA,prod-db-01,Tunisia,36.8065,10.1815,SSH,2026-03-17 12:25:29,506.8,12,0,129,,0,1,unusual_duration
PAM-00498,sara_dba,DBA,prod-db-01,Tunisia,36.8065,10.1815,SSH,2026-03-17 12:45:37,15.6,12,0,6,,0,0,none
PAM-00380,crypto_bot,Service Account,backup-db,Tunisia,36.8065,10.1815,SSH,2026-03-18 01:16:25,18.0,1,0,4,,0,0,none
PAM-01908,crypto_bot,Service Account,backup-db,Tunisia,36.8065,10.1815,SSH,2026-03-18 02:00:23,11.9,2,0,4,,0,0,none
PAM-00546,crypto_bot,Service Account,backup-db,Tunisia,36.8065,10.1815,SSH,2026-03-18 02:00:49,29.8,2,0,4,,0,0,none
PAM-00952,crypto_bot,Service Account,backup-db,Tunisia,36.8065,10.1815,SSH,2026-03-18 02:08:11,9.0,2,0,7,,0,0,none
PAM-01846,crypto_bot,Service Account,backup-db,Tunisia,36.8065,10.1815,SSH,2026-03-18 02:22:04,16.7,2,0,4,,0,0,none
PAM-00567,crypto_bot,Service Account,backup-db,Tunisia,36.8065,10.1815,SSH,2026-03-18 02:29:42,33.0,2,0,5,,0,0,none
PAM-01385,crypto_bot,Service Account,backup-db,Tunisia,36.8065,10.1815,SSH,2026-03-18 02:34:58,14.7,2,0,4,,0,0,none
PAM-01511,marc_netadmin,Network Admin,fw-edge-02,Tunisia,36.8065,10.1815,HTTPS,2026-03-18 04:42:55,19.4,4,0,7,,0,0,none
PAM-01081,marc_netadmin,Network Admin,fw-edge-01,Tunisia,36.8065,10.1815,HTTPS,2026-03-18 09:20:53,31.1,9,0,8,,0,0,none
PAM-01563,jean_dev,Developer,git-prod,Tunisia,36.8065,10.1815,SSH,2026-03-18 10:32:45,6.5,10,0,3,,0,0,none
PAM-00670,jean_dev,Developer,app-dev-01,Tunisia,36.8065,10.1815,SSH,2026-03-18 10:53:47,16.9,10,0,6,,0,0,none
PAM-00657,sara_dba,DBA,backup-db,Tunisia,36.8065,10.1815,SSH,2026-03-18 11:06:39,14.9,11,0,2,,0,0,none
PAM-02059,sara_dba,DBA,prod-db-01,Tunisia,36.8065,10.1815,SSH,2026-03-18 11:19:46,25.1,11,0,6,,0,0,none
PAM-00321,sara_dba,DBA,prod-db-01,Tunisia,36.8065,10.1815,SSH,2026-03-18 12:02:07,12.2,12,0,1,,0,0,none
PAM-00735,sara_dba,DBA,prod-db-01,Tunisia,36.8065,10.1815,SSH,2026-03-18 13:00:50,21.3,13,0,3,,0,0,none
PAM-00774,sara_dba,DBA,backup-db,Tunisia,36.8065,10.1815,SSH,2026-03-18 15:36:24,29.1,15,0,6,,0,0,none
PAM-00830,sara_dba,DBA,backup-db,Tunisia,36.8065,10.1815,SSH,2026-03-18 15:49:01,9.5,15,0,2,,0,0,none
PAM-00687,crypto_bot,Service Account,backup-db,Tunisia,36.8065,10.1815,SSH,2026-03-19 01:44:22,17.6,1,0,6,,0,0,none
PAM-01773,crypto_bot,Service Account,backup-db,Tunisia,36.8065,10.1815,SSH,2026-03-19 02:54:30,21.4,2,0,3,,0,0,none
PAM-00290,crypto_bot,Service Account,backup-db,Tunisia,36.8065,10.1815,SSH,2026-03-19 03:07:42,21.2,3,0,6,,0,0,none
PAM-00983,jean_dev,Developer,app-dev-01,Tunisia,36.8065,10.1815,SSH,2026-03-19 08:00:38,19.7,8,0,4,,0,0,none
PAM-01045,marc_netadmin,Network Admin,fw-edge-01,Tunisia,36.8065,10.1815,HTTPS,2026-03-19 08:37:34,36.8,8,0,4,,0,0,none
PAM-01533,marc_netadmin,Network Admin,fw-edge-01,Tunisia,36.8065,10.1815,HTTPS,2026-03-19 09:45:39,21.5,9,0,5,,0,0,none
PAM-01468,marc_netadmin,Network Admin,fw-edge-02,Tunisia,36.8065,10.1815,HTTPS,2026-03-19 09:56:15,9.5,9,0,2,,0,0,none
PAM-01346,sara_dba,DBA,backup-db,Tunisia,36.8065,10.1815,SSH,2026-03-19 15:48:21,28.2,15,0,7,,0,0,none
PAM-01065,sara_dba,DBA,prod-db-01,Tunisia,36.8065,10.1815,SSH,2026-03-19 16:29:14,29.3,16,0,6,,0,0,none
PAM-01668,jean_dev,Developer,app-dev-01,Tunisia,36.8065,10.1815,SSH,2026-03-20 03:51:27,12.1,3,0,3,,0,1,unusual_hour
PAM-00693,jean_dev,Developer,app-dev-01,Tunisia,36.8065,10.1815,SSH,2026-03-20 08:40:50,55.4,8,0,8,,0,0,none
PAM-00132,jean_dev,Developer,app-dev-01,Tunisia,36.8065,10.1815,SSH,2026-03-20 09:14:32,24.6,9,0,5,,0,0,none
PAM-00382,marc_netadmin,Network Admin,switch-core-01,Tunisia,36.8065,10.1815,HTTPS,2026-03-20 09:51:36,45.3,9,0,13,,0,0,none
PAM-01394,jean_dev,Developer,app-dev-01,Tunisia,36.8065,10.1815,SSH,2026-03-20 09:58:27,43.8,9,0,7,,0,0,none
PAM-01967,sara_dba,DBA,backup-db,Tunisia,36.8065,10.1815,SSH,2026-03-20 11:13:56,22.9,11,0,4,,0,0,none
PAM-01164,marc_netadmin,Network Admin,switch-core-01,Tunisia,36.8065,10.1815,HTTPS,2026-03-20 12:53:03,36.0,12,0,5,,0,0,none
PAM-01727,jean_dev,Developer,app-dev-01,Tunisia,36.8065,10.1815,SSH,2026-03-20 14:01:35,24.9,14,0,6,,0,0,none
PAM-01693,sara_dba,DBA,backup-db,Tunisia,36.8065,10.1815,SSH,2026-03-20 14:13:40,10.3,14,0,1,shutdown -h now,1,1,sensitive_command
PAM-01663,crypto_bot,Service Account,backup-db,Tunisia,36.8065,10.1815,SSH,2026-03-21 01:58:23,12.1,1,1,2,,0,0,none
PAM-02032,crypto_bot,Service Account,backup-db,Tunisia,36.8065,10.1815,SSH,2026-03-21 02:16:22,10.4,2,1,6,,0,0,none
PAM-01343,crypto_bot,Service Account,backup-db,Tunisia,36.8065,10.1815,SSH,2026-03-22 02:30:12,17.9,2,1,4,,0,0,none
PAM-01992,crypto_bot,Service Account,prod-db-01,Tunisia,36.8065,10.1815,SSH,2026-03-22 02:35:55,26.7,2,1,8,,0,1,unusual_asset
PAM-01017,crypto_bot,Service Account,backup-db,Tunisia,36.8065,10.1815,SSH,2026-03-23 02:05:50,17.6,2,0,2,,0,0,none
PAM-01465,crypto_bot,Service Account,backup-db,Tunisia,36.8065,10.1815,SSH,2026-03-23 02:16:24,15.8,2,0,3,,0,0,none
PAM-01966,crypto_bot,Service Account,backup-db,Tunisia,36.8065,10.1815,SSH,2026-03-23 02:54:25,20.7,2,0,10,passwd root,1,0,none
PAM-00921,crypto_bot,Service Account,backup-db,Tunisia,36.8065,10.1815,SSH,2026-03-23 03:10:24,13.0,3,0,4,,0,0,none
PAM-01800,sara_dba,DBA,backup-db,Tunisia,36.8065,10.1815,SSH,2026-03-23 08:11:10,27.3,8,0,7,,0,0,none
PAM-01872,marc_netadmin,Network Admin,fw-edge-01,Tunisia,36.8065,10.1815,HTTPS,2026-03-23 08:25:56,26.0,8,0,4,,0,0,none
PAM-01170,sara_dba,DBA,prod-db-01,Tunisia,36.8065,10.1815,SSH,2026-03-23 08:47:35,29.2,8,0,9,,0,0,none
PAM-00780,jean_dev,Developer,app-dev-01,Tunisia,36.8065,10.1815,SSH,2026-03-23 09:43:22,10.0,9,0,1,chmod 777,1,0,none
PAM-01724,jean_dev,Developer,app-dev-01,Tunisia,36.8065,10.1815,SSH,2026-03-23 10:03:27,46.8,10,0,9,,0,0,none
PAM-00155,sara_dba,DBA,prod-db-01,Tunisia,36.8065,10.1815,SSH,2026-03-23 10:13:28,23.5,10,0,9,,0,0,none
PAM-02016,jean_dev,Developer,app-dev-01,Tunisia,36.8065,10.1815,SSH,2026-03-23 10:42:30,27.8,10,0,8,,0,0,none
PAM-00481,jean_dev,Developer,app-dev-01,Tunisia,36.8065,10.1815,SSH,2026-03-23 11:07:38,13.4,11,0,5,,0,0,none
PAM-00785,sara_dba,DBA,backup-db,Tunisia,36.8065,10.1815,SSH,2026-03-23 11:15:53,130.5,11,0,25,,0,1,unusual_duration
PAM-00051,marc_netadmin,Network Admin,fw-edge-02,Tunisia,36.8065,10.1815,HTTPS,2026-03-23 12:21:15,45.5,12,0,15,,0,0,none
PAM-01202,sara_dba,DBA,prod-db-02,Tunisia,36.8065,10.1815,SSH,2026-03-23 12:44:19,24.4,12,0,2,,0,0,none
PAM-00578,jean_dev,Developer,app-dev-01,Tunisia,36.8065,10.1815,SSH,2026-03-23 12:55:45,25.8,12,0,8,,0,0,none
PAM-01733,sara_dba,DBA,prod-db-01,Tunisia,36.8065,10.1815,SSH,2026-03-23 14:15:47,8.4,14,0,3,,0,0,none
PAM-00058,sara_dba,DBA,backup-db,Tunisia,36.8065,10.1815,SSH,2026-03-23 14:17:30,19.4,14,0,5,,0,0,none
PAM-00334,crypto_bot,Service Account,backup-db,Tunisia,36.8065,10.1815,SSH,2026-03-24 02:11:49,32.0,2,0,9,,0,0,none
PAM-01490,crypto_bot,Service Account,backup-db,Tunisia,36.8065,10.1815,SSH,2026-03-24 02:30:22,11.5,2,0,2,shutdown -h now,1,1,sensitive_command
PAM-01199,marc_netadmin,Network Admin,fw-edge-02,Tunisia,36.8065,10.1815,HTTPS,2026-03-24 07:01:26,12.6,7,0,1,,0,0,none
PAM-01003,marc_netadmin,Network Admin,fw-edge-01,Tunisia,36.8065,10.1815,HTTPS,2026-03-24 10:35:08,13.3,10,0,6,,0,0,none
PAM-01068,jean_dev,Developer,app-dev-01,Tunisia,36.8065,10.1815,SSH,2026-03-24 11:10:46,21.2,11,0,12,,0,0,none
PAM-00485,jean_dev,Developer,git-prod,Tunisia,36.8065,10.1815,SSH,2026-03-24 11:19:05,9.7,11,0,2,,0,0,none
PAM-01443,marc_netadmin,Network Admin,fw-edge-01,Tunisia,36.8065,10.1815,HTTPS,2026-03-24 11:23:08,17.5,11,0,6,,0,0,none
PAM-00349,jean_dev,Developer,git-prod,Tunisia,36.8065,10.1815,SSH,2026-03-24 11:26:14,19.6,11,0,4,,0,0,none
PAM-01946,sara_dba,DBA,prod-db-01,Tunisia,36.8065,10.1815,SSH,2026-03-24 11:33:26,34.0,11,0,9,,0,0,none
PAM-01847,jean_dev,Developer,app-dev-01,Tunisia,36.8065,10.1815,SSH,2026-03-24 12:21:41,57.2,12,0,13,,0,0,none
PAM-00529,sara_dba,DBA,backup-db,Tunisia,36.8065,10.1815,SSH,2026-03-24 13:01:00,67.9,13,0,17,,0,0,none
PAM-01297,jean_dev,Developer,git-prod,Tunisia,36.8065,10.1815,SSH,2026-03-24 16:33:15,37.2,16,0,8,,0,0,none
PAM-01310,crypto_bot,Service Account,backup-db,Tunisia,36.8065,10.1815,SSH,2026-03-25 02:55:26,32.4,2,0,7,,0,0,none
PAM-00329,marc_netadmin,Network Admin,fw-edge-01,Tunisia,36.8065,10.1815,HTTPS,2026-03-25 06:09:46,20.2,6,0,8,,0,0,none
PAM-01512,jean_dev,Developer,git-prod,Tunisia,36.8065,10.1815,SSH,2026-03-25 09:06:29,32.8,9,0,6,,0,0,none
PAM-00220,marc_netadmin,Network Admin,fw-edge-02,Tunisia,36.8065,10.1815,HTTPS,2026-03-25 09:20:53,39.3,9,0,8,,0,0,none
PAM-01191,marc_netadmin,Network Admin,fw-edge-01,Tunisia,36.8065,10.1815,HTTPS,2026-03-25 10:37:30,9.6,10,0,1,,0,0,none
PAM-02022,jean_dev,Developer,app-dev-01,Tunisia,36.8065,10.1815,SSH,2026-03-25 10:49:27,17.4,10,0,6,,0,0,none
PAM-01812,marc_netadmin,Network Admin,fw-edge-01,Tunisia,36.8065,10.1815,HTTPS,2026-03-25 12:01:30,18.0,12,0,2,,0,0,none
PAM-01015,jean_dev,Developer,app-dev-01,Tunisia,36.8065,10.1815,SSH,2026-03-25 12:13:12,34.5,12,0,8,,0,0,none
PAM-00788,sara_dba,DBA,prod-db-01,Tunisia,36.8065,10.1815,SSH,2026-03-25 12:45:56,13.3,12,0,2,,0,0,none
PAM-00998,sara_dba,DBA,prod-db-01,Tunisia,36.8065,10.1815,SSH,2026-03-25 13:27:56,4.6,13,0,1,,0,0,none
PAM-01469,sara_dba,DBA,prod-db-01,Tunisia,36.8065,10.1815,SSH,2026-03-25 13:28:25,43.3,13,0,11,,0,0,none
PAM-00723,marc_netadmin,Network Admin,switch-core-01,Tunisia,36.8065,10.1815,HTTPS,2026-03-25 13:33:55,36.1,13,0,8,,0,0,none
PAM-01556,sara_dba,DBA,prod-db-01,Tunisia,36.8065,10.1815,SSH,2026-03-25 14:20:24,19.2,14,0,3,,0,0,none
PAM-01113,sara_dba,DBA,backup-db,Tunisia,36.8065,10.1815,SSH,2026-03-25 15:27:10,21.7,15,0,9,,0,0,none
PAM-02058,sara_dba,DBA,prod-db-01,Tunisia,36.8065,10.1815,SSH,2026-03-25 17:50:09,21.3,17,0,4,,0,0,none
PAM-00001,crypto_bot,Service Account,backup-db,Tunisia,36.8065,10.1815,SSH,2026-03-26 01:29:00,30.4,1,0,12,,0,0,none
PAM-01837,crypto_bot,Service Account,backup-db,Tunisia,36.8065,10.1815,SSH,2026-03-26 02:03:24,13.0,2,0,2,,0,0,none
PAM-01001,crypto_bot,Service Account,backup-db,Tunisia,36.8065,10.1815,SSH,2026-03-26 03:00:16,24.6,3,0,9,,0,0,none
PAM-00159,marc_netadmin,Network Admin,switch-core-01,Tunisia,36.8065,10.1815,HTTPS,2026-03-26 10:07:36,25.7,10,0,6,,0,0,none
PAM-01328,jean_dev,Developer,app-dev-01,Tunisia,36.8065,10.1815,SSH,2026-03-26 10:21:18,39.7,10,0,10,,0,0,none
PAM-01260,jean_dev,Developer,app-dev-01,Tunisia,36.8065,10.1815,SSH,2026-03-26 11:09:03,35.4,11,0,15,,0,0,none
PAM-01646,sara_dba,DBA,backup-db,Tunisia,36.8065,10.1815,SSH,2026-03-26 12:15:50,26.5,12,0,8,,0,0,none
PAM-01270,sara_dba,DBA,prod-db-01,Tunisia,36.8065,10.1815,SSH,2026-03-26 12:57:30,10.1,12,0,2,,0,0,none
PAM-01713,crypto_bot,Service Account,backup-db,Tunisia,36.8065,10.1815,SSH,2026-03-27 02:29:30,39.4,2,0,14,,0,0,none
PAM-00545,crypto_bot,Service Account,backup-db,Tunisia,36.8065,10.1815,SSH,2026-03-27 02:43:58,42.0,2,0,11,,0,0,none
PAM-01477,crypto_bot,Service Account,backup-db,Tunisia,36.8065,10.1815,SSH,2026-03-27 02:57:27,21.1,2,0,9,,0,0,none
PAM-01794,marc_netadmin,Network Admin,fw-edge-02,Tunisia,36.8065,10.1815,HTTPS,2026-03-27 08:33:58,15.6,8,0,2,,0,0,none
PAM-00686,jean_dev,Developer,app-dev-01,Tunisia,36.8065,10.1815,SSH,2026-03-27 10:06:40,19.8,10,0,6,,0,0,none
PAM-01234,sara_dba,DBA,prod-db-01,Tunisia,36.8065,10.1815,SSH,2026-03-27 11:33:56,21.6,11,0,9,,0,0,none
PAM-01401,sara_dba,DBA,prod-db-01,Tunisia,36.8065,10.1815,SSH,2026-03-27 12:47:05,49.9,12,0,6,rm -rf,1,1,sensitive_command
PAM-00032,marc_netadmin,Network Admin,fw-edge-01,Tunisia,36.8065,10.1815,HTTPS,2026-03-27 15:57:08,53.4,15,0,15,,0,0,none
PAM-00062,sara_dba,DBA,backup-db,Tunisia,36.8065,10.1815,SSH,2026-03-27 16:32:36,19.6,16,0,4,,0,0,none
PAM-02008,sara_dba,DBA,prod-db-01,Tunisia,36.8065,10.1815,SSH,2026-03-27 17:52:43,21.2,17,0,4,,0,0,none
PAM-01760,sara_dba,DBA,prod-db-01,Tunisia,36.8065,10.1815,SSH,2026-03-27 19:27:01,41.1,19,0,16,,0,0,none
PAM-00444,sara_dba,DBA,prod-db-01,Tunisia,36.8065,10.1815,SSH,2026-03-27 19:28:20,46.5,19,0,12,,0,0,none
PAM-01352,marc_netadmin,Network Admin,fw-edge-01,Tunisia,36.8065,10.1815,HTTPS,2026-03-28 12:50:29,16.0,12,1,1,,0,0,none
PAM-01381,crypto_bot,Service Account,backup-db,Tunisia,36.8065,10.1815,SSH,2026-03-29 02:43:35,18.0,2,1,7,,0,0,none
PAM-00081,crypto_bot,Service Account,backup-db,Tunisia,36.8065,10.1815,SSH,2026-03-29 02:44:14,14.1,2,1,9,,0,0,none
PAM-01746,marc_netadmin,Network Admin,git-prod,Tunisia,36.8065,10.1815,HTTPS,2026-03-29 07:21:11,37.8,7,1,17,,0,1,unusual_asset
PAM-00798,crypto_bot,Service Account,backup-db,Tunisia,36.8065,10.1815,SSH,2026-03-30 02:42:34,48.3,2,0,14,,0,0,none
PAM-01567,crypto_bot,Service Account,backup-db,Tunisia,36.8065,10.1815,SSH,2026-03-30 02:58:02,29.6,2,0,7,,0,0,none
PAM-00919,crypto_bot,Service Account,backup-db,Tunisia,36.8065,10.1815,SSH,2026-03-30 03:26:20,10.1,3,0,2,,0,0,none
PAM-00181,marc_netadmin,Network Admin,switch-core-01,Tunisia,36.8065,10.1815,HTTPS,2026-03-30 09:01:58,104.9,9,0,24,,0,0,none
PAM-00065,jean_dev,Developer,app-dev-01,Tunisia,36.8065,10.1815,SSH,2026-03-30 09:45:40,8.0,9,0,3,,0,0,none
PAM-00696,jean_dev,Developer,app-dev-01,Tunisia,36.8065,10.1815,SSH,2026-03-30 09:45:55,40.5,9,0,7,,0,0,none
PAM-02017,marc_netadmin,Network Admin,fw-edge-02,Tunisia,36.8065,10.1815,HTTPS,2026-03-30 10:14:33,32.5,10,0,4,,0,0,none
PAM-00209,jean_dev,Developer,app-dev-01,Tunisia,36.8065,10.1815,SSH,2026-03-30 11:14:37,8.6,11,0,5,,0,0,none
PAM-00856,marc_netadmin,Network Admin,fw-edge-01,Tunisia,36.8065,10.1815,HTTPS,2026-03-30 11:17:48,15.8,11,0,4,,0,0,none
PAM-02074,jean_dev,Developer,app-dev-01,Tunisia,36.8065,10.1815,SSH,2026-03-30 11:38:44,7.6,11,0,2,,0,0,none
PAM-00391,marc_netadmin,Network Admin,fw-edge-02,Tunisia,36.8065,10.1815,HTTPS,2026-03-30 12:43:20,36.3,12,0,7,,0,0,none
PAM-01165,sara_dba,DBA,backup-db,Tunisia,36.8065,10.1815,SSH,2026-03-30 13:07:18,25.8,13,0,8,,0,0,none
PAM-01246,sara_dba,DBA,prod-db-01,Tunisia,36.8065,10.1815,SSH,2026-03-30 13:40:33,16.2,13,0,2,,0,0,none
PAM-01586,crypto_bot,Service Account,backup-db,Tunisia,36.8065,10.1815,SSH,2026-03-31 02:14:29,8.4,2,0,1,,0,0,none
PAM-01695,crypto_bot,Service Account,backup-db,Tunisia,36.8065,10.1815,SSH,2026-03-31 02:15:18,33.9,2,0,12,,0,0,none
PAM-01941,crypto_bot,Service Account,backup-db,Tunisia,36.8065,10.1815,SSH,2026-03-31 02:26:58,13.4,2,0,2,,0,0,none
PAM-00427,crypto_bot,Service Account,backup-db,Tunisia,36.8065,10.1815,SSH,2026-03-31 02:30:29,31.0,2,0,3,,0,0,none
PAM-01126,crypto_bot,Service Account,backup-db,Tunisia,36.8065,10.1815,SSH,2026-03-31 02:36:33,26.5,2,0,3,,0,0,none
PAM-01056,crypto_bot,Service Account,backup-db,Tunisia,36.8065,10.1815,SSH,2026-03-31 03:42:57,15.6,3,0,7,,0,0,none
PAM-01988,marc_netadmin,Network Admin,switch-core-01,Tunisia,36.8065,10.1815,HTTPS,2026-03-31 06:51:23,18.1,6,0,2,,0,0,none
PAM-01428,jean_dev,Developer,app-dev-01,Tunisia,36.8065,10.1815,SSH,2026-03-31 12:29:28,20.2,12,0,7,,0,0,none
PAM-01703,sara_dba,DBA,prod-db-01,Tunisia,36.8065,10.1815,SSH,2026-03-31 12:39:23,19.9,12,0,10,,0,0,none
PAM-01181,sara_dba,DBA,prod-db-01,Tunisia,36.8065,10.1815,SSH,2026-03-31 13:33:01,17.9,13,0,5,,0,0,none
PAM-00756,jean_dev,Developer,app-dev-01,Tunisia,36.8065,10.1815,SSH,2026-03-31 13:58:38,12.4,13,0,1,,0,0,none
PAM-00732,sara_dba,DBA,backup-db,Tunisia,36.8065,10.1815,SSH,2026-03-31 15:37:03,11.6,15,0,3,,0,0,none
PAM-01276,sara_dba,DBA,prod-db-01,Tunisia,36.8065,10.1815,SSH,2026-03-31 16:33:20,30.7,16,0,11,,0,0,none
PAM-01673,crypto_bot,Service Account,backup-db,Tunisia,36.8065,10.1815,SSH,2026-04-01 02:28:53,9.2,2,0,1,,0,0,none
PAM-01208,crypto_bot,Service Account,backup-db,Tunisia,36.8065,10.1815,SSH,2026-04-01 02:37:13,76.3,2,0,14,,0,0,none
PAM-01084,crypto_bot,Service Account,backup-db,Tunisia,36.8065,10.1815,SSH,2026-04-01 03:11:55,42.1,3,0,12,,0,0,none
PAM-01751,jean_dev,Developer,app-staging,Tunisia,36.8065,10.1815,SSH,2026-04-01 06:16:10,28.8,6,0,6,,0,0,none
PAM-01144,marc_netadmin,Network Admin,fw-edge-01,Tunisia,36.8065,10.1815,HTTPS,2026-04-01 09:01:34,19.0,9,0,1,,0,0,none
PAM-01916,marc_netadmin,Network Admin,fw-edge-01,Tunisia,36.8065,10.1815,HTTPS,2026-04-01 09:40:08,81.1,9,0,24,,0,0,none
PAM-01506,marc_netadmin,Network Admin,fw-edge-01,Tunisia,36.8065,10.1815,HTTPS,2026-04-01 10:06:28,15.5,10,0,7,,0,0,none
PAM-00667,jean_dev,Developer,app-dev-01,Tunisia,36.8065,10.1815,SSH,2026-04-01 10:38:54,24.1,10,0,7,,0,0,none
PAM-00530,sara_dba,DBA,prod-db-01,Tunisia,36.8065,10.1815,SSH,2026-04-01 11:07:59,23.0,11,0,6,,0,0,none
PAM-01403,sara_dba,DBA,prod-db-01,Tunisia,36.8065,10.1815,SSH,2026-04-01 11:50:26,15.5,11,0,3,,0,0,none
PAM-01329,jean_dev,Developer,app-dev-01,Tunisia,36.8065,10.1815,SSH,2026-04-01 12:11:59,34.5,12,0,14,,0,0,none
PAM-01205,jean_dev,Developer,app-dev-01,Tunisia,36.8065,10.1815,SSH,2026-04-01 12:49:58,18.9,12,0,4,,0,0,none
PAM-01935,marc_netadmin,Network Admin,fw-edge-01,Tunisia,36.8065,10.1815,HTTPS,2026-04-01 13:17:16,54.4,13,0,16,,0,0,none
PAM-01831,sara_dba,DBA,backup-db,Tunisia,36.8065,10.1815,SSH,2026-04-01 19:29:11,18.2,19,0,6,,0,0,none
PAM-00492,crypto_bot,Service Account,backup-db,Tunisia,36.8065,10.1815,SSH,2026-04-02 02:13:07,5.3,2,0,1,,0,0,none
PAM-00616,crypto_bot,Service Account,backup-db,Tunisia,36.8065,10.1815,SSH,2026-04-02 02:17:34,56.3,2,0,14,,0,0,none
PAM-01633,crypto_bot,Service Account,backup-db,Tunisia,36.8065,10.1815,SSH,2026-04-02 02:34:52,17.5,2,0,2,,0,0,none
PAM-00542,crypto_bot,Service Account,backup-db,Tunisia,36.8065,10.1815,SSH,2026-04-02 02:47:55,11.1,2,0,5,,0,0,none
PAM-01528,crypto_bot,Service Account,backup-db,Tunisia,36.8065,10.1815,SSH,2026-04-02 02:53:00,9.3,2,0,1,,0,0,none
PAM-01659,crypto_bot,Service Account,backup-db,Tunisia,36.8065,10.1815,SSH,2026-04-02 02:54:09,39.6,2,0,15,,0,0,none
PAM-00722,jean_dev,Developer,app-dev-01,Tunisia,36.8065,10.1815,SSH,2026-04-02 07:46:54,23.9,7,0,4,,0,0,none
PAM-00951,marc_netadmin,Network Admin,fw-edge-01,Tunisia,36.8065,10.1815,HTTPS,2026-04-02 08:18:53,60.4,8,0,18,,0,0,none
PAM-01726,marc_netadmin,Network Admin,fw-edge-02,Tunisia,36.8065,10.1815,HTTPS,2026-04-02 09:01:29,21.7,9,0,2,,0,0,none
PAM-00244,jean_dev,Developer,git-prod,Tunisia,36.8065,10.1815,SSH,2026-04-02 09:14:46,15.0,9,0,5,,0,0,none
PAM-00716,jean_dev,Developer,app-dev-01,Tunisia,36.8065,10.1815,SSH,2026-04-02 09:36:39,14.1,9,0,8,,0,0,none
PAM-01286,marc_netadmin,Network Admin,fw-edge-01,Tunisia,36.8065,10.1815,HTTPS,2026-04-02 09:52:33,24.5,9,0,6,,0,0,none
PAM-00183,jean_dev,Developer,app-dev-01,Tunisia,36.8065,10.1815,SSH,2026-04-02 10:17:00,44.9,10,0,14,DELETE FROM users,1,0,none
PAM-01374,jean_dev,Developer,app-dev-01,Tunisia,36.8065,10.1815,SSH,2026-04-02 10:43:26,17.6,10,0,5,,0,0,none
PAM-00535,marc_netadmin,Network Admin,fw-edge-01,Tunisia,36.8065,10.1815,HTTPS,2026-04-02 11:09:46,12.4,11,0,3,,0,0,none
PAM-00345,jean_dev,Developer,app-dev-01,Tunisia,36.8065,10.1815,SSH,2026-04-02 11:58:41,48.7,11,0,12,,0,0,none
PAM-00771,jean_dev,Developer,app-dev-01,Tunisia,36.8065,10.1815,SSH,2026-04-02 12:24:44,8.6,12,0,4,,0,0,none
PAM-01342,sara_dba,DBA,prod-db-01,Tunisia,36.8065,10.1815,SSH,2026-04-02 13:57:34,50.1,13,0,11,,0,0,none
PAM-01895,sara_dba,DBA,backup-db,Tunisia,36.8065,10.1815,SSH,2026-04-02 14:08:29,18.6,14,0,6,,0,0,none
PAM-00965,sara_dba,DBA,prod-db-02,Tunisia,36.8065,10.1815,SSH,2026-04-02 16:19:38,15.4,16,0,2,,0,0,none
PAM-00405,sara_dba,DBA,backup-db,Tunisia,36.8065,10.1815,SSH,2026-04-02 17:27:04,16.6,17,0,8,,0,0,none
PAM-01814,crypto_bot,Service Account,backup-db,Tunisia,36.8065,10.1815,SSH,2026-04-03 02:01:40,19.0,2,0,6,,0,0,none
PAM-00019,crypto_bot,Service Account,backup-db,Tunisia,36.8065,10.1815,SSH,2026-04-03 02:03:12,19.0,2,0,5,,0,0,none
PAM-00949,crypto_bot,Service Account,backup-db,Tunisia,36.8065,10.1815,SSH,2026-04-03 02:26:29,8.4,2,0,3,,0,0,none
PAM-01491,crypto_bot,Service Account,backup-db,Tunisia,36.8065,10.1815,SSH,2026-04-03 02:50:30,40.7,2,0,14,,0,0,none
PAM-00439,jean_dev,Developer,app-dev-01,Tunisia,36.8065,10.1815,SSH,2026-04-03 08:28:46,22.2,8,0,4,,0,0,none
PAM-00411,marc_netadmin,Network Admin,fw-edge-01,Tunisia,36.8065,10.1815,HTTPS,2026-04-03 09:15:19,19.2,9,0,2,,0,0,none
PAM-00493,jean_dev,Developer,app-dev-01,Tunisia,36.8065,10.1815,SSH,2026-04-03 10:03:23,14.2,10,0,5,,0,0,none
PAM-01285,jean_dev,Developer,git-prod,Tunisia,36.8065,10.1815,SSH,2026-04-03 11:38:25,23.5,11,0,3,,0,0,none
PAM-01588,jean_dev,Developer,app-dev-01,Tunisia,36.8065,10.1815,SSH,2026-04-03 11:46:36,63.2,11,0,14,,0,0,none
PAM-00911,marc_netadmin,Network Admin,fw-edge-01,Tunisia,36.8065,10.1815,HTTPS,2026-04-03 12:08:30,35.9,12,0,12,,0,0,none
PAM-01178,jean_dev,Developer,app-dev-01,Tunisia,36.8065,10.1815,SSH,2026-04-03 12:35:47,34.3,12,0,7,,0,0,none
PAM-00848,sara_dba,DBA,prod-db-01,Tunisia,36.8065,10.1815,SSH,2026-04-03 15:47:16,25.9,15,0,13,,0,0,none
PAM-00435,sara_dba,DBA,prod-db-01,Tunisia,36.8065,10.1815,SSH,2026-04-03 15:52:08,13.6,15,0,2,,0,0,none
PAM-00999,sara_dba,DBA,prod-db-01,Tunisia,36.8065,10.1815,SSH,2026-04-03 16:35:28,92.8,16,0,20,,0,0,none
PAM-01089,sara_dba,DBA,prod-db-01,Tunisia,36.8065,10.1815,SSH,2026-04-03 16:43:14,17.1,16,0,2,,0,0,none
PAM-00922,crypto_bot,Service Account,backup-db,Tunisia,36.8065,10.1815,SSH,2026-04-04 02:37:42,47.1,2,1,13,,0,0,none
PAM-00251,crypto_bot,Service Account,backup-db,Tunisia,36.8065,10.1815,SSH,2026-04-04 02:52:52,8.9,2,1,1,,0,0,none
PAM-00274,crypto_bot,Service Account,backup-db,Tunisia,36.8065,10.1815,SSH,2026-04-04 02:55:16,30.1,2,1,7,,0,0,none
PAM-01326,jean_dev,Developer,app-dev-01,Tunisia,36.8065,10.1815,SSH,2026-04-04 09:17:02,60.3,9,1,18,,0,0,none
PAM-00040,marc_netadmin,Network Admin,fw-edge-01,Brazil,-15.7939,-47.8828,HTTPS,2026-04-04 09:57:55,32.1,9,1,9,,0,1,unusual_country
PAM-01678,crypto_bot,Service Account,backup-db,Tunisia,36.8065,10.1815,SSH,2026-04-05 02:03:25,26.2,2,1,8,,0,0,none
PAM-01731,crypto_bot,Service Account,backup-db,Tunisia,36.8065,10.1815,SSH,2026-04-05 02:42:01,17.9,2,1,9,,0,0,none
PAM-00592,crypto_bot,Service Account,backup-db,Tunisia,36.8065,10.1815,SSH,2026-04-05 02:49:30,41.7,2,1,9,,0,0,none
PAM-00368,crypto_bot,Service Account,backup-db,Tunisia,36.8065,10.1815,SSH,2026-04-05 02:52:15,52.9,2,1,12,,0,0,none
PAM-01256,crypto_bot,Service Account,backup-db,Tunisia,36.8065,10.1815,SSH,2026-04-06 02:03:19,10.3,2,0,3,,0,0,none
PAM-01609,crypto_bot,Service Account,backup-db,Tunisia,36.8065,10.1815,SSH,2026-04-06 02:27:23,45.8,2,0,18,,0,0,none
PAM-01480,crypto_bot,Service Account,backup-db,Tunisia,36.8065,10.1815,SSH,2026-04-06 02:53:36,3.4,2,0,1,,0,0,none
PAM-00655,crypto_bot,Service Account,backup-db,Tunisia,36.8065,10.1815,SSH,2026-04-06 02:55:38,26.4,2,0,8,,0,0,none
PAM-00789,crypto_bot,Service Account,backup-db,Tunisia,36.8065,10.1815,SSH,2026-04-06 02:56:46,19.5,2,0,4,,0,0,none
PAM-00326,marc_netadmin,Network Admin,fw-edge-02,Tunisia,36.8065,10.1815,HTTPS,2026-04-06 07:24:11,14.2,7,0,7,,0,0,none
PAM-00863,marc_netadmin,Network Admin,fw-edge-02,Tunisia,36.8065,10.1815,HTTPS,2026-04-06 07:40:41,9.5,7,0,2,,0,0,none
PAM-00875,marc_netadmin,Network Admin,fw-edge-02,Tunisia,36.8065,10.1815,HTTPS,2026-04-06 08:37:19,18.0,8,0,1,,0,0,none
PAM-00343,jean_dev,Developer,app-dev-01,Tunisia,36.8065,10.1815,SSH,2026-04-06 10:51:08,13.6,10,0,2,,0,0,none
PAM-01488,marc_netadmin,Network Admin,switch-core-01,Tunisia,36.8065,10.1815,HTTPS,2026-04-06 11:44:46,28.1,11,0,10,,0,0,none
PAM-01500,jean_dev,Developer,git-prod,Tunisia,36.8065,10.1815,SSH,2026-04-06 12:19:57,23.9,12,0,7,,0,0,none
PAM-00187,sara_dba,DBA,prod-db-01,Tunisia,36.8065,10.1815,SSH,2026-04-06 12:38:22,21.6,12,0,8,,0,0,none
PAM-00787,jean_dev,Developer,app-dev-01,Tunisia,36.8065,10.1815,SSH,2026-04-06 12:45:53,22.5,12,0,6,,0,0,none
PAM-02066,marc_netadmin,Network Admin,fw-edge-02,Tunisia,36.8065,10.1815,HTTPS,2026-04-06 12:49:52,21.7,12,0,11,,0,0,none
PAM-00972,sara_dba,DBA,prod-db-01,Tunisia,36.8065,10.1815,SSH,2026-04-06 14:58:33,7.2,14,0,1,,0,0,none
PAM-01879,sara_dba,DBA,backup-db,Tunisia,36.8065,10.1815,SSH,2026-04-06 16:58:51,15.3,16,0,7,,0,0,none
PAM-00344,sara_dba,DBA,prod-db-01,Tunisia,36.8065,10.1815,SSH,2026-04-06 17:51:56,15.4,17,0,2,,0,0,none
PAM-01155,sara_dba,DBA,prod-db-01,Tunisia,36.8065,10.1815,SSH,2026-04-06 19:41:53,41.5,19,0,9,,0,0,none
PAM-00263,crypto_bot,Service Account,backup-db,Tunisia,36.8065,10.1815,SSH,2026-04-07 01:13:01,26.0,1,0,7,,0,0,none
PAM-00845,crypto_bot,Service Account,backup-db,Tunisia,36.8065,10.1815,SSH,2026-04-07 01:16:46,25.8,1,0,7,,0,0,none
PAM-01749,crypto_bot,Service Account,backup-db,Tunisia,36.8065,10.1815,SSH,2026-04-07 02:12:38,41.4,2,0,5,,0,0,none
PAM-00982,crypto_bot,Service Account,backup-db,Tunisia,36.8065,10.1815,SSH,2026-04-07 02:19:40,30.1,2,0,10,,0,0,none
PAM-01249,crypto_bot,Service Account,backup-db,Tunisia,36.8065,10.1815,SSH,2026-04-07 02:30:03,10.0,2,0,2,,0,0,none
PAM-00937,crypto_bot,Service Account,backup-db,Tunisia,36.8065,10.1815,SSH,2026-04-07 02:37:44,21.5,2,0,4,,0,0,none
PAM-00823,crypto_bot,Service Account,backup-db,Tunisia,36.8065,10.1815,SSH,2026-04-07 02:57:37,11.9,2,0,1,,0,0,none
PAM-01028,crypto_bot,Service Account,backup-db,Tunisia,36.8065,10.1815,SSH,2026-04-07 03:31:09,16.7,3,0,5,,0,0,none
PAM-00154,marc_netadmin,Network Admin,fw-edge-02,Tunisia,36.8065,10.1815,HTTPS,2026-04-07 08:54:22,65.4,8,0,15,,0,0,none
PAM-00989,jean_dev,Developer,app-dev-01,Tunisia,36.8065,10.1815,SSH,2026-04-07 08:57:24,11.8,8,0,9,,0,0,none
PAM-01348,jean_dev,Developer,app-dev-01,Tunisia,36.8065,10.1815,SSH,2026-04-07 09:37:33,21.6,9,0,6,,0,0,none
PAM-00962,marc_netadmin,Network Admin,fw-edge-01,Tunisia,36.8065,10.1815,HTTPS,2026-04-07 10:13:50,22.4,10,0,8,,0,0,none
PAM-00571,marc_netadmin,Network Admin,fw-edge-02,Tunisia,36.8065,10.1815,HTTPS,2026-04-07 10:15:02,27.1,10,0,3,,0,0,none
PAM-00991,jean_dev,Developer,app-dev-01,Tunisia,36.8065,10.1815,SSH,2026-04-07 10:19:10,24.8,10,0,4,,0,0,none
PAM-00984,marc_netadmin,Network Admin,switch-core-01,Tunisia,36.8065,10.1815,HTTPS,2026-04-07 11:16:44,11.2,11,0,1,,0,0,none
PAM-01175,crypto_bot,Service Account,backup-db,Tunisia,36.8065,10.1815,SSH,2026-04-08 02:07:32,32.4,2,0,9,,0,0,none
PAM-01014,crypto_bot,Service Account,backup-db,Tunisia,36.8065,10.1815,SSH,2026-04-08 02:54:35,16.8,2,0,6,,0,0,none
PAM-01820,crypto_bot,Service Account,backup-db,Tunisia,36.8065,10.1815,SSH,2026-04-08 03:30:26,18.8,3,0,2,,0,0,none
PAM-01587,marc_netadmin,Network Admin,fw-edge-02,Tunisia,36.8065,10.1815,HTTPS,2026-04-08 07:36:06,13.2,7,0,4,,0,0,none
PAM-01767,marc_netadmin,Network Admin,fw-edge-01,Tunisia,36.8065,10.1815,HTTPS,2026-04-08 08:22:58,44.8,8,0,7,,0,0,none
PAM-01906,jean_dev,Developer,app-dev-01,Tunisia,36.8065,10.1815,SSH,2026-04-08 09:11:53,33.2,9,0,5,,0,0,none
PAM-01365,marc_netadmin,Network Admin,fw-edge-02,Tunisia,36.8065,10.1815,HTTPS,2026-04-08 09:12:21,24.3,9,0,9,,0,0,none
PAM-02053,jean_dev,Developer,app-dev-01,Tunisia,36.8065,10.1815,SSH,2026-04-08 10:09:19,24.4,10,0,5,,0,0,none
PAM-00254,jean_dev,Developer,app-dev-01,Tunisia,36.8065,10.1815,SSH,2026-04-08 10:09:40,10.3,10,0,1,,0,0,none
PAM-00359,marc_netadmin,Network Admin,fw-edge-01,Tunisia,36.8065,10.1815,HTTPS,2026-04-08 10:50:21,8.6,10,0,1,,0,0,none
PAM-01094,sara_dba,DBA,prod-db-01,Tunisia,36.8065,10.1815,SSH,2026-04-08 11:17:41,16.8,11,0,3,,0,0,none
PAM-00234,jean_dev,Developer,app-dev-01,Tunisia,36.8065,10.1815,SSH,2026-04-08 11:30:31,16.9,11,0,5,,0,0,none
PAM-01980,sara_dba,DBA,backup-db,Tunisia,36.8065,10.1815,SSH,2026-04-08 13:43:45,11.8,13,0,3,,0,0,none
PAM-00156,sara_dba,DBA,prod-db-01,Tunisia,36.8065,10.1815,SSH,2026-04-08 19:42:48,68.4,19,0,22,,0,0,none
PAM-00341,crypto_bot,Service Account,backup-db,Tunisia,36.8065,10.1815,SSH,2026-04-09 02:12:21,22.3,2,0,8,,0,0,none
PAM-01675,crypto_bot,Service Account,backup-db,Tunisia,36.8065,10.1815,SSH,2026-04-09 02:15:35,8.8,2,0,3,,0,0,none
PAM-01769,crypto_bot,Service Account,backup-db,Tunisia,36.8065,10.1815,SSH,2026-04-09 02:29:28,10.8,2,0,1,,0,0,none
PAM-01857,crypto_bot,Service Account,backup-db,Tunisia,36.8065,10.1815,SSH,2026-04-09 02:49:49,8.3,2,0,2,,0,0,none
PAM-01637,marc_netadmin,Network Admin,fw-edge-01,Tunisia,36.8065,10.1815,HTTPS,2026-04-09 08:53:14,23.8,8,0,4,,0,0,none
PAM-01219,marc_netadmin,Network Admin,fw-edge-01,Tunisia,36.8065,10.1815,HTTPS,2026-04-09 09:30:48,13.5,9,0,5,,0,0,none
PAM-00042,marc_netadmin,Network Admin,fw-edge-01,Tunisia,36.8065,10.1815,HTTPS,2026-04-09 09:41:50,13.8,9,0,3,,0,0,none
PAM-02071,jean_dev,Developer,app-dev-01,Tunisia,36.8065,10.1815,SSH,2026-04-09 10:03:24,31.6,10,0,6,,0,0,none
PAM-01866,jean_dev,Developer,app-dev-01,Nigeria,9.0765,7.3986,SSH,2026-04-09 10:04:38,17.2,10,0,7,,0,1,unusual_country
PAM-01875,jean_dev,Developer,git-prod,Tunisia,36.8065,10.1815,SSH,2026-04-09 12:13:08,33.1,12,0,4,,0,0,none
PAM-01092,jean_dev,Developer,git-prod,Tunisia,36.8065,10.1815,SSH,2026-04-09 12:18:29,28.3,12,0,9,,0,0,none
PAM-00734,sara_dba,DBA,backup-db,Tunisia,36.8065,10.1815,SSH,2026-04-09 18:57:13,39.3,18,0,12,,0,0,none
PAM-01140,crypto_bot,Service Account,prod-db-02,Tunisia,36.8065,10.1815,SSH,2026-04-10 02:15:58,27.5,2,0,8,,0,1,unusual_asset
PAM-01334,jean_dev,Developer,app-dev-01,Tunisia,36.8065,10.1815,SSH,2026-04-10 07:07:12,16.0,7,0,5,,0,0,none
PAM-00527,jean_dev,Developer,git-prod,Tunisia,36.8065,10.1815,SSH,2026-04-10 08:17:33,8.7,8,0,2,,0,0,none
PAM-00631,jean_dev,Developer,app-dev-01,Tunisia,36.8065,10.1815,SSH,2026-04-10 09:43:58,5.3,9,0,1,,0,0,none
PAM-01363,jean_dev,Developer,app-dev-01,Tunisia,36.8065,10.1815,SSH,2026-04-10 09:54:30,26.4,9,0,4,,0,0,none
PAM-01110,marc_netadmin,Network Admin,switch-core-01,Tunisia,36.8065,10.1815,HTTPS,2026-04-10 09:57:18,9.5,9,0,2,,0,0,none
PAM-01657,marc_netadmin,Network Admin,fw-edge-01,Tunisia,36.8065,10.1815,HTTPS,2026-04-10 10:53:44,21.0,10,0,1,,0,0,none
PAM-00437,jean_dev,Developer,app-dev-01,Tunisia,36.8065,10.1815,SSH,2026-04-10 12:18:44,46.5,12,0,12,,0,0,none
PAM-01822,jean_dev,Developer,app-dev-01,Tunisia,36.8065,10.1815,SSH,2026-04-10 12:32:58,7.0,12,0,1,,0,0,none
PAM-00505,sara_dba,DBA,backup-db,Tunisia,36.8065,10.1815,SSH,2026-04-10 13:00:44,7.3,13,0,1,,0,0,none
PAM-01206,sara_dba,DBA,prod-db-01,Tunisia,36.8065,10.1815,SSH,2026-04-10 18:26:12,41.7,18,0,11,,0,0,none
PAM-01063,crypto_bot,Service Account,backup-db,Tunisia,36.8065,10.1815,SSH,2026-04-11 02:11:50,13.5,2,1,1,,0,0,none
PAM-00562,crypto_bot,Service Account,backup-db,Tunisia,36.8065,10.1815,SSH,2026-04-11 02:19:59,50.0,2,1,17,,0,0,none
PAM-00478,crypto_bot,Service Account,backup-db,Tunisia,36.8065,10.1815,SSH,2026-04-11 02:29:45,15.6,2,1,1,,0,0,none
PAM-01958,crypto_bot,Service Account,backup-db,Tunisia,36.8065,10.1815,SSH,2026-04-12 02:03:55,14.2,2,1,1,,0,0,none
PAM-01898,crypto_bot,Service Account,backup-db,Tunisia,36.8065,10.1815,SSH,2026-04-12 02:13:04,17.9,2,1,4,,0,0,none
PAM-01300,crypto_bot,Service Account,backup-db,Tunisia,36.8065,10.1815,SSH,2026-04-12 02:33:20,11.8,2,1,7,passwd root,1,1,sensitive_command
PAM-00348,crypto_bot,Service Account,backup-db,Tunisia,36.8065,10.1815,SSH,2026-04-12 02:47:43,22.1,2,1,4,,0,0,none
PAM-00283,crypto_bot,Service Account,backup-db,Tunisia,36.8065,10.1815,SSH,2026-04-13 02:05:35,10.2,2,0,2,,0,0,none
PAM-00816,crypto_bot,Service Account,backup-db,Tunisia,36.8065,10.1815,SSH,2026-04-13 02:24:37,6.2,2,0,2,,0,0,none
PAM-01937,crypto_bot,Service Account,backup-db,Tunisia,36.8065,10.1815,SSH,2026-04-13 02:38:06,72.2,2,0,23,,0,0,none
PAM-01414,crypto_bot,Service Account,backup-db,Tunisia,36.8065,10.1815,SSH,2026-04-13 02:51:47,41.2,2,0,7,,0,0,none
PAM-01410,jean_dev,Developer,app-dev-01,Tunisia,36.8065,10.1815,SSH,2026-04-13 05:28:02,7.5,5,0,4,,0,1,unusual_hour
PAM-00233,jean_dev,Developer,app-dev-01,Tunisia,36.8065,10.1815,SSH,2026-04-13 07:01:49,15.9,7,0,2,,0,0,none
PAM-01093,jean_dev,Developer,app-dev-01,Tunisia,36.8065,10.1815,SSH,2026-04-13 07:03:09,22.7,7,0,7,,0,0,none
PAM-00406,jean_dev,Developer,app-dev-01,Tunisia,36.8065,10.1815,SSH,2026-04-13 09:15:26,23.2,9,0,7,,0,0,none
PAM-01808,jean_dev,Developer,git-prod,Tunisia,36.8065,10.1815,SSH,2026-04-13 09:19:28,9.5,9,0,1,,0,0,none
PAM-00644,marc_netadmin,Network Admin,fw-edge-01,Tunisia,36.8065,10.1815,HTTPS,2026-04-13 09:21:33,21.9,9,0,6,,0,0,none
PAM-01377,marc_netadmin,Network Admin,switch-core-01,Tunisia,36.8065,10.1815,HTTPS,2026-04-13 09:33:28,10.0,9,0,2,,0,0,none
PAM-01579,jean_dev,Developer,app-dev-01,Tunisia,36.8065,10.1815,SSH,2026-04-13 10:40:06,19.0,10,0,5,,0,0,none
PAM-01380,sara_dba,DBA,prod-db-02,Tunisia,36.8065,10.1815,SSH,2026-04-13 11:11:27,6.1,11,0,5,,0,0,none
PAM-01462,jean_dev,Developer,app-dev-01,Tunisia,36.8065,10.1815,SSH,2026-04-13 11:12:03,14.5,11,0,7,,0,0,none
PAM-01955,sara_dba,DBA,prod-db-01,Tunisia,36.8065,10.1815,SSH,2026-04-13 13:40:24,17.1,13,0,2,,0,0,none
PAM-01133,sara_dba,DBA,prod-db-01,Tunisia,36.8065,10.1815,SSH,2026-04-13 15:15:00,11.2,15,0,1,,0,0,none
PAM-00195,jean_dev,Developer,app-dev-01,Tunisia,36.8065,10.1815,SSH,2026-04-14 01:14:24,15.6,1,0,2,,0,1,unusual_hour
PAM-01189,crypto_bot,Service Account,backup-db,Tunisia,36.8065,10.1815,SSH,2026-04-14 01:46:38,4.7,1,0,1,,0,0,none
PAM-00640,crypto_bot,Service Account,backup-db,Tunisia,36.8065,10.1815,SSH,2026-04-14 02:03:34,15.7,2,0,5,,0,0,none
PAM-00828,crypto_bot,Service Account,backup-db,Tunisia,36.8065,10.1815,SSH,2026-04-14 02:05:00,40.0,2,0,11,chmod 777,1,1,sensitive_command
PAM-00412,crypto_bot,Service Account,backup-db,Tunisia,36.8065,10.1815,SSH,2026-04-14 02:33:13,9.3,2,0,2,,0,0,none
PAM-01993,crypto_bot,Service Account,backup-db,Tunisia,36.8065,10.1815,SSH,2026-04-14 02:44:12,14.0,2,0,3,,0,0,none
PAM-01578,marc_netadmin,Network Admin,fw-edge-01,Tunisia,36.8065,10.1815,HTTPS,2026-04-14 06:42:07,43.8,6,0,9,,0,0,none
PAM-01449,marc_netadmin,Network Admin,fw-edge-01,Tunisia,36.8065,10.1815,HTTPS,2026-04-14 08:28:50,15.1,8,0,4,,0,0,none
PAM-00885,jean_dev,Developer,git-prod,Tunisia,36.8065,10.1815,SSH,2026-04-14 08:36:46,22.5,8,0,4,,0,0,none
PAM-02056,jean_dev,Developer,app-staging,Tunisia,36.8065,10.1815,SSH,2026-04-14 09:28:10,46.0,9,0,6,,0,0,none
PAM-00180,marc_netadmin,Network Admin,fw-edge-02,Tunisia,36.8065,10.1815,HTTPS,2026-04-14 10:29:30,16.5,10,0,4,,0,0,none
PAM-01717,jean_dev,Developer,app-dev-01,Tunisia,36.8065,10.1815,SSH,2026-04-14 10:56:42,29.9,10,0,10,,0,0,none
PAM-00606,jean_dev,Developer,app-staging,Tunisia,36.8065,10.1815,SSH,2026-04-14 11:01:38,12.6,11,0,4,,0,0,none
PAM-01743,crypto_bot,Service Account,backup-db,Tunisia,36.8065,10.1815,SSH,2026-04-15 02:09:14,24.6,2,0,8,,0,0,none
PAM-01756,crypto_bot,Service Account,backup-db,Tunisia,36.8065,10.1815,SSH,2026-04-15 03:34:58,30.1,3,0,13,,0,0,none
PAM-01922,marc_netadmin,Network Admin,fw-edge-01,Tunisia,36.8065,10.1815,HTTPS,2026-04-15 08:32:54,18.7,8,0,2,,0,0,none
PAM-00452,marc_netadmin,Network Admin,switch-core-01,Tunisia,36.8065,10.1815,HTTPS,2026-04-15 09:26:10,18.2,9,0,6,,0,0,none
PAM-01789,marc_netadmin,Network Admin,fw-edge-02,Tunisia,36.8065,10.1815,HTTPS,2026-04-15 09:47:55,20.3,9,0,2,,0,0,none
PAM-00318,sara_dba,DBA,backup-db,Tunisia,36.8065,10.1815,SSH,2026-04-15 13:10:33,28.8,13,0,5,,0,0,none
PAM-00702,sara_dba,DBA,prod-db-01,Tunisia,36.8065,10.1815,SSH,2026-04-15 13:57:15,19.6,13,0,3,,0,0,none
PAM-00871,sara_dba,DBA,prod-db-01,Tunisia,36.8065,10.1815,SSH,2026-04-15 14:39:04,24.0,14,0,9,,0,0,none
PAM-01838,sara_dba,DBA,backup-db,Tunisia,36.8065,10.1815,SSH,2026-04-15 16:15:17,13.6,16,0,3,,0,0,none
PAM-01643,sara_dba,DBA,backup-db,Tunisia,36.8065,10.1815,SSH,2026-04-15 17:43:43,28.6,17,0,3,,0,0,none
PAM-01804,sara_dba,DBA,prod-db-01,Tunisia,36.8065,10.1815,SSH,2026-04-15 19:58:40,42.5,19,0,12,,0,0,none
PAM-01013,crypto_bot,Service Account,backup-db,Tunisia,36.8065,10.1815,SSH,2026-04-16 02:07:29,10.8,2,0,4,,0,0,none
PAM-00484,crypto_bot,Service Account,backup-db,Tunisia,36.8065,10.1815,SSH,2026-04-16 02:24:04,70.6,2,0,21,,0,0,none
PAM-01333,crypto_bot,Service Account,backup-db,Tunisia,36.8065,10.1815,SSH,2026-04-16 02:24:30,26.0,2,0,1,,0,0,none
PAM-02007,crypto_bot,Service Account,backup-db,Tunisia,36.8065,10.1815,SSH,2026-04-16 02:25:09,8.9,2,0,1,,0,0,none
PAM-01223,crypto_bot,Service Account,backup-db,Tunisia,36.8065,10.1815,SSH,2026-04-16 02:57:13,8.6,2,0,2,,0,0,none
PAM-00565,crypto_bot,Service Account,backup-db,Tunisia,36.8065,10.1815,SSH,2026-04-16 03:05:52,13.9,3,0,4,,0,0,none
PAM-01277,crypto_bot,Service Account,backup-db,Tunisia,36.8065,10.1815,SSH,2026-04-16 03:44:12,15.9,3,0,3,,0,0,none
PAM-00021,marc_netadmin,Network Admin,fw-edge-02,Tunisia,36.8065,10.1815,HTTPS,2026-04-16 10:37:39,15.4,10,0,3,,0,0,none
PAM-01653,sara_dba,DBA,prod-db-01,Tunisia,36.8065,10.1815,SSH,2026-04-16 11:23:31,22.2,11,0,2,,0,0,none
PAM-01432,sara_dba,DBA,prod-db-01,Tunisia,36.8065,10.1815,SSH,2026-04-16 12:15:50,27.5,12,0,10,,0,0,none
PAM-01200,marc_netadmin,Network Admin,fw-edge-01,Tunisia,36.8065,10.1815,HTTPS,2026-04-16 12:30:19,11.5,12,0,2,,0,0,none
PAM-01582,sara_dba,DBA,backup-db,Tunisia,36.8065,10.1815,SSH,2026-04-16 12:41:32,10.3,12,0,1,,0,0,none
PAM-00858,sara_dba,DBA,prod-db-01,Tunisia,36.8065,10.1815,SSH,2026-04-16 14:30:25,17.6,14,0,3,,0,0,none
PAM-00237,jean_dev,Developer,app-dev-01,Tunisia,36.8065,10.1815,SSH,2026-04-16 14:55:35,23.6,14,0,2,,0,0,none
PAM-00849,sara_dba,DBA,prod-db-01,Tunisia,36.8065,10.1815,SSH,2026-04-16 16:28:25,9.6,16,0,1,,0,0,none
PAM-00822,sara_dba,DBA,backup-db,Tunisia,36.8065,10.1815,SSH,2026-04-16 18:35:36,4.2,18,0,2,,0,0,none
PAM-01407,sara_dba,DBA,prod-db-01,Tunisia,36.8065,10.1815,SSH,2026-04-16 18:56:44,28.2,18,0,9,,0,0,none
PAM-00413,crypto_bot,Service Account,backup-db,Tunisia,36.8065,10.1815,SSH,2026-04-17 01:47:13,23.4,1,0,5,,0,0,none
PAM-00362,crypto_bot,Service Account,backup-db,Tunisia,36.8065,10.1815,SSH,2026-04-17 02:00:46,22.8,2,0,6,,0,0,none
PAM-01632,crypto_bot,Service Account,backup-db,Tunisia,36.8065,10.1815,SSH,2026-04-17 02:25:20,27.7,2,0,7,,0,0,none
PAM-00377,crypto_bot,Service Account,backup-db,Tunisia,36.8065,10.1815,SSH,2026-04-17 02:38:47,19.1,2,0,5,,0,0,none
PAM-01975,crypto_bot,Service Account,backup-db,Tunisia,36.8065,10.1815,SSH,2026-04-17 02:59:03,9.4,2,0,6,,0,0,none
PAM-00018,crypto_bot,Service Account,backup-db,Tunisia,36.8065,10.1815,SSH,2026-04-17 03:00:53,9.9,3,0,5,,0,0,none
PAM-01712,crypto_bot,Service Account,backup-db,Tunisia,36.8065,10.1815,SSH,2026-04-17 03:52:42,8.7,3,0,2,,0,0,none
PAM-01485,marc_netadmin,Network Admin,fw-edge-01,Tunisia,36.8065,10.1815,HTTPS,2026-04-17 05:45:48,81.0,5,0,28,,0,0,none
PAM-00605,jean_dev,Developer,git-prod,Tunisia,36.8065,10.1815,SSH,2026-04-17 08:53:04,7.9,8,0,1,,0,0,none
PAM-00487,marc_netadmin,Network Admin,fw-edge-02,Tunisia,36.8065,10.1815,HTTPS,2026-04-17 09:15:28,11.9,9,0,2,,0,0,none
PAM-01553,jean_dev,Developer,fw-edge-01,Tunisia,36.8065,10.1815,SSH,2026-04-17 09:56:32,21.1,9,0,5,,0,1,unusual_asset
PAM-00277,sara_dba,DBA,prod-db-01,Tunisia,36.8065,10.1815,SSH,2026-04-17 10:42:03,31.2,10,0,9,,0,0,none
PAM-00648,jean_dev,Developer,app-dev-01,Tunisia,36.8065,10.1815,SSH,2026-04-17 10:43:36,15.6,10,0,4,,0,0,none
PAM-01654,marc_netadmin,Network Admin,switch-core-01,Tunisia,36.8065,10.1815,HTTPS,2026-04-17 10:55:54,36.7,10,0,13,,0,0,none
PAM-00570,marc_netadmin,Network Admin,fw-edge-01,Tunisia,36.8065,10.1815,HTTPS,2026-04-17 11:31:03,24.8,11,0,4,,0,0,none
PAM-01186,jean_dev,Developer,app-dev-01,Tunisia,36.8065,10.1815,SSH,2026-04-17 11:49:27,12.2,11,0,1,,0,0,none
PAM-01127,sara_dba,DBA,backup-db,Tunisia,36.8065,10.1815,SSH,2026-04-17 14:40:45,34.7,14,0,10,,0,0,none
PAM-01801,sara_dba,DBA,prod-db-01,Tunisia,36.8065,10.1815,SSH,2026-04-17 15:16:51,21.5,15,0,5,,0,0,none
PAM-00177,sara_dba,DBA,prod-db-01,Tunisia,36.8065,10.1815,SSH,2026-04-17 15:18:14,21.9,15,0,5,,0,0,none
PAM-01971,sara_dba,DBA,prod-db-01,Tunisia,36.8065,10.1815,SSH,2026-04-17 16:44:44,38.8,16,0,6,,0,0,none
PAM-01107,crypto_bot,Service Account,backup-db,Tunisia,36.8065,10.1815,SSH,2026-04-18 02:16:40,28.1,2,1,6,,0,0,none
PAM-00495,crypto_bot,Service Account,backup-db,Tunisia,36.8065,10.1815,SSH,2026-04-18 02:22:21,15.6,2,1,4,,0,0,none
PAM-00003,sara_dba,DBA,backup-db,China,39.9042,116.4074,SSH,2026-04-18 16:03:48,54.1,16,1,16,,0,1,unusual_country
PAM-01981,crypto_bot,Service Account,backup-db,Tunisia,36.8065,10.1815,SSH,2026-04-19 02:01:47,13.3,2,1,3,,0,0,none
PAM-01158,crypto_bot,Service Account,backup-db,Tunisia,36.8065,10.1815,SSH,2026-04-19 02:03:16,7.0,2,1,4,,0,0,none
PAM-01709,crypto_bot,Service Account,backup-db,Tunisia,36.8065,10.1815,SSH,2026-04-19 02:21:44,13.3,2,1,4,,0,0,none
PAM-01786,crypto_bot,Service Account,backup-db,Tunisia,36.8065,10.1815,SSH,2026-04-19 02:35:35,14.2,2,1,5,,0,0,none
PAM-00699,crypto_bot,Service Account,backup-db,Tunisia,36.8065,10.1815,SSH,2026-04-19 02:48:09,9.5,2,1,3,,0,0,none
PAM-01292,jean_dev,Developer,app-dev-01,Tunisia,36.8065,10.1815,SSH,2026-04-19 11:16:12,26.5,11,1,6,,0,0,none
PAM-00331,crypto_bot,Service Account,backup-db,Tunisia,36.8065,10.1815,SSH,2026-04-20 02:00:24,22.2,2,0,2,,0,0,none
PAM-01936,crypto_bot,Service Account,backup-db,Tunisia,36.8065,10.1815,SSH,2026-04-20 02:22:08,102.7,2,0,26,,0,0,none
PAM-00013,marc_netadmin,Network Admin,switch-core-01,Tunisia,36.8065,10.1815,HTTPS,2026-04-20 07:00:38,12.6,7,0,1,,0,0,none
PAM-02075,jean_dev,Developer,git-prod,Tunisia,36.8065,10.1815,SSH,2026-04-20 08:01:40,33.6,8,0,9,,0,0,none
PAM-00336,jean_dev,Developer,app-dev-01,Tunisia,36.8065,10.1815,SSH,2026-04-20 09:02:43,30.8,9,0,5,,0,0,none
PAM-00705,marc_netadmin,Network Admin,fw-edge-01,Tunisia,36.8065,10.1815,HTTPS,2026-04-20 10:17:36,25.1,10,0,5,,0,0,none
PAM-00692,marc_netadmin,Network Admin,fw-edge-01,Tunisia,36.8065,10.1815,HTTPS,2026-04-20 10:46:44,9.1,10,0,2,,0,0,none
PAM-00690,marc_netadmin,Network Admin,fw-edge-02,Tunisia,36.8065,10.1815,HTTPS,2026-04-20 11:27:41,15.9,11,0,5,,0,0,none
PAM-00457,sara_dba,DBA,backup-db,Tunisia,36.8065,10.1815,SSH,2026-04-20 11:50:32,21.6,11,0,3,,0,0,none
PAM-00455,jean_dev,Developer,app-dev-01,Tunisia,36.8065,10.1815,SSH,2026-04-20 12:07:28,54.9,12,0,11,,0,0,none
PAM-01576,marc_netadmin,Network Admin,fw-edge-02,Tunisia,36.8065,10.1815,HTTPS,2026-04-20 12:31:47,43.4,12,0,14,,0,0,none
PAM-00850,jean_dev,Developer,app-dev-01,Tunisia,36.8065,10.1815,SSH,2026-04-20 12:46:31,18.9,12,0,3,,0,0,none
PAM-01921,sara_dba,DBA,prod-db-01,Tunisia,36.8065,10.1815,SSH,2026-04-20 13:22:29,16.4,13,0,4,,0,0,none
PAM-01590,marc_netadmin,Network Admin,fw-edge-01,Tunisia,36.8065,10.1815,HTTPS,2026-04-20 13:51:44,9.0,13,0,3,,0,0,none
PAM-02026,sara_dba,DBA,prod-db-01,Tunisia,36.8065,10.1815,SSH,2026-04-20 15:32:40,12.2,15,0,5,,0,0,none
PAM-01376,sara_dba,DBA,prod-db-01,North Korea,39.0392,125.7625,SSH,2026-04-20 17:06:28,7.3,17,0,3,,0,1,unusual_country
PAM-00582,crypto_bot,Service Account,backup-db,Tunisia,36.8065,10.1815,SSH,2026-04-21 02:31:22,19.5,2,0,8,,0,0,none
PAM-01522,crypto_bot,Service Account,backup-db,Tunisia,36.8065,10.1815,SSH,2026-04-21 02:50:13,33.1,2,0,17,,0,0,none
PAM-01735,marc_netadmin,Network Admin,fw-edge-01,Tunisia,36.8065,10.1815,HTTPS,2026-04-21 06:26:34,19.6,6,0,3,,0,0,none
PAM-00945,marc_netadmin,Network Admin,fw-edge-01,Tunisia,36.8065,10.1815,HTTPS,2026-04-21 06:58:00,81.3,6,0,19,,0,1,unusual_duration
PAM-01019,marc_netadmin,Network Admin,fw-edge-01,Tunisia,36.8065,10.1815,HTTPS,2026-04-21 08:06:28,9.7,8,0,1,,0,0,none
PAM-01105,marc_netadmin,Network Admin,fw-edge-01,Tunisia,36.8065,10.1815,HTTPS,2026-04-21 08:33:09,3.7,8,0,1,,0,0,none
PAM-01163,jean_dev,Developer,app-dev-01,Tunisia,36.8065,10.1815,SSH,2026-04-21 09:18:36,13.6,9,0,3,,0,0,none
PAM-00145,jean_dev,Developer,app-dev-01,Tunisia,36.8065,10.1815,SSH,2026-04-21 09:23:50,17.8,9,0,4,,0,0,none
PAM-00764,marc_netadmin,Network Admin,switch-core-01,Tunisia,36.8065,10.1815,HTTPS,2026-04-21 09:35:42,22.9,9,0,4,,0,0,none
PAM-00745,jean_dev,Developer,app-dev-01,Tunisia,36.8065,10.1815,SSH,2026-04-21 10:40:20,17.2,10,0,1,,0,0,none
PAM-00749,jean_dev,Developer,git-prod,Tunisia,36.8065,10.1815,SSH,2026-04-21 10:46:58,32.2,10,0,5,,0,0,none
PAM-00854,marc_netadmin,Network Admin,switch-core-01,Tunisia,36.8065,10.1815,HTTPS,2026-04-21 12:41:14,35.4,12,0,6,,0,0,none
PAM-00940,crypto_bot,Service Account,backup-db,Tunisia,36.8065,10.1815,SSH,2026-04-22 02:05:21,20.7,2,0,7,,0,0,none
PAM-00684,crypto_bot,Service Account,backup-db,Tunisia,36.8065,10.1815,SSH,2026-04-22 02:13:04,40.9,2,0,13,,0,0,none
PAM-00402,crypto_bot,Service Account,backup-db,Tunisia,36.8065,10.1815,SSH,2026-04-22 02:16:35,11.7,2,0,2,,0,0,none
PAM-00305,crypto_bot,Service Account,backup-db,Tunisia,36.8065,10.1815,SSH,2026-04-22 02:52:36,16.7,2,0,3,,0,0,none
PAM-00222,crypto_bot,Service Account,backup-db,Tunisia,36.8065,10.1815,SSH,2026-04-22 02:58:47,44.3,2,0,10,,0,0,none
PAM-00061,jean_dev,Developer,app-dev-01,Tunisia,36.8065,10.1815,SSH,2026-04-22 07:25:50,14.5,7,0,2,,0,0,none
PAM-01271,jean_dev,Developer,app-dev-01,Tunisia,36.8065,10.1815,SSH,2026-04-22 07:53:46,31.5,7,0,7,,0,0,none
PAM-00153,marc_netadmin,Network Admin,fw-edge-02,Tunisia,36.8065,10.1815,HTTPS,2026-04-22 08:06:08,39.1,8,0,16,,0,0,none
PAM-01161,jean_dev,Developer,app-dev-01,Tunisia,36.8065,10.1815,SSH,2026-04-22 08:19:32,21.1,8,0,2,,0,0,none
PAM-00114,marc_netadmin,Network Admin,switch-core-01,Tunisia,36.8065,10.1815,HTTPS,2026-04-22 08:31:15,22.1,8,0,4,,0,0,none
PAM-00170,jean_dev,Developer,app-dev-01,Tunisia,36.8065,10.1815,SSH,2026-04-22 11:35:07,8.7,11,0,1,,0,0,none
PAM-00441,jean_dev,Developer,app-dev-01,Tunisia,36.8065,10.1815,SSH,2026-04-22 12:09:53,21.5,12,0,4,,0,0,none
PAM-00142,crypto_bot,Service Account,backup-db,Tunisia,36.8065,10.1815,SSH,2026-04-23 02:28:42,28.1,2,0,4,,0,0,none
PAM-00513,crypto_bot,Service Account,backup-db,Tunisia,36.8065,10.1815,SSH,2026-04-23 02:30:29,10.8,2,0,2,,0,0,none
PAM-00622,crypto_bot,Service Account,backup-db,Tunisia,36.8065,10.1815,SSH,2026-04-23 02:53:20,14.1,2,0,7,,0,0,none
PAM-01009,marc_netadmin,Network Admin,fw-edge-02,Tunisia,36.8065,10.1815,HTTPS,2026-04-23 06:30:45,7.7,6,0,2,,0,0,none
PAM-00516,marc_netadmin,Network Admin,fw-edge-02,Tunisia,36.8065,10.1815,HTTPS,2026-04-23 07:29:23,17.1,7,0,4,,0,0,none
PAM-01684,jean_dev,Developer,git-prod,Tunisia,36.8065,10.1815,SSH,2026-04-23 08:44:42,15.2,8,0,1,,0,0,none
PAM-01508,jean_dev,Developer,app-dev-01,Tunisia,36.8065,10.1815,SSH,2026-04-23 10:14:51,13.6,10,0,5,,0,0,none
PAM-00594,jean_dev,Developer,app-dev-01,Tunisia,36.8065,10.1815,SSH,2026-04-23 12:21:21,22.6,12,0,8,,0,0,none
PAM-01139,jean_dev,Developer,git-prod,Tunisia,36.8065,10.1815,SSH,2026-04-23 12:36:09,33.6,12,0,6,,0,0,none
PAM-01622,sara_dba,DBA,prod-db-01,Tunisia,36.8065,10.1815,SSH,2026-04-23 14:32:00,16.7,14,0,5,,0,0,none
PAM-00212,sara_dba,DBA,prod-db-01,Tunisia,36.8065,10.1815,SSH,2026-04-23 17:52:52,34.0,17,0,7,,0,0,none
PAM-00928,crypto_bot,Service Account,backup-db,Tunisia,36.8065,10.1815,SSH,2026-04-24 02:11:44,9.1,2,0,3,,0,0,none
PAM-00450,crypto_bot,Service Account,backup-db,Tunisia,36.8065,10.1815,SSH,2026-04-24 02:15:11,13.0,2,0,3,,0,0,none
PAM-00932,crypto_bot,Service Account,backup-db,Tunisia,36.8065,10.1815,SSH,2026-04-24 02:20:08,19.6,2,0,4,,0,0,none
PAM-01143,crypto_bot,Service Account,backup-db,Tunisia,36.8065,10.1815,SSH,2026-04-24 02:32:02,11.0,2,0,4,,0,0,none
PAM-00357,crypto_bot,Service Account,backup-db,Tunisia,36.8065,10.1815,SSH,2026-04-24 02:50:02,19.5,2,0,4,,0,0,none
PAM-00240,marc_netadmin,Network Admin,fw-edge-02,Tunisia,36.8065,10.1815,HTTPS,2026-04-24 11:06:48,24.0,11,0,5,,0,0,none
PAM-00160,jean_dev,Developer,app-dev-01,Tunisia,36.8065,10.1815,SSH,2026-04-24 11:41:38,9.4,11,0,4,,0,0,none
PAM-01775,jean_dev,Developer,app-dev-01,Tunisia,36.8065,10.1815,SSH,2026-04-24 12:20:40,16.7,12,0,3,,0,0,none
PAM-01020,sara_dba,DBA,prod-db-01,Tunisia,36.8065,10.1815,SSH,2026-04-24 13:37:13,28.3,13,0,7,,0,0,none
PAM-02040,sara_dba,DBA,prod-db-01,Tunisia,36.8065,10.1815,SSH,2026-04-24 15:25:42,18.5,15,0,4,,0,0,none
PAM-01071,sara_dba,DBA,backup-db,Tunisia,36.8065,10.1815,SSH,2026-04-24 19:35:28,25.9,19,0,6,,0,0,none
PAM-01765,crypto_bot,Service Account,backup-db,Tunisia,36.8065,10.1815,SSH,2026-04-25 01:57:38,13.3,1,1,5,,0,0,none
PAM-00171,crypto_bot,Service Account,backup-db,Tunisia,36.8065,10.1815,SSH,2026-04-25 02:01:06,14.9,2,1,4,,0,0,none
PAM-01799,crypto_bot,Service Account,backup-db,Tunisia,36.8065,10.1815,SSH,2026-04-25 02:25:56,24.8,2,1,2,,0,0,none
PAM-00091,crypto_bot,Service Account,backup-db,Tunisia,36.8065,10.1815,SSH,2026-04-25 02:27:08,10.4,2,1,2,,0,0,none
PAM-01034,crypto_bot,Service Account,backup-db,Tunisia,36.8065,10.1815,SSH,2026-04-25 02:38:34,28.4,2,1,6,,0,0,none
PAM-01269,crypto_bot,Service Account,backup-db,Tunisia,36.8065,10.1815,SSH,2026-04-25 02:46:21,55.6,2,1,14,,0,0,none
PAM-00288,crypto_bot,Service Account,backup-db,Tunisia,36.8065,10.1815,SSH,2026-04-25 02:56:13,23.8,2,1,4,,0,0,none
PAM-01132,crypto_bot,Service Account,backup-db,Tunisia,36.8065,10.1815,SSH,2026-04-26 02:23:23,27.7,2,1,8,,0,0,none
PAM-00093,crypto_bot,Service Account,backup-db,Tunisia,36.8065,10.1815,SSH,2026-04-26 02:33:26,12.0,2,1,3,,0,0,none
PAM-01066,crypto_bot,Service Account,backup-db,Tunisia,36.8065,10.1815,SSH,2026-04-26 02:38:22,36.8,2,1,11,,0,0,none
PAM-01288,crypto_bot,Service Account,backup-db,Tunisia,36.8065,10.1815,SSH,2026-04-27 02:09:36,12.7,2,0,4,,0,0,none
PAM-01476,crypto_bot,Service Account,backup-db,Tunisia,36.8065,10.1815,SSH,2026-04-27 02:52:13,14.6,2,0,2,,0,0,none
PAM-02033,crypto_bot,Service Account,backup-db,Tunisia,36.8065,10.1815,SSH,2026-04-27 03:50:32,21.5,3,0,5,,0,0,none
PAM-00338,marc_netadmin,Network Admin,fw-edge-01,Tunisia,36.8065,10.1815,HTTPS,2026-04-27 07:22:59,34.9,7,0,12,,0,0,none
PAM-01580,sara_dba,DBA,prod-db-02,Tunisia,36.8065,10.1815,SSH,2026-04-27 08:45:43,19.2,8,0,4,,0,0,none
PAM-01965,jean_dev,Developer,git-prod,Tunisia,36.8065,10.1815,SSH,2026-04-27 09:06:55,37.1,9,0,10,,0,0,none
PAM-01031,sara_dba,DBA,prod-db-01,Tunisia,36.8065,10.1815,SSH,2026-04-27 10:06:06,53.5,10,0,16,,0,0,none
PAM-01283,jean_dev,Developer,app-dev-01,Tunisia,36.8065,10.1815,SSH,2026-04-27 10:35:17,17.4,10,0,4,,0,0,none
PAM-00636,sara_dba,DBA,prod-db-01,Tunisia,36.8065,10.1815,SSH,2026-04-27 11:20:55,21.0,11,0,7,,0,0,none
PAM-00285,sara_dba,DBA,prod-db-01,Tunisia,36.8065,10.1815,SSH,2026-04-27 11:27:43,16.3,11,0,5,,0,0,none
PAM-00119,marc_netadmin,Network Admin,fw-edge-01,Tunisia,36.8065,10.1815,HTTPS,2026-04-27 13:00:27,13.9,13,0,7,,0,0,none
PAM-01591,sara_dba,DBA,prod-db-01,Tunisia,36.8065,10.1815,SSH,2026-04-27 13:28:47,9.6,13,0,1,,0,0,none
PAM-01336,sara_dba,DBA,prod-db-01,Tunisia,36.8065,10.1815,SSH,2026-04-27 16:08:58,28.1,16,0,6,,0,0,none
PAM-01463,sara_dba,DBA,prod-db-01,Tunisia,36.8065,10.1815,SSH,2026-04-27 16:09:51,30.0,16,0,6,,0,0,none
PAM-00936,sara_dba,DBA,backup-db,Tunisia,36.8065,10.1815,SSH,2026-04-27 18:52:42,27.5,18,0,6,,0,0,none
PAM-01813,crypto_bot,Service Account,backup-db,Tunisia,36.8065,10.1815,SSH,2026-04-28 02:04:21,9.5,2,0,4,,0,0,none
PAM-00388,crypto_bot,Service Account,backup-db,Tunisia,36.8065,10.1815,SSH,2026-04-28 02:18:46,16.2,2,0,4,,0,0,none
PAM-01203,crypto_bot,Service Account,backup-db,Tunisia,36.8065,10.1815,SSH,2026-04-28 02:21:19,22.1,2,0,1,,0,0,none
PAM-01589,crypto_bot,Service Account,backup-db,Tunisia,36.8065,10.1815,SSH,2026-04-28 02:54:33,38.8,2,0,9,,0,0,none
PAM-00010,marc_netadmin,Network Admin,fw-edge-01,Tunisia,36.8065,10.1815,HTTPS,2026-04-28 07:24:22,20.9,7,0,8,,0,0,none
PAM-02063,jean_dev,Developer,git-prod,Tunisia,36.8065,10.1815,SSH,2026-04-28 07:32:35,13.4,7,0,6,,0,0,none
PAM-00879,marc_netadmin,Network Admin,switch-core-01,Tunisia,36.8065,10.1815,HTTPS,2026-04-28 08:33:22,9.9,8,0,1,,0,0,none
PAM-00311,jean_dev,Developer,app-dev-01,Tunisia,36.8065,10.1815,SSH,2026-04-28 09:46:52,48.5,9,0,12,,0,0,none
PAM-00597,jean_dev,Developer,app-staging,Tunisia,36.8065,10.1815,SSH,2026-04-28 09:49:40,16.9,9,0,3,,0,0,none
PAM-01061,sara_dba,DBA,prod-db-01,Tunisia,36.8065,10.1815,SSH,2026-04-28 10:10:00,22.5,10,0,3,,0,0,none
PAM-00268,jean_dev,Developer,git-prod,Tunisia,36.8065,10.1815,SSH,2026-04-28 10:42:28,11.0,10,0,5,,0,0,none
PAM-01777,jean_dev,Developer,app-dev-01,Tunisia,36.8065,10.1815,SSH,2026-04-28 11:22:02,34.4,11,0,12,,0,0,none
PAM-01840,sara_dba,DBA,prod-db-01,Tunisia,36.8065,10.1815,SSH,2026-04-28 13:33:56,34.3,13,0,6,,0,0,none
PAM-00956,jean_dev,Developer,app-dev-01,Tunisia,36.8065,10.1815,SSH,2026-04-28 13:59:54,10.9,13,0,4,,0,0,none
PAM-01331,sara_dba,DBA,prod-db-01,Tunisia,36.8065,10.1815,SSH,2026-04-28 14:19:03,7.5,14,0,1,,0,0,none
PAM-01544,sara_dba,DBA,prod-db-01,Tunisia,36.8065,10.1815,SSH,2026-04-28 14:26:20,21.8,14,0,5,,0,0,none
PAM-01027,sara_dba,DBA,prod-db-02,Tunisia,36.8065,10.1815,SSH,2026-04-28 14:55:27,19.7,14,0,5,,0,0,none
PAM-02069,sara_dba,DBA,prod-db-01,Tunisia,36.8065,10.1815,SSH,2026-04-28 15:18:47,25.7,15,0,4,,0,0,none
PAM-01661,sara_dba,DBA,prod-db-01,Tunisia,36.8065,10.1815,SSH,2026-04-28 16:26:43,20.9,16,0,2,,0,0,none
PAM-00531,sara_dba,DBA,prod-db-01,Tunisia,36.8065,10.1815,SSH,2026-04-28 17:02:08,21.4,17,0,1,,0,0,none
PAM-01438,sara_dba,DBA,prod-db-01,Tunisia,36.8065,10.1815,SSH,2026-04-28 19:34:49,32.7,19,0,13,,0,0,none
PAM-00463,crypto_bot,Service Account,backup-db,Tunisia,36.8065,10.1815,SSH,2026-04-29 02:01:11,22.1,2,0,7,,0,0,none
PAM-01604,crypto_bot,Service Account,backup-db,Tunisia,36.8065,10.1815,SSH,2026-04-29 02:13:13,24.3,2,0,5,,0,0,none
PAM-01231,crypto_bot,Service Account,backup-db,Tunisia,36.8065,10.1815,SSH,2026-04-29 02:16:49,40.0,2,0,16,,0,0,none
PAM-00394,crypto_bot,Service Account,backup-db,Tunisia,36.8065,10.1815,SSH,2026-04-29 02:57:13,34.0,2,0,8,,0,0,none
PAM-01855,jean_dev,Developer,app-dev-01,Tunisia,36.8065,10.1815,SSH,2026-04-29 06:48:54,58.4,6,0,14,,0,0,none
PAM-00302,jean_dev,Developer,app-dev-01,Tunisia,36.8065,10.1815,SSH,2026-04-29 08:54:12,20.1,8,0,7,,0,0,none
PAM-01258,marc_netadmin,Network Admin,switch-core-01,Tunisia,36.8065,10.1815,HTTPS,2026-04-29 09:02:16,16.0,9,0,1,,0,0,none
PAM-00946,jean_dev,Developer,app-dev-01,Tunisia,36.8065,10.1815,SSH,2026-04-29 09:34:49,16.6,9,0,1,,0,0,none
PAM-00730,jean_dev,Developer,app-dev-01,Tunisia,36.8065,10.1815,SSH,2026-04-29 10:25:49,19.0,10,0,7,,0,0,none
PAM-01896,marc_netadmin,Network Admin,fw-edge-01,Tunisia,36.8065,10.1815,HTTPS,2026-04-29 10:28:37,9.6,10,0,3,,0,0,none
PAM-01585,marc_netadmin,Network Admin,fw-edge-01,Tunisia,36.8065,10.1815,HTTPS,2026-04-29 10:48:47,23.4,10,0,6,,0,0,none
PAM-01738,sara_dba,DBA,backup-db,Tunisia,36.8065,10.1815,SSH,2026-04-29 11:24:38,11.0,11,0,4,,0,0,none
PAM-01948,sara_dba,DBA,prod-db-01,Tunisia,36.8065,10.1815,SSH,2026-04-29 13:08:58,20.5,13,0,1,,0,0,none
PAM-01458,sara_dba,DBA,backup-db,Tunisia,36.8065,10.1815,SSH,2026-04-29 14:05:38,15.6,14,0,3,,0,0,none
PAM-01694,sara_dba,DBA,prod-db-01,Tunisia,36.8065,10.1815,SSH,2026-04-29 14:40:20,10.1,14,0,2,,0,0,none
PAM-01645,sara_dba,DBA,prod-db-01,Tunisia,36.8065,10.1815,SSH,2026-04-29 15:50:25,27.7,15,0,7,,0,0,none
PAM-01489,sara_dba,DBA,prod-db-01,Tunisia,36.8065,10.1815,SSH,2026-04-29 16:37:36,36.0,16,0,8,,0,0,none
PAM-00842,sara_dba,DBA,prod-db-01,Tunisia,36.8065,10.1815,SSH,2026-04-29 16:51:35,29.6,16,0,8,,0,0,none
PAM-01570,crypto_bot,Service Account,backup-db,Tunisia,36.8065,10.1815,SSH,2026-04-30 02:50:16,11.3,2,0,1,,0,0,none
PAM-00176,marc_netadmin,Network Admin,fw-edge-02,North Korea,39.0392,125.7625,HTTPS,2026-04-30 06:09:11,60.9,6,0,13,,0,1,unusual_country
PAM-02030,marc_netadmin,Network Admin,fw-edge-01,Tunisia,36.8065,10.1815,HTTPS,2026-04-30 08:03:27,25.5,8,0,6,,0,0,none
PAM-00306,jean_dev,Developer,app-dev-01,Tunisia,36.8065,10.1815,SSH,2026-04-30 09:34:09,24.6,9,0,4,,0,0,none
PAM-01447,jean_dev,Developer,app-dev-01,Tunisia,36.8065,10.1815,SSH,2026-04-30 09:43:19,12.8,9,0,5,,0,0,none
PAM-00759,marc_netadmin,Network Admin,fw-edge-01,Tunisia,36.8065,10.1815,HTTPS,2026-04-30 09:58:36,16.8,9,0,2,,0,0,none
PAM-00569,marc_netadmin,Network Admin,fw-edge-01,Tunisia,36.8065,10.1815,HTTPS,2026-04-30 10:46:18,26.6,10,0,9,,0,0,none
PAM-01210,jean_dev,Developer,app-dev-01,Tunisia,36.8065,10.1815,SSH,2026-04-30 10:58:07,26.2,10,0,9,,0,0,none
PAM-02019,jean_dev,Developer,app-dev-01,Tunisia,36.8065,10.1815,SSH,2026-04-30 11:38:34,10.5,11,0,5,,0,0,none
PAM-00152,jean_dev,Developer,git-prod,Tunisia,36.8065,10.1815,SSH,2026-04-30 11:48:43,52.4,11,0,14,,0,0,none
PAM-01701,sara_dba,DBA,prod-db-01,Tunisia,36.8065,10.1815,SSH,2026-04-30 13:07:45,16.5,13,0,3,,0,0,none
PAM-00738,sara_dba,DBA,prod-db-01,Tunisia,36.8065,10.1815,SSH,2026-04-30 14:47:35,71.1,14,0,24,,0,0,none
PAM-00904,sara_dba,DBA,prod-db-01,Tunisia,36.8065,10.1815,SSH,2026-04-30 15:11:39,23.5,15,0,8,,0,0,none
PAM-01446,sara_dba,DBA,prod-db-01,Tunisia,36.8065,10.1815,SSH,2026-04-30 16:56:58,25.3,16,0,10,,0,0,none
PAM-01963,sara_dba,DBA,prod-db-01,Tunisia,36.8065,10.1815,SSH,2026-05-01 02:00:56,11.8,2,0,1,,0,1,unusual_hour
PAM-01925,crypto_bot,Service Account,backup-db,Tunisia,36.8065,10.1815,SSH,2026-05-01 02:07:55,35.8,2,0,8,,0,0,none
PAM-00557,crypto_bot,Service Account,backup-db,Tunisia,36.8065,10.1815,SSH,2026-05-01 02:33:58,19.5,2,0,8,,0,0,none
PAM-00066,crypto_bot,Service Account,backup-db,Tunisia,36.8065,10.1815,SSH,2026-05-01 03:17:02,18.9,3,0,4,,0,0,none
PAM-00294,marc_netadmin,Network Admin,fw-edge-01,Tunisia,36.8065,10.1815,HTTPS,2026-05-01 07:58:54,9.0,7,0,1,,0,0,none
PAM-01774,jean_dev,Developer,app-dev-01,Tunisia,36.8065,10.1815,SSH,2026-05-01 10:25:49,15.5,10,0,8,,0,0,none
PAM-00490,marc_netadmin,Network Admin,fw-edge-02,Tunisia,36.8065,10.1815,HTTPS,2026-05-01 10:29:03,42.2,10,0,11,,0,0,none
PAM-00055,jean_dev,Developer,app-dev-01,Tunisia,36.8065,10.1815,SSH,2026-05-01 10:40:56,32.4,10,0,13,,0,0,none
PAM-01679,jean_dev,Developer,git-prod,Tunisia,36.8065,10.1815,SSH,2026-05-01 11:00:49,25.2,11,0,5,,0,0,none
PAM-00860,sara_dba,DBA,prod-db-01,Tunisia,36.8065,10.1815,SSH,2026-05-01 11:03:53,18.8,11,0,2,,0,0,none
PAM-01422,marc_netadmin,Network Admin,fw-edge-02,Tunisia,36.8065,10.1815,HTTPS,2026-05-01 11:38:07,9.5,11,0,1,,0,0,none
PAM-01408,jean_dev,Developer,app-dev-01,Tunisia,36.8065,10.1815,SSH,2026-05-01 11:57:19,28.2,11,0,4,,0,0,none
PAM-00374,marc_netadmin,Network Admin,fw-edge-01,Tunisia,36.8065,10.1815,HTTPS,2026-05-01 12:21:40,21.3,12,0,5,,0,0,none
PAM-00179,sara_dba,DBA,prod-db-01,Tunisia,36.8065,10.1815,SSH,2026-05-01 15:09:22,12.1,15,0,4,DELETE FROM users,1,0,none
PAM-00202,crypto_bot,Service Account,backup-db,Tunisia,36.8065,10.1815,SSH,2026-05-02 01:59:35,20.6,1,1,4,,0,0,none
PAM-00474,crypto_bot,Service Account,backup-db,Tunisia,36.8065,10.1815,SSH,2026-05-02 02:02:33,24.6,2,1,4,,0,0,none
PAM-01815,crypto_bot,Service Account,backup-db,Tunisia,36.8065,10.1815,SSH,2026-05-02 02:57:01,36.2,2,1,7,,0,0,none
PAM-01617,sara_dba,DBA,prod-db-02,Brazil,-15.7939,-47.8828,SSH,2026-05-02 14:28:31,36.7,14,1,10,,0,1,unusual_country
PAM-01444,crypto_bot,Service Account,backup-db,Tunisia,36.8065,10.1815,SSH,2026-05-03 02:03:26,17.0,2,1,7,,0,0,none
PAM-00173,crypto_bot,Service Account,backup-db,Tunisia,36.8065,10.1815,SSH,2026-05-03 02:04:45,8.6,2,1,1,,0,0,none
PAM-01416,crypto_bot,Service Account,backup-db,Tunisia,36.8065,10.1815,SSH,2026-05-03 02:05:42,52.9,2,1,6,,0,0,none
PAM-01597,crypto_bot,Service Account,prod-db-02,Tunisia,36.8065,10.1815,SSH,2026-05-03 02:16:21,40.8,2,1,9,,0,1,unusual_asset
PAM-01655,crypto_bot,Service Account,backup-db,Tunisia,36.8065,10.1815,SSH,2026-05-03 02:32:41,19.7,2,1,3,,0,0,none
PAM-02021,crypto_bot,Service Account,backup-db,Tunisia,36.8065,10.1815,SSH,2026-05-03 02:33:20,15.6,2,1,9,,0,0,none
PAM-02048,crypto_bot,Service Account,backup-db,Tunisia,36.8065,10.1815,SSH,2026-05-03 02:39:43,14.9,2,1,3,,0,0,none
PAM-00729,crypto_bot,Service Account,backup-db,Tunisia,36.8065,10.1815,SSH,2026-05-03 03:02:00,21.5,3,1,4,,0,0,none
PAM-00060,crypto_bot,Service Account,backup-db,Tunisia,36.8065,10.1815,SSH,2026-05-03 03:04:04,23.4,3,1,8,,0,0,none
PAM-01557,crypto_bot,Service Account,backup-db,Tunisia,36.8065,10.1815,SSH,2026-05-03 03:24:11,18.5,3,1,5,,0,0,none
PAM-00703,crypto_bot,Service Account,backup-db,Tunisia,36.8065,10.1815,SSH,2026-05-04 02:25:26,19.7,2,0,6,,0,0,none
PAM-00714,crypto_bot,Service Account,backup-db,North Korea,39.0392,125.7625,SSH,2026-05-04 02:45:36,15.9,2,0,6,,0,1,unusual_country
PAM-01232,crypto_bot,Service Account,backup-db,Tunisia,36.8065,10.1815,SSH,2026-05-04 02:53:01,15.2,2,0,5,,0,0,none
PAM-00817,marc_netadmin,Network Admin,switch-core-01,Tunisia,36.8065,10.1815,HTTPS,2026-05-04 07:50:30,14.5,7,0,5,,0,0,none
PAM-01739,marc_netadmin,Network Admin,fw-edge-01,Tunisia,36.8065,10.1815,HTTPS,2026-05-04 07:56:47,12.6,7,0,2,DROP TABLE,1,0,none
PAM-01002,jean_dev,Developer,git-prod,Tunisia,36.8065,10.1815,SSH,2026-05-04 09:23:17,49.9,9,0,13,,0,0,none
PAM-01135,marc_netadmin,Network Admin,fw-edge-02,Tunisia,36.8065,10.1815,HTTPS,2026-05-04 09:36:23,38.9,9,0,3,,0,0,none
PAM-01890,marc_netadmin,Network Admin,fw-edge-01,Tunisia,36.8065,10.1815,HTTPS,2026-05-04 10:18:45,24.7,10,0,7,,0,0,none
PAM-01770,jean_dev,Developer,app-dev-01,Tunisia,36.8065,10.1815,SSH,2026-05-04 10:20:29,27.6,10,0,6,,0,0,none
PAM-01467,marc_netadmin,Network Admin,fw-edge-01,Tunisia,36.8065,10.1815,HTTPS,2026-05-04 11:00:56,26.4,11,0,10,,0,0,none
PAM-01919,jean_dev,Developer,app-dev-01,Tunisia,36.8065,10.1815,SSH,2026-05-04 11:31:58,19.0,11,0,4,,0,0,none
PAM-01828,marc_netadmin,Network Admin,fw-edge-01,Tunisia,36.8065,10.1815,HTTPS,2026-05-04 11:35:06,13.8,11,0,5,,0,0,none
PAM-01427,jean_dev,Developer,app-dev-01,Tunisia,36.8065,10.1815,SSH,2026-05-04 12:19:34,19.6,12,0,6,,0,0,none
PAM-01168,sara_dba,DBA,prod-db-01,Tunisia,36.8065,10.1815,SSH,2026-05-04 12:59:31,32.3,12,0,8,,0,0,none
PAM-00888,sara_dba,DBA,prod-db-01,Brazil,-15.7939,-47.8828,SSH,2026-05-04 13:51:35,69.7,13,0,18,,0,1,unusual_country
PAM-01484,sara_dba,DBA,prod-db-01,Tunisia,36.8065,10.1815,SSH,2026-05-04 14:10:00,27.7,14,0,7,,0,0,none
PAM-00188,sara_dba,DBA,prod-db-02,Tunisia,36.8065,10.1815,SSH,2026-05-04 14:46:03,15.2,14,0,4,,0,0,none
PAM-00649,crypto_bot,Service Account,backup-db,Tunisia,36.8065,10.1815,SSH,2026-05-05 02:16:17,5.9,2,0,1,,0,0,none
PAM-01723,crypto_bot,Service Account,backup-db,Tunisia,36.8065,10.1815,SSH,2026-05-05 02:23:29,15.7,2,0,4,,0,0,none
PAM-01628,crypto_bot,Service Account,backup-db,Tunisia,36.8065,10.1815,SSH,2026-05-05 03:14:10,45.4,3,0,2,,0,0,none
PAM-01176,jean_dev,Developer,app-dev-01,Tunisia,36.8065,10.1815,SSH,2026-05-05 05:58:34,16.2,5,0,3,,0,0,none
PAM-01887,marc_netadmin,Network Admin,fw-edge-01,Tunisia,36.8065,10.1815,HTTPS,2026-05-05 06:56:04,34.7,6,0,18,,0,0,none
PAM-00519,jean_dev,Developer,git-prod,Tunisia,36.8065,10.1815,SSH,2026-05-05 08:49:39,15.8,8,0,5,,0,0,none
PAM-00683,jean_dev,Developer,app-dev-01,Tunisia,36.8065,10.1815,SSH,2026-05-05 08:59:14,8.5,8,0,2,,0,0,none
PAM-01372,jean_dev,Developer,app-dev-01,Tunisia,36.8065,10.1815,SSH,2026-05-05 09:02:47,30.2,9,0,8,,0,0,none
PAM-01548,marc_netadmin,Network Admin,fw-edge-01,Tunisia,36.8065,10.1815,HTTPS,2026-05-05 09:13:22,15.7,9,0,7,,0,0,none
PAM-00981,jean_dev,Developer,app-dev-01,Tunisia,36.8065,10.1815,SSH,2026-05-05 09:49:30,5.4,9,0,1,chmod 777,1,0,none
PAM-01472,marc_netadmin,Network Admin,fw-edge-01,Tunisia,36.8065,10.1815,HTTPS,2026-05-05 09:50:14,39.7,9,0,18,,0,0,none
PAM-01436,jean_dev,Developer,app-dev-01,Tunisia,36.8065,10.1815,SSH,2026-05-05 10:01:56,13.5,10,0,2,,0,0,none
PAM-01237,jean_dev,Developer,app-dev-01,Tunisia,36.8065,10.1815,SSH,2026-05-05 10:55:23,68.6,10,0,20,,0,0,none
PAM-00959,marc_netadmin,Network Admin,fw-edge-01,Tunisia,36.8065,10.1815,HTTPS,2026-05-05 11:11:04,15.9,11,0,6,,0,0,none
PAM-00898,jean_dev,Developer,app-dev-01,Tunisia,36.8065,10.1815,SSH,2026-05-05 11:40:02,18.5,11,0,5,,0,0,none
PAM-00918,marc_netadmin,Network Admin,fw-edge-01,Tunisia,36.8065,10.1815,HTTPS,2026-05-05 11:47:01,21.3,11,0,7,,0,0,none
PAM-00747,marc_netadmin,Network Admin,switch-core-01,Tunisia,36.8065,10.1815,HTTPS,2026-05-05 11:48:46,18.6,11,0,5,,0,0,none
PAM-00333,sara_dba,DBA,prod-db-01,Tunisia,36.8065,10.1815,SSH,2026-05-05 11:54:42,9.2,11,0,3,,0,0,none
PAM-01639,sara_dba,DBA,prod-db-01,Tunisia,36.8065,10.1815,SSH,2026-05-05 11:57:00,11.9,11,0,2,,0,0,none
PAM-00106,sara_dba,DBA,prod-db-01,Tunisia,36.8065,10.1815,SSH,2026-05-05 12:34:26,14.6,12,0,7,,0,0,none
PAM-00044,marc_netadmin,Network Admin,fw-edge-02,Tunisia,36.8065,10.1815,HTTPS,2026-05-05 12:49:06,35.1,12,0,8,,0,0,none
PAM-01817,sara_dba,DBA,prod-db-01,Tunisia,36.8065,10.1815,SSH,2026-05-05 14:43:06,10.7,14,0,2,,0,0,none
PAM-01301,sara_dba,DBA,prod-db-01,Tunisia,36.8065,10.1815,SSH,2026-05-05 14:43:14,22.7,14,0,9,,0,0,none
PAM-00865,sara_dba,DBA,prod-db-01,Tunisia,36.8065,10.1815,SSH,2026-05-05 14:47:33,9.9,14,0,1,,0,0,none
PAM-00425,sara_dba,DBA,backup-db,Tunisia,36.8065,10.1815,SSH,2026-05-05 16:38:59,10.7,16,0,4,,0,0,none
PAM-00073,crypto_bot,Service Account,backup-db,Tunisia,36.8065,10.1815,SSH,2026-05-06 02:03:58,8.2,2,0,2,,0,0,none
PAM-01584,crypto_bot,Service Account,backup-db,Tunisia,36.8065,10.1815,SSH,2026-05-06 02:17:58,23.9,2,0,2,,0,0,none
PAM-01150,crypto_bot,Service Account,backup-db,Tunisia,36.8065,10.1815,SSH,2026-05-06 02:43:45,39.2,2,0,10,,0,0,none
PAM-00840,crypto_bot,Service Account,backup-db,Tunisia,36.8065,10.1815,SSH,2026-05-06 03:21:08,14.3,3,0,5,,0,0,none
PAM-01179,jean_dev,Developer,git-prod,Tunisia,36.8065,10.1815,SSH,2026-05-06 08:20:43,20.2,8,0,4,,0,0,none
PAM-00421,jean_dev,Developer,app-dev-01,Tunisia,36.8065,10.1815,SSH,2026-05-06 08:29:33,9.4,8,0,1,chmod 777,1,0,none
PAM-00308,marc_netadmin,Network Admin,fw-edge-01,Tunisia,36.8065,10.1815,HTTPS,2026-05-06 08:45:09,34.7,8,0,5,,0,0,none
PAM-01596,jean_dev,Developer,app-dev-01,Tunisia,36.8065,10.1815,SSH,2026-05-06 09:00:14,34.4,9,0,6,,0,0,none
PAM-00304,marc_netadmin,Network Admin,switch-core-01,Tunisia,36.8065,10.1815,HTTPS,2026-05-06 10:55:43,13.0,10,0,1,,0,0,none
PAM-01950,jean_dev,Developer,app-dev-01,Tunisia,36.8065,10.1815,SSH,2026-05-06 11:10:34,21.2,11,0,8,,0,0,none
PAM-01129,sara_dba,DBA,prod-db-01,Tunisia,36.8065,10.1815,SSH,2026-05-06 11:17:57,20.3,11,0,3,,0,0,none
PAM-01026,jean_dev,Developer,git-prod,Tunisia,36.8065,10.1815,SSH,2026-05-06 11:18:40,9.6,11,0,3,,0,0,none
PAM-01881,jean_dev,Developer,app-dev-01,Tunisia,36.8065,10.1815,SSH,2026-05-06 13:59:38,66.7,13,0,16,,0,0,none
PAM-02000,sara_dba,DBA,prod-db-01,Tunisia,36.8065,10.1815,SSH,2026-05-06 14:04:36,20.9,14,0,5,,0,0,none
PAM-00970,sara_dba,DBA,prod-db-01,Tunisia,36.8065,10.1815,SSH,2026-05-06 16:48:57,7.7,16,0,1,,0,0,none
PAM-00205,crypto_bot,Service Account,backup-db,Tunisia,36.8065,10.1815,SSH,2026-05-07 01:09:51,35.1,1,0,13,,0,0,none
PAM-01577,crypto_bot,Service Account,backup-db,Tunisia,36.8065,10.1815,SSH,2026-05-07 03:33:34,23.7,3,0,6,,0,0,none
PAM-00313,marc_netadmin,Network Admin,fw-edge-01,Tunisia,36.8065,10.1815,HTTPS,2026-05-07 06:30:18,6.1,6,0,1,,0,0,none
PAM-01493,marc_netadmin,Network Admin,fw-edge-02,Tunisia,36.8065,10.1815,HTTPS,2026-05-07 07:33:27,27.5,7,0,4,,0,0,none
PAM-01747,jean_dev,Developer,app-dev-01,Tunisia,36.8065,10.1815,SSH,2026-05-07 08:46:54,17.5,8,0,6,,0,0,none
PAM-01074,marc_netadmin,Network Admin,fw-edge-02,Tunisia,36.8065,10.1815,HTTPS,2026-05-07 09:16:23,15.9,9,0,1,,0,0,none
PAM-00039,jean_dev,Developer,app-dev-01,Tunisia,36.8065,10.1815,SSH,2026-05-07 09:53:26,8.7,9,0,1,,0,0,none
PAM-01829,sara_dba,DBA,prod-db-01,Tunisia,36.8065,10.1815,SSH,2026-05-07 10:33:33,19.1,10,0,4,,0,0,none
PAM-01146,jean_dev,Developer,app-dev-01,Tunisia,36.8065,10.1815,SSH,2026-05-07 10:50:19,12.2,10,0,3,,0,0,none
PAM-01987,jean_dev,Developer,app-dev-01,Tunisia,36.8065,10.1815,SSH,2026-05-07 11:43:51,37.3,11,0,12,,0,0,none
PAM-01157,marc_netadmin,Network Admin,fw-edge-01,Tunisia,36.8065,10.1815,HTTPS,2026-05-07 13:24:33,30.7,13,0,8,,0,0,none
PAM-00258,sara_dba,DBA,prod-db-01,Tunisia,36.8065,10.1815,SSH,2026-05-07 14:02:00,7.5,14,0,4,,0,0,none
PAM-01730,sara_dba,DBA,backup-db,Tunisia,36.8065,10.1815,SSH,2026-05-07 14:50:36,27.4,14,0,9,,0,0,none
PAM-01642,sara_dba,DBA,prod-db-02,Tunisia,36.8065,10.1815,SSH,2026-05-07 15:00:09,29.5,15,0,9,,0,0,none
PAM-00600,sara_dba,DBA,prod-db-01,Tunisia,36.8065,10.1815,SSH,2026-05-07 15:58:56,13.6,15,0,1,,0,0,none
PAM-00821,crypto_bot,Service Account,backup-db,Tunisia,36.8065,10.1815,SSH,2026-05-08 02:37:43,24.2,2,0,13,,0,0,none
PAM-01125,crypto_bot,Service Account,backup-db,Tunisia,36.8065,10.1815,SSH,2026-05-08 02:58:23,9.4,2,0,3,,0,0,none
PAM-00872,marc_netadmin,Network Admin,switch-core-01,Tunisia,36.8065,10.1815,HTTPS,2026-05-08 03:07:59,21.2,3,0,3,,0,1,unusual_hour
PAM-01138,marc_netadmin,Network Admin,fw-edge-02,Tunisia,36.8065,10.1815,HTTPS,2026-05-08 04:30:36,16.4,4,0,5,,0,0,none
PAM-02052,jean_dev,Developer,app-dev-01,Tunisia,36.8065,10.1815,SSH,2026-05-08 06:22:13,27.6,6,0,10,,0,0,none
PAM-00045,marc_netadmin,Network Admin,fw-edge-02,Tunisia,36.8065,10.1815,HTTPS,2026-05-08 08:10:36,9.1,8,0,1,,0,0,none
PAM-00048,jean_dev,Developer,git-prod,Tunisia,36.8065,10.1815,SSH,2026-05-08 08:28:35,36.2,8,0,10,,0,0,none
PAM-01311,jean_dev,Developer,app-dev-01,Tunisia,36.8065,10.1815,SSH,2026-05-08 09:04:35,34.2,9,0,8,,0,0,none
PAM-01226,marc_netadmin,Network Admin,fw-edge-01,Tunisia,36.8065,10.1815,HTTPS,2026-05-08 09:46:57,72.1,9,0,16,,0,0,none
PAM-01999,jean_dev,Developer,app-dev-01,Tunisia,36.8065,10.1815,SSH,2026-05-08 09:50:55,20.0,9,0,2,,0,0,none
PAM-00511,marc_netadmin,Network Admin,fw-edge-02,Tunisia,36.8065,10.1815,HTTPS,2026-05-08 09:59:33,26.9,9,0,8,,0,0,none
PAM-01147,jean_dev,Developer,app-staging,Tunisia,36.8065,10.1815,SSH,2026-05-08 10:22:47,361.7,10,0,91,,0,1,unusual_duration
PAM-02006,marc_netadmin,Network Admin,fw-edge-02,Tunisia,36.8065,10.1815,HTTPS,2026-05-08 13:24:28,15.6,13,0,4,,0,0,none
PAM-01889,sara_dba,DBA,backup-db,Tunisia,36.8065,10.1815,SSH,2026-05-08 14:02:39,85.3,14,0,19,,0,0,none
PAM-00270,sara_dba,DBA,prod-db-01,Tunisia,36.8065,10.1815,SSH,2026-05-08 14:54:57,21.2,14,0,3,,0,0,none
PAM-01417,sara_dba,DBA,prod-db-01,Tunisia,36.8065,10.1815,SSH,2026-05-08 17:31:56,20.8,17,0,6,,0,0,none
PAM-01227,crypto_bot,Service Account,backup-db,Tunisia,36.8065,10.1815,SSH,2026-05-09 02:06:39,20.6,2,1,6,,0,0,none
PAM-01402,crypto_bot,Service Account,backup-db,Tunisia,36.8065,10.1815,SSH,2026-05-09 02:18:27,13.5,2,1,5,,0,0,none
PAM-01664,crypto_bot,Service Account,backup-db,Tunisia,36.8065,10.1815,SSH,2026-05-09 02:41:52,8.9,2,1,2,DROP TABLE,1,0,none
PAM-00887,crypto_bot,Service Account,backup-db,Tunisia,36.8065,10.1815,SSH,2026-05-09 02:47:37,24.3,2,1,5,,0,1,unusual_hour
PAM-00710,crypto_bot,Service Account,backup-db,Tunisia,36.8065,10.1815,SSH,2026-05-09 02:54:13,20.4,2,1,6,,0,0,none
PAM-00700,crypto_bot,Service Account,backup-db,Tunisia,36.8065,10.1815,SSH,2026-05-09 02:57:16,33.1,2,1,5,,0,0,none
PAM-01990,crypto_bot,Service Account,backup-db,Tunisia,36.8065,10.1815,SSH,2026-05-09 03:41:16,19.1,3,1,4,,0,0,none
PAM-00497,crypto_bot,Service Account,backup-db,Tunisia,36.8065,10.1815,SSH,2026-05-10 01:28:08,14.2,1,1,5,,0,0,none
PAM-00466,crypto_bot,Service Account,backup-db,Tunisia,36.8065,10.1815,SSH,2026-05-10 02:44:15,34.0,2,1,6,,0,0,none
PAM-00652,crypto_bot,Service Account,backup-db,Tunisia,36.8065,10.1815,SSH,2026-05-10 02:58:54,50.8,2,1,10,,0,0,none
PAM-01042,crypto_bot,Service Account,backup-db,Tunisia,36.8065,10.1815,SSH,2026-05-11 02:00:47,30.4,2,0,8,,0,0,none
PAM-01421,crypto_bot,Service Account,backup-db,Tunisia,36.8065,10.1815,SSH,2026-05-11 02:12:46,10.8,2,0,4,,0,0,none
PAM-01502,crypto_bot,Service Account,backup-db,Tunisia,36.8065,10.1815,SSH,2026-05-11 02:46:04,42.8,2,0,11,,0,0,none
PAM-01255,crypto_bot,Service Account,backup-db,Tunisia,36.8065,10.1815,SSH,2026-05-11 02:50:42,20.8,2,0,4,,0,0,none
PAM-00809,crypto_bot,Service Account,backup-db,Tunisia,36.8065,10.1815,SSH,2026-05-11 02:52:44,34.5,2,0,5,,0,0,none
PAM-00783,marc_netadmin,Network Admin,fw-edge-01,Tunisia,36.8065,10.1815,HTTPS,2026-05-11 06:40:09,32.2,6,0,9,,0,0,none
PAM-01452,jean_dev,Developer,git-prod,Tunisia,36.8065,10.1815,SSH,2026-05-11 08:02:13,18.8,8,0,2,,0,0,none
PAM-01409,sara_dba,DBA,prod-db-01,Tunisia,36.8065,10.1815,SSH,2026-05-11 09:10:04,14.1,9,0,5,,0,0,none
PAM-02044,sara_dba,DBA,prod-db-01,Tunisia,36.8065,10.1815,SSH,2026-05-11 13:34:32,46.4,13,0,16,,0,0,none
PAM-01670,sara_dba,DBA,backup-db,Tunisia,36.8065,10.1815,SSH,2026-05-11 14:21:51,11.8,14,0,1,,0,0,none
PAM-01624,marc_netadmin,Network Admin,fw-edge-01,Tunisia,36.8065,10.1815,HTTPS,2026-05-11 15:05:08,5.8,15,0,2,,0,0,none
PAM-00721,sara_dba,DBA,backup-db,Tunisia,36.8065,10.1815,SSH,2026-05-11 15:17:04,14.8,15,0,4,,0,0,none
PAM-01976,sara_dba,DBA,backup-db,Tunisia,36.8065,10.1815,SSH,2026-05-11 17:00:10,25.5,17,0,6,,0,0,none
PAM-00279,crypto_bot,Service Account,backup-db,Tunisia,36.8065,10.1815,SSH,2026-05-12 02:01:23,11.3,2,0,3,,0,0,none
PAM-02018,crypto_bot,Service Account,backup-db,Tunisia,36.8065,10.1815,SSH,2026-05-12 02:14:14,9.7,2,0,3,,0,0,none
PAM-00635,crypto_bot,Service Account,backup-db,Tunisia,36.8065,10.1815,SSH,2026-05-12 02:46:03,16.1,2,0,3,,0,0,none
PAM-00301,crypto_bot,Service Account,backup-db,Tunisia,36.8065,10.1815,SSH,2026-05-12 02:58:13,8.9,2,0,2,,0,0,none
PAM-01834,jean_dev,Developer,app-dev-01,Tunisia,36.8065,10.1815,SSH,2026-05-12 06:12:18,38.8,6,0,12,,0,0,none
PAM-00802,marc_netadmin,Network Admin,fw-edge-02,Tunisia,36.8065,10.1815,HTTPS,2026-05-12 06:25:17,85.0,6,0,23,,0,0,none
PAM-00679,marc_netadmin,Network Admin,fw-edge-01,Tunisia,36.8065,10.1815,HTTPS,2026-05-12 08:16:25,4.7,8,0,1,,0,0,none
PAM-01272,jean_dev,Developer,app-dev-01,Tunisia,36.8065,10.1815,SSH,2026-05-12 08:36:30,33.3,8,0,11,,0,0,none
PAM-00265,marc_netadmin,Network Admin,fw-edge-01,Tunisia,36.8065,10.1815,HTTPS,2026-05-12 08:52:33,27.2,8,0,2,,0,0,none
PAM-00659,jean_dev,Developer,app-dev-01,Tunisia,36.8065,10.1815,SSH,2026-05-12 09:00:06,8.8,9,0,3,,0,0,none
PAM-00387,jean_dev,Developer,app-dev-01,Tunisia,36.8065,10.1815,SSH,2026-05-12 09:20:00,11.0,9,0,5,,0,0,none
PAM-00414,jean_dev,Developer,app-dev-01,Tunisia,36.8065,10.1815,SSH,2026-05-12 10:03:26,19.8,10,0,4,,0,0,none
PAM-00621,jean_dev,Developer,app-dev-01,Tunisia,36.8065,10.1815,SSH,2026-05-12 10:56:01,17.9,10,0,8,,0,0,none
PAM-01441,jean_dev,Developer,git-prod,Tunisia,36.8065,10.1815,SSH,2026-05-12 12:51:04,32.9,12,0,7,,0,0,none
PAM-01160,jean_dev,Developer,app-dev-01,Tunisia,36.8065,10.1815,SSH,2026-05-12 13:38:32,34.5,13,0,6,,0,0,none
PAM-01496,jean_dev,Developer,git-prod,Tunisia,36.8065,10.1815,SSH,2026-05-12 14:03:31,9.5,14,0,1,,0,0,none
PAM-01350,sara_dba,DBA,backup-db,Tunisia,36.8065,10.1815,SSH,2026-05-12 14:44:00,41.4,14,0,8,,0,0,none
PAM-00851,sara_dba,DBA,prod-db-01,Tunisia,36.8065,10.1815,SSH,2026-05-12 16:23:19,11.5,16,0,3,,0,0,none
PAM-01827,sara_dba,DBA,prod-db-01,Tunisia,36.8065,10.1815,SSH,2026-05-12 16:30:25,8.2,16,0,4,,0,0,none
PAM-00196,sara_dba,DBA,prod-db-02,Tunisia,36.8065,10.1815,SSH,2026-05-12 16:52:10,14.7,16,0,6,,0,0,none
PAM-01592,sara_dba,DBA,backup-db,Tunisia,36.8065,10.1815,SSH,2026-05-12 17:40:18,32.9,17,0,8,,0,0,none
PAM-01121,crypto_bot,Service Account,backup-db,Tunisia,36.8065,10.1815,SSH,2026-05-13 01:49:51,10.0,1,0,1,,0,0,none
PAM-01593,crypto_bot,Service Account,backup-db,Tunisia,36.8065,10.1815,SSH,2026-05-13 02:39:03,37.6,2,0,8,,0,0,none
PAM-00561,crypto_bot,Service Account,backup-db,Tunisia,36.8065,10.1815,SSH,2026-05-13 02:46:47,16.6,2,0,1,,0,0,none
PAM-01261,jean_dev,Developer,git-prod,Tunisia,36.8065,10.1815,SSH,2026-05-13 06:49:09,26.5,6,0,12,,0,0,none
PAM-01096,marc_netadmin,Network Admin,fw-edge-02,Tunisia,36.8065,10.1815,HTTPS,2026-05-13 07:28:22,27.0,7,0,7,,0,0,none
PAM-00087,jean_dev,Developer,app-dev-01,Tunisia,36.8065,10.1815,SSH,2026-05-13 08:27:17,33.6,8,0,12,,0,0,none
PAM-00023,jean_dev,Developer,app-dev-01,Tunisia,36.8065,10.1815,SSH,2026-05-13 08:32:47,9.6,8,0,3,,0,0,none
PAM-00242,marc_netadmin,Network Admin,fw-edge-02,Tunisia,36.8065,10.1815,HTTPS,2026-05-13 08:44:00,10.2,8,0,2,,0,0,none
PAM-00805,marc_netadmin,Network Admin,fw-edge-01,Tunisia,36.8065,10.1815,HTTPS,2026-05-13 09:21:07,9.4,9,0,1,,0,0,none
PAM-00253,marc_netadmin,Network Admin,fw-edge-01,Tunisia,36.8065,10.1815,HTTPS,2026-05-13 09:27:08,90.6,9,0,24,,0,0,none
PAM-01979,marc_netadmin,Network Admin,fw-edge-02,Tunisia,36.8065,10.1815,HTTPS,2026-05-13 09:34:47,47.1,9,0,15,,0,0,none
PAM-00908,jean_dev,Developer,app-dev-01,Tunisia,36.8065,10.1815,SSH,2026-05-13 11:16:47,13.5,11,0,5,,0,0,none
PAM-00596,sara_dba,DBA,prod-db-01,Tunisia,36.8065,10.1815,SSH,2026-05-13 12:15:08,48.0,12,0,14,,0,0,none
PAM-01568,sara_dba,DBA,prod-db-01,Tunisia,36.8065,10.1815,SSH,2026-05-13 15:12:44,13.5,15,0,1,,0,0,none
PAM-01666,sara_dba,DBA,prod-db-01,Tunisia,36.8065,10.1815,SSH,2026-05-13 18:04:00,96.8,18,0,22,,0,0,none
PAM-01166,crypto_bot,Service Account,backup-db,Tunisia,36.8065,10.1815,SSH,2026-05-14 01:23:14,29.6,1,0,7,,0,0,none
PAM-01904,crypto_bot,Service Account,backup-db,Tunisia,36.8065,10.1815,SSH,2026-05-14 02:06:32,11.2,2,0,2,,0,0,none
PAM-01672,marc_netadmin,Network Admin,switch-core-01,Tunisia,36.8065,10.1815,HTTPS,2026-05-14 07:42:43,96.1,7,0,23,,0,0,none
PAM-02029,jean_dev,Developer,git-prod,Tunisia,36.8065,10.1815,SSH,2026-05-14 08:47:24,62.6,8,0,10,,0,0,none
PAM-01910,jean_dev,Developer,git-prod,Tunisia,36.8065,10.1815,SSH,2026-05-14 09:29:15,29.4,9,0,6,,0,0,none
PAM-01337,sara_dba,DBA,prod-db-01,Tunisia,36.8065,10.1815,SSH,2026-05-14 10:41:03,14.3,10,0,4,,0,0,none
PAM-01566,marc_netadmin,Network Admin,fw-edge-01,Tunisia,36.8065,10.1815,HTTPS,2026-05-14 10:58:13,17.9,10,0,6,,0,0,none
PAM-00563,marc_netadmin,Network Admin,fw-edge-02,Tunisia,36.8065,10.1815,HTTPS,2026-05-14 11:08:00,30.5,11,0,8,,0,0,none
PAM-00906,jean_dev,Developer,app-dev-01,Tunisia,36.8065,10.1815,SSH,2026-05-14 11:42:17,31.5,11,0,10,,0,0,none
PAM-00168,jean_dev,Developer,app-dev-01,Tunisia,36.8065,10.1815,SSH,2026-05-14 12:17:27,52.0,12,0,15,,0,0,none
PAM-01327,sara_dba,DBA,prod-db-01,Tunisia,36.8065,10.1815,SSH,2026-05-14 13:07:21,10.1,13,0,4,,0,0,none
PAM-00426,sara_dba,DBA,backup-db,Tunisia,36.8065,10.1815,SSH,2026-05-14 13:19:15,13.5,13,0,2,,0,0,none
PAM-01405,sara_dba,DBA,prod-db-01,Ukraine,50.4501,30.5234,SSH,2026-05-14 14:53:55,33.0,14,0,12,,0,1,unusual_country
PAM-01184,sara_dba,DBA,prod-db-01,Tunisia,36.8065,10.1815,SSH,2026-05-14 15:18:26,55.6,15,0,18,,0,0,none
PAM-00438,sara_dba,DBA,prod-db-01,Tunisia,36.8065,10.1815,SSH,2026-05-14 17:35:46,18.2,17,0,5,,0,0,none
PAM-00801,sara_dba,DBA,prod-db-02,Tunisia,36.8065,10.1815,SSH,2026-05-14 20:40:32,7.4,20,0,4,,0,0,none
PAM-00089,crypto_bot,Service Account,backup-db,Tunisia,36.8065,10.1815,SSH,2026-05-15 01:27:35,17.3,1,0,5,,0,0,none
PAM-00843,crypto_bot,Service Account,backup-db,Tunisia,36.8065,10.1815,SSH,2026-05-15 02:09:50,32.7,2,0,11,,0,0,none
PAM-01039,crypto_bot,Service Account,backup-db,Tunisia,36.8065,10.1815,SSH,2026-05-15 02:12:39,32.1,2,0,8,,0,0,none
PAM-00213,marc_netadmin,Network Admin,fw-edge-02,Tunisia,36.8065,10.1815,HTTPS,2026-05-15 10:44:51,21.5,10,0,5,,0,0,none
PAM-01115,jean_dev,Developer,app-dev-01,Tunisia,36.8065,10.1815,SSH,2026-05-15 12:08:47,217.7,12,0,51,,0,1,unusual_duration
PAM-02001,marc_netadmin,Network Admin,fw-edge-01,Tunisia,36.8065,10.1815,HTTPS,2026-05-15 12:25:27,28.6,12,0,11,,0,0,none
PAM-01930,sara_dba,DBA,prod-db-01,Tunisia,36.8065,10.1815,SSH,2026-05-15 14:38:43,14.5,14,0,3,,0,0,none
PAM-01008,sara_dba,DBA,prod-db-01,Tunisia,36.8065,10.1815,SSH,2026-05-15 15:37:16,19.2,15,0,5,,0,0,none
PAM-01952,sara_dba,DBA,prod-db-02,Tunisia,36.8065,10.1815,SSH,2026-05-15 16:28:25,8.6,16,0,2,,0,0,none
PAM-01973,sara_dba,DBA,prod-db-01,Tunisia,36.8065,10.1815,SSH,2026-05-15 17:27:01,5.4,17,0,1,,0,0,none
PAM-00383,crypto_bot,Service Account,backup-db,Tunisia,36.8065,10.1815,SSH,2026-05-16 01:06:18,23.5,1,1,5,,0,0,none
PAM-00691,crypto_bot,Service Account,backup-db,Tunisia,36.8065,10.1815,SSH,2026-05-16 01:34:19,12.1,1,1,4,,0,0,none
PAM-00585,crypto_bot,Service Account,backup-db,Tunisia,36.8065,10.1815,SSH,2026-05-16 01:55:24,24.2,1,1,4,,0,0,none
PAM-01835,crypto_bot,Service Account,backup-db,Tunisia,36.8065,10.1815,SSH,2026-05-16 03:47:58,8.8,3,1,5,,0,0,none
PAM-00296,crypto_bot,Service Account,backup-db,Tunisia,36.8065,10.1815,SSH,2026-05-17 02:02:01,13.3,2,1,3,,0,0,none
PAM-00731,crypto_bot,Service Account,backup-db,Tunisia,36.8065,10.1815,SSH,2026-05-17 02:09:18,24.8,2,1,4,,0,0,none
PAM-01754,crypto_bot,Service Account,backup-db,Tunisia,36.8065,10.1815,SSH,2026-05-17 02:35:56,39.0,2,1,14,,0,0,none
PAM-00036,crypto_bot,Service Account,backup-db,Tunisia,36.8065,10.1815,SSH,2026-05-17 02:38:46,53.7,2,1,12,,0,0,none
PAM-01303,crypto_bot,Service Account,backup-db,Tunisia,36.8065,10.1815,SSH,2026-05-18 02:02:15,17.3,2,0,4,,0,0,none
PAM-01043,crypto_bot,Service Account,backup-db,Tunisia,36.8065,10.1815,SSH,2026-05-18 02:18:24,13.2,2,0,6,,0,0,none
PAM-00340,crypto_bot,Service Account,backup-db,Tunisia,36.8065,10.1815,SSH,2026-05-18 02:44:08,27.8,2,0,6,,0,0,none
PAM-00501,crypto_bot,Service Account,backup-db,Tunisia,36.8065,10.1815,SSH,2026-05-18 02:55:41,10.8,2,0,3,,0,0,none
PAM-00975,crypto_bot,Service Account,backup-db,Tunisia,36.8065,10.1815,SSH,2026-05-18 03:04:28,16.6,3,0,1,,0,0,none
PAM-00379,crypto_bot,Service Account,backup-db,Tunisia,36.8065,10.1815,SSH,2026-05-18 03:47:08,16.8,3,0,6,,0,0,none
PAM-00682,marc_netadmin,Network Admin,switch-core-01,Tunisia,36.8065,10.1815,HTTPS,2026-05-18 08:51:00,29.2,8,0,10,,0,0,none
PAM-00586,marc_netadmin,Network Admin,fw-edge-01,Tunisia,36.8065,10.1815,HTTPS,2026-05-18 09:19:12,58.8,9,0,20,,0,0,none
PAM-01540,marc_netadmin,Network Admin,fw-edge-02,Tunisia,36.8065,10.1815,HTTPS,2026-05-18 09:23:23,20.1,9,0,5,,0,0,none
PAM-01454,marc_netadmin,Network Admin,switch-core-01,Tunisia,36.8065,10.1815,HTTPS,2026-05-18 09:23:28,24.3,9,0,4,,0,0,none
PAM-00782,jean_dev,Developer,app-dev-01,Tunisia,36.8065,10.1815,SSH,2026-05-18 09:36:36,47.6,9,0,10,,0,0,none
PAM-01795,jean_dev,Developer,app-dev-01,Tunisia,36.8065,10.1815,SSH,2026-05-18 09:56:31,34.6,9,0,6,,0,0,none
PAM-01482,jean_dev,Developer,git-prod,Tunisia,36.8065,10.1815,SSH,2026-05-18 10:13:24,59.9,10,0,12,,0,0,none
PAM-01248,jean_dev,Developer,app-dev-01,Tunisia,36.8065,10.1815,SSH,2026-05-18 10:29:26,17.1,10,0,2,,0,0,none
PAM-00599,marc_netadmin,Network Admin,fw-edge-02,Tunisia,36.8065,10.1815,HTTPS,2026-05-18 10:46:24,38.4,10,0,11,,0,0,none
PAM-01914,marc_netadmin,Network Admin,fw-edge-02,Tunisia,36.8065,10.1815,HTTPS,2026-05-18 10:59:41,192.2,10,0,40,,0,1,unusual_duration
PAM-01953,jean_dev,Developer,app-dev-01,Tunisia,36.8065,10.1815,SSH,2026-05-18 11:03:52,46.2,11,0,9,,0,0,none
PAM-01871,marc_netadmin,Network Admin,fw-edge-01,Tunisia,36.8065,10.1815,HTTPS,2026-05-18 11:44:53,15.8,11,0,1,,0,0,none
PAM-02031,sara_dba,DBA,prod-db-01,Tunisia,36.8065,10.1815,SSH,2026-05-18 13:18:06,26.5,13,0,5,,0,0,none
PAM-01487,sara_dba,DBA,prod-db-01,Tunisia,36.8065,10.1815,SSH,2026-05-18 13:24:44,18.8,13,0,4,,0,0,none
PAM-00284,sara_dba,DBA,prod-db-01,Tunisia,36.8065,10.1815,SSH,2026-05-18 13:46:05,14.3,13,0,3,,0,0,none
PAM-01075,marc_netadmin,Network Admin,fw-edge-01,Tunisia,36.8065,10.1815,HTTPS,2026-05-18 14:27:43,14.0,14,0,1,,0,0,none
PAM-01929,sara_dba,DBA,prod-db-01,Tunisia,36.8065,10.1815,SSH,2026-05-18 16:37:25,15.4,16,0,5,,0,0,none
PAM-01050,sara_dba,DBA,prod-db-01,Tunisia,36.8065,10.1815,SSH,2026-05-18 16:52:49,16.1,16,0,6,,0,0,none
PAM-00528,sara_dba,DBA,backup-db,Tunisia,36.8065,10.1815,SSH,2026-05-18 18:07:05,19.8,18,0,2,,0,0,none
PAM-01411,crypto_bot,Service Account,backup-db,Tunisia,36.8065,10.1815,SSH,2026-05-19 02:21:03,45.7,2,0,18,,0,0,none
PAM-00034,crypto_bot,Service Account,backup-db,Tunisia,36.8065,10.1815,SSH,2026-05-19 02:28:14,38.6,2,0,8,,0,0,none
PAM-02041,crypto_bot,Service Account,backup-db,Tunisia,36.8065,10.1815,SSH,2026-05-19 02:34:56,297.0,2,0,64,,0,1,unusual_duration
PAM-00632,crypto_bot,Service Account,backup-db,Tunisia,36.8065,10.1815,SSH,2026-05-19 02:40:34,10.8,2,0,1,,0,0,none
PAM-01884,crypto_bot,Service Account,backup-db,Tunisia,36.8065,10.1815,SSH,2026-05-19 02:52:18,32.5,2,0,9,,0,0,none
PAM-01230,crypto_bot,Service Account,backup-db,Tunisia,36.8065,10.1815,SSH,2026-05-19 02:54:49,54.3,2,0,14,,0,0,none
PAM-00777,marc_netadmin,Network Admin,fw-edge-02,Tunisia,36.8065,10.1815,HTTPS,2026-05-19 05:50:42,11.8,5,0,2,,0,0,none
PAM-01455,jean_dev,Developer,app-dev-01,Tunisia,36.8065,10.1815,SSH,2026-05-19 10:12:41,43.8,10,0,13,,0,0,none
PAM-01423,jean_dev,Developer,app-dev-01,Tunisia,36.8065,10.1815,SSH,2026-05-19 10:35:18,42.7,10,0,9,,0,0,none
PAM-01758,marc_netadmin,Network Admin,fw-edge-01,Tunisia,36.8065,10.1815,HTTPS,2026-05-19 10:38:45,20.2,10,0,3,,0,0,none
PAM-01173,jean_dev,Developer,git-prod,Tunisia,36.8065,10.1815,SSH,2026-05-19 10:53:18,22.2,10,0,7,,0,0,none
PAM-01882,marc_netadmin,Network Admin,fw-edge-02,Tunisia,36.8065,10.1815,HTTPS,2026-05-19 11:04:10,6.8,11,0,5,,0,0,none
PAM-01293,sara_dba,DBA,prod-db-01,Tunisia,36.8065,10.1815,SSH,2026-05-19 12:14:57,14.8,12,0,6,,0,0,none
PAM-00803,jean_dev,Developer,app-dev-01,Tunisia,36.8065,10.1815,SSH,2026-05-19 12:18:43,11.9,12,0,5,,0,0,none
PAM-00508,sara_dba,DBA,prod-db-02,Tunisia,36.8065,10.1815,SSH,2026-05-19 14:06:48,15.5,14,0,3,,0,0,none
PAM-00068,sara_dba,DBA,prod-db-01,Tunisia,36.8065,10.1815,SSH,2026-05-19 19:57:37,29.0,19,0,6,,0,0,none
PAM-01338,marc_netadmin,Network Admin,switch-core-01,Tunisia,36.8065,10.1815,HTTPS,2026-05-20 08:11:45,11.1,8,0,3,,0,0,none
PAM-00316,marc_netadmin,Network Admin,fw-edge-02,Tunisia,36.8065,10.1815,HTTPS,2026-05-20 08:33:39,10.4,8,0,3,,0,0,none
PAM-00685,marc_netadmin,Network Admin,fw-edge-02,Tunisia,36.8065,10.1815,HTTPS,2026-05-20 08:44:49,10.0,8,0,1,,0,0,none
PAM-00997,marc_netadmin,Network Admin,switch-core-01,Tunisia,36.8065,10.1815,HTTPS,2026-05-20 09:19:48,21.3,9,0,6,,0,0,none
PAM-00299,marc_netadmin,Network Admin,fw-edge-02,Tunisia,36.8065,10.1815,HTTPS,2026-05-20 10:47:08,66.3,10,0,17,,0,0,none
PAM-01445,jean_dev,Developer,app-dev-01,Tunisia,36.8065,10.1815,SSH,2026-05-20 11:11:13,44.3,11,0,7,,0,0,none
PAM-01823,jean_dev,Developer,app-dev-01,Tunisia,36.8065,10.1815,SSH,2026-05-20 11:41:33,12.4,11,0,2,,0,0,none
PAM-00924,jean_dev,Developer,app-dev-01,Tunisia,36.8065,10.1815,SSH,2026-05-20 11:48:29,21.7,11,0,2,,0,0,none
PAM-01810,sara_dba,DBA,prod-db-01,Tunisia,36.8065,10.1815,SSH,2026-05-20 13:02:56,11.8,13,0,3,,0,0,none
PAM-01826,sara_dba,DBA,backup-db,Tunisia,36.8065,10.1815,SSH,2026-05-20 16:00:25,14.4,16,0,8,,0,0,none
PAM-00926,crypto_bot,Service Account,backup-db,Tunisia,36.8065,10.1815,SSH,2026-05-21 02:02:55,17.4,2,0,1,,0,0,none
PAM-01425,marc_netadmin,Network Admin,fw-edge-02,Tunisia,36.8065,10.1815,HTTPS,2026-05-21 06:21:56,8.9,6,0,5,,0,0,none
PAM-01325,marc_netadmin,Network Admin,fw-edge-01,Tunisia,36.8065,10.1815,HTTPS,2026-05-21 07:24:17,33.6,7,0,18,,0,0,none
PAM-01364,jean_dev,Developer,app-dev-01,Tunisia,36.8065,10.1815,SSH,2026-05-21 08:11:52,36.0,8,0,3,,0,0,none
PAM-01860,jean_dev,Developer,git-prod,Tunisia,36.8065,10.1815,SSH,2026-05-21 10:02:05,10.3,10,0,2,,0,0,none
PAM-00776,jean_dev,Developer,app-dev-01,Tunisia,36.8065,10.1815,SSH,2026-05-21 10:32:24,27.1,10,0,8,,0,0,none
PAM-01183,sara_dba,DBA,prod-db-02,Tunisia,36.8065,10.1815,SSH,2026-05-21 11:06:01,18.5,11,0,6,,0,0,none
PAM-01525,sara_dba,DBA,prod-db-01,Tunisia,36.8065,10.1815,SSH,2026-05-21 11:51:36,18.3,11,0,8,,0,0,none
PAM-01997,sara_dba,DBA,prod-db-01,Tunisia,36.8065,10.1815,SSH,2026-05-21 11:55:16,13.1,11,0,5,,0,0,none
PAM-01705,jean_dev,Developer,app-dev-01,Tunisia,36.8065,10.1815,SSH,2026-05-21 12:06:25,13.4,12,0,2,,0,0,none
PAM-01197,sara_dba,DBA,prod-db-02,Tunisia,36.8065,10.1815,SSH,2026-05-21 14:33:51,32.0,14,0,6,,0,0,none
PAM-01357,crypto_bot,Service Account,backup-db,Tunisia,36.8065,10.1815,SSH,2026-05-22 01:09:06,30.3,1,0,10,,0,0,none
PAM-00624,crypto_bot,Service Account,backup-db,Tunisia,36.8065,10.1815,SSH,2026-05-22 02:29:05,32.8,2,0,6,,0,0,none
PAM-01159,crypto_bot,Service Account,backup-db,Tunisia,36.8065,10.1815,SSH,2026-05-22 02:45:35,14.2,2,0,4,,0,0,none
PAM-01236,crypto_bot,Service Account,backup-db,Tunisia,36.8065,10.1815,SSH,2026-05-22 02:59:31,36.6,2,0,10,DROP TABLE,1,0,none
PAM-00354,marc_netadmin,Network Admin,fw-edge-01,Tunisia,36.8065,10.1815,HTTPS,2026-05-22 07:28:40,25.1,7,0,9,,0,0,none
PAM-00026,jean_dev,Developer,git-prod,Tunisia,36.8065,10.1815,SSH,2026-05-22 08:10:10,10.7,8,0,4,,0,0,none
PAM-01949,jean_dev,Developer,app-dev-01,Tunisia,36.8065,10.1815,SSH,2026-05-22 08:22:37,8.9,8,0,1,,0,0,none
PAM-00238,marc_netadmin,Network Admin,fw-edge-02,Tunisia,36.8065,10.1815,HTTPS,2026-05-22 09:00:31,18.0,9,0,1,,0,0,none
PAM-00560,marc_netadmin,Network Admin,fw-edge-01,Tunisia,36.8065,10.1815,HTTPS,2026-05-22 09:42:26,19.4,9,0,9,,0,0,none
PAM-01145,marc_netadmin,Network Admin,fw-edge-01,Tunisia,36.8065,10.1815,HTTPS,2026-05-22 10:12:34,19.0,10,0,6,,0,0,none
PAM-00554,marc_netadmin,Network Admin,switch-core-01,Brazil,-15.7939,-47.8828,HTTPS,2026-05-22 10:14:26,11.0,10,0,3,,0,1,unusual_country
PAM-01623,jean_dev,Developer,git-prod,Tunisia,36.8065,10.1815,SSH,2026-05-22 10:57:55,32.6,10,0,17,,0,0,none
PAM-00496,marc_netadmin,Network Admin,fw-edge-01,Tunisia,36.8065,10.1815,HTTPS,2026-05-22 11:16:02,13.4,11,0,2,,0,0,none
PAM-00547,jean_dev,Developer,app-dev-01,Tunisia,36.8065,10.1815,SSH,2026-05-22 12:19:36,12.0,12,0,5,,0,0,none
PAM-01114,jean_dev,Developer,app-dev-01,Tunisia,36.8065,10.1815,SSH,2026-05-22 13:09:06,54.0,13,0,10,,0,0,none
PAM-00944,sara_dba,DBA,prod-db-01,Tunisia,36.8065,10.1815,SSH,2026-05-22 15:47:49,10.4,15,0,4,,0,0,none
PAM-00469,sara_dba,DBA,prod-db-01,Tunisia,36.8065,10.1815,SSH,2026-05-22 17:52:47,17.5,17,0,2,,0,0,none
PAM-01748,crypto_bot,Service Account,backup-db,Tunisia,36.8065,10.1815,SSH,2026-05-23 02:39:23,7.6,2,1,2,,0,0,none
PAM-02028,crypto_bot,Service Account,backup-db,Tunisia,36.8065,10.1815,SSH,2026-05-23 02:43:23,32.1,2,1,8,,0,0,none
PAM-00020,crypto_bot,Service Account,backup-db,Tunisia,36.8065,10.1815,SSH,2026-05-24 01:53:13,16.1,1,1,3,,0,0,none
PAM-00108,marc_netadmin,Network Admin,prod-db-01,Tunisia,36.8065,10.1815,HTTPS,2026-05-24 09:41:43,24.5,9,1,8,,0,1,unusual_asset
PAM-01049,jean_dev,Developer,app-dev-01,Tunisia,36.8065,10.1815,SSH,2026-05-24 11:05:22,121.7,11,1,36,,0,1,unusual_duration
PAM-01918,crypto_bot,Service Account,backup-db,Tunisia,36.8065,10.1815,SSH,2026-05-25 02:14:19,19.8,2,0,5,,0,0,none
PAM-00804,crypto_bot,Service Account,backup-db,Tunisia,36.8065,10.1815,SSH,2026-05-25 02:26:19,20.9,2,0,5,,0,0,none
PAM-00443,crypto_bot,Service Account,backup-db,Tunisia,36.8065,10.1815,SSH,2026-05-25 02:39:13,12.9,2,0,1,,0,0,none
PAM-00078,marc_netadmin,Network Admin,fw-edge-01,Tunisia,36.8065,10.1815,HTTPS,2026-05-25 06:00:27,8.5,6,0,1,,0,0,none
PAM-00076,marc_netadmin,Network Admin,switch-core-01,Tunisia,36.8065,10.1815,HTTPS,2026-05-25 06:08:08,54.2,6,0,12,,0,0,none
PAM-00272,marc_netadmin,Network Admin,fw-edge-02,Tunisia,36.8065,10.1815,HTTPS,2026-05-25 06:08:41,65.2,6,0,18,,0,0,none
PAM-01581,jean_dev,Developer,app-dev-01,Tunisia,36.8065,10.1815,SSH,2026-05-25 06:27:57,10.4,6,0,3,,0,0,none
PAM-01419,marc_netadmin,Network Admin,fw-edge-02,Tunisia,36.8065,10.1815,HTTPS,2026-05-25 08:14:05,26.7,8,0,6,,0,0,none
PAM-00448,marc_netadmin,Network Admin,fw-edge-01,Tunisia,36.8065,10.1815,HTTPS,2026-05-25 09:16:11,32.0,9,0,8,,0,0,none
PAM-01142,jean_dev,Developer,git-prod,Russia,55.7558,37.6173,SSH,2026-05-25 09:33:33,12.1,9,0,2,,0,1,unusual_country
PAM-01982,marc_netadmin,Network Admin,fw-edge-01,Tunisia,36.8065,10.1815,HTTPS,2026-05-25 09:45:18,16.6,9,0,5,,0,0,none
PAM-01225,jean_dev,Developer,git-prod,Tunisia,36.8065,10.1815,SSH,2026-05-25 11:52:37,35.2,11,0,7,,0,0,none
PAM-00853,sara_dba,DBA,prod-db-01,Tunisia,36.8065,10.1815,SSH,2026-05-25 13:45:33,22.5,13,0,5,,0,0,none
PAM-01076,sara_dba,DBA,prod-db-01,Tunisia,36.8065,10.1815,SSH,2026-05-25 14:38:41,26.4,14,0,2,,0,0,none
PAM-00608,sara_dba,DBA,prod-db-01,Tunisia,36.8065,10.1815,SSH,2026-05-25 15:39:02,38.4,15,0,16,,0,0,none
PAM-00507,sara_dba,DBA,prod-db-02,Tunisia,36.8065,10.1815,SSH,2026-05-25 15:44:27,36.9,15,0,8,,0,0,none
PAM-01699,crypto_bot,Service Account,backup-db,Tunisia,36.8065,10.1815,SSH,2026-05-26 02:35:22,21.9,2,0,4,,0,0,none
PAM-00143,crypto_bot,Service Account,app-staging,Tunisia,36.8065,10.1815,SSH,2026-05-26 02:49:04,15.4,2,0,7,,0,1,unusual_asset
PAM-00385,crypto_bot,Service Account,backup-db,Tunisia,36.8065,10.1815,SSH,2026-05-26 02:50:54,20.7,2,0,2,,0,0,none
PAM-00579,crypto_bot,Service Account,backup-db,Tunisia,36.8065,10.1815,SSH,2026-05-26 02:52:32,17.1,2,0,4,,0,0,none
PAM-00415,crypto_bot,Service Account,backup-db,Tunisia,36.8065,10.1815,SSH,2026-05-26 03:15:03,12.5,3,0,5,,0,0,none
PAM-01714,marc_netadmin,Network Admin,fw-edge-01,Tunisia,36.8065,10.1815,HTTPS,2026-05-26 06:06:22,13.3,6,0,3,TRUNCATE TABLE,1,0,none
PAM-01849,marc_netadmin,Network Admin,fw-edge-01,Tunisia,36.8065,10.1815,HTTPS,2026-05-26 09:09:04,4.6,9,0,1,,0,0,none
PAM-00002,marc_netadmin,Network Admin,fw-edge-02,Tunisia,36.8065,10.1815,HTTPS,2026-05-26 10:45:22,32.3,10,0,8,,0,0,none
PAM-00890,jean_dev,Developer,app-staging,Tunisia,36.8065,10.1815,SSH,2026-05-26 11:04:22,28.8,11,0,9,,0,0,none
PAM-01995,jean_dev,Developer,app-dev-01,Tunisia,36.8065,10.1815,SSH,2026-05-26 11:57:16,17.9,11,0,1,,0,0,none
PAM-00031,marc_netadmin,Network Admin,switch-core-01,Tunisia,36.8065,10.1815,HTTPS,2026-05-26 13:58:59,8.0,13,0,4,,0,0,none
PAM-01424,sara_dba,DBA,backup-db,Tunisia,36.8065,10.1815,SSH,2026-05-26 15:19:38,21.8,15,0,4,,0,0,none
PAM-00356,sara_dba,DBA,prod-db-01,Tunisia,36.8065,10.1815,SSH,2026-05-26 16:51:20,11.6,16,0,4,,0,0,none
PAM-00707,sara_dba,DBA,prod-db-01,Tunisia,36.8065,10.1815,SSH,2026-05-26 17:06:08,12.0,17,0,4,,0,0,none
PAM-00494,crypto_bot,Service Account,backup-db,Tunisia,36.8065,10.1815,SSH,2026-05-27 02:36:20,11.9,2,0,4,,0,0,none
PAM-00744,crypto_bot,Service Account,backup-db,Tunisia,36.8065,10.1815,SSH,2026-05-27 02:36:36,5.0,2,0,1,,0,0,none
PAM-00135,crypto_bot,Service Account,backup-db,Tunisia,36.8065,10.1815,SSH,2026-05-27 02:48:05,35.3,2,0,8,,0,0,none
PAM-00558,crypto_bot,Service Account,backup-db,Tunisia,36.8065,10.1815,SSH,2026-05-27 02:59:47,24.0,2,0,5,,0,0,none
PAM-00619,crypto_bot,Service Account,backup-db,Tunisia,36.8065,10.1815,SSH,2026-05-27 03:10:19,27.5,3,0,10,,0,0,none
PAM-01750,crypto_bot,Service Account,backup-db,Tunisia,36.8065,10.1815,SSH,2026-05-27 03:22:12,15.7,3,0,1,,0,0,none
PAM-00186,marc_netadmin,Network Admin,fw-edge-01,Tunisia,36.8065,10.1815,HTTPS,2026-05-27 05:58:13,10.2,5,0,3,,0,0,none
PAM-01117,marc_netadmin,Network Admin,fw-edge-01,Tunisia,36.8065,10.1815,HTTPS,2026-05-27 06:48:37,8.6,6,0,7,,0,0,none
PAM-00591,marc_netadmin,Network Admin,fw-edge-01,Tunisia,36.8065,10.1815,HTTPS,2026-05-27 08:06:30,32.6,8,0,6,,0,0,none
PAM-00445,jean_dev,Developer,app-dev-01,Tunisia,36.8065,10.1815,SSH,2026-05-27 09:14:40,7.0,9,0,1,,0,0,none
PAM-00994,marc_netadmin,Network Admin,switch-core-01,Tunisia,36.8065,10.1815,HTTPS,2026-05-27 09:22:34,13.8,9,0,3,,0,0,none
PAM-01926,sara_dba,DBA,prod-db-01,Tunisia,36.8065,10.1815,SSH,2026-05-27 10:18:54,14.1,10,0,4,,0,0,none
PAM-00470,marc_netadmin,Network Admin,fw-edge-01,Tunisia,36.8065,10.1815,HTTPS,2026-05-27 10:31:15,39.2,10,0,5,,0,0,none
PAM-01153,marc_netadmin,Network Admin,fw-edge-02,Tunisia,36.8065,10.1815,HTTPS,2026-05-27 11:38:55,7.2,11,0,1,,0,0,none
PAM-01240,sara_dba,DBA,prod-db-02,Tunisia,36.8065,10.1815,SSH,2026-05-27 16:18:09,22.8,16,0,5,,0,0,none
PAM-00113,sara_dba,DBA,prod-db-02,Tunisia,36.8065,10.1815,SSH,2026-05-27 17:12:47,24.8,17,0,4,,0,0,none
PAM-01697,sara_dba,DBA,prod-db-01,Tunisia,36.8065,10.1815,SSH,2026-05-27 19:15:53,10.5,19,0,4,,0,0,none
PAM-01574,crypto_bot,Service Account,backup-db,Tunisia,36.8065,10.1815,SSH,2026-05-28 02:02:38,16.0,2,0,1,,0,0,none
PAM-00473,crypto_bot,Service Account,backup-db,Tunisia,36.8065,10.1815,SSH,2026-05-28 02:32:01,67.2,2,0,20,,0,0,none
PAM-01792,crypto_bot,Service Account,backup-db,Tunisia,36.8065,10.1815,SSH,2026-05-28 02:33:46,29.5,2,0,6,,0,0,none
PAM-01931,crypto_bot,Service Account,backup-db,Tunisia,36.8065,10.1815,SSH,2026-05-28 03:14:54,24.7,3,0,8,,0,0,none
PAM-01086,crypto_bot,Service Account,backup-db,Tunisia,36.8065,10.1815,SSH,2026-05-28 03:33:12,9.9,3,0,1,,0,0,none
PAM-00120,marc_netadmin,Network Admin,fw-edge-02,Tunisia,36.8065,10.1815,HTTPS,2026-05-28 05:40:06,18.0,5,0,5,,0,0,none
PAM-01241,jean_dev,Developer,app-dev-01,Tunisia,36.8065,10.1815,SSH,2026-05-28 09:02:07,25.7,9,0,6,,0,0,none
PAM-01839,marc_netadmin,Network Admin,fw-edge-02,Tunisia,36.8065,10.1815,HTTPS,2026-05-28 09:29:31,13.5,9,0,3,,0,0,none
PAM-00037,marc_netadmin,Network Admin,fw-edge-01,Tunisia,36.8065,10.1815,HTTPS,2026-05-28 10:03:28,92.8,10,0,22,,0,0,none
PAM-00583,sara_dba,DBA,backup-db,Tunisia,36.8065,10.1815,SSH,2026-05-28 11:00:34,40.7,11,0,13,,0,0,none
PAM-00460,sara_dba,DBA,prod-db-01,Tunisia,36.8065,10.1815,SSH,2026-05-28 11:33:28,14.0,11,0,7,,0,0,none
PAM-01635,sara_dba,DBA,prod-db-01,Tunisia,36.8065,10.1815,SSH,2026-05-28 15:09:41,26.5,15,0,6,,0,0,none
PAM-00512,sara_dba,DBA,backup-db,Tunisia,36.8065,10.1815,SSH,2026-05-28 16:00:41,8.8,16,0,1,,0,0,none
PAM-00577,crypto_bot,Service Account,backup-db,Tunisia,36.8065,10.1815,SSH,2026-05-29 02:50:51,8.0,2,0,2,,0,0,none
PAM-01641,crypto_bot,Service Account,backup-db,Tunisia,36.8065,10.1815,SSH,2026-05-29 02:59:04,20.0,2,0,11,,0,0,none
PAM-01457,marc_netadmin,Network Admin,switch-core-01,Tunisia,36.8065,10.1815,HTTPS,2026-05-29 06:31:02,18.7,6,0,1,,0,0,none
PAM-00838,jean_dev,Developer,app-staging,Tunisia,36.8065,10.1815,SSH,2026-05-29 08:17:13,34.7,8,0,11,,0,0,none
PAM-00775,jean_dev,Developer,git-prod,Tunisia,36.8065,10.1815,SSH,2026-05-29 09:35:28,63.6,9,0,17,,0,0,none
PAM-02049,marc_netadmin,Network Admin,fw-edge-02,Tunisia,36.8065,10.1815,HTTPS,2026-05-29 11:05:55,39.4,11,0,11,,0,0,none
PAM-01038,sara_dba,DBA,prod-db-01,Tunisia,36.8065,10.1815,SSH,2026-05-29 12:27:59,22.9,12,0,2,,0,0,none
PAM-00574,marc_netadmin,Network Admin,fw-edge-01,Tunisia,36.8065,10.1815,HTTPS,2026-05-29 13:40:19,11.1,13,0,5,,0,0,none
PAM-00169,sara_dba,DBA,prod-db-01,Tunisia,36.8065,10.1815,SSH,2026-05-29 15:34:32,16.7,15,0,5,,0,0,none
PAM-00799,sara_dba,DBA,prod-db-01,Tunisia,36.8065,10.1815,SSH,2026-05-29 18:36:43,15.2,18,0,2,,0,0,none
PAM-00794,crypto_bot,Service Account,backup-db,Tunisia,36.8065,10.1815,SSH,2026-05-30 02:10:45,39.0,2,1,8,,0,0,none
PAM-01928,crypto_bot,Service Account,backup-db,Tunisia,36.8065,10.1815,SSH,2026-05-30 02:52:06,17.5,2,1,2,,0,0,none
PAM-00075,crypto_bot,Service Account,backup-db,Tunisia,36.8065,10.1815,SSH,2026-05-30 02:58:37,17.5,2,1,5,,0,0,none
PAM-01069,crypto_bot,Service Account,backup-db,Tunisia,36.8065,10.1815,SSH,2026-05-31 01:06:16,20.0,1,1,4,,0,0,none
PAM-00556,crypto_bot,Service Account,backup-db,Tunisia,36.8065,10.1815,SSH,2026-05-31 01:22:05,25.4,1,1,3,,0,0,none
PAM-01741,crypto_bot,Service Account,backup-db,Tunisia,36.8065,10.1815,SSH,2026-05-31 01:43:46,15.6,1,1,6,,0,0,none
PAM-00110,crypto_bot,Service Account,backup-db,Tunisia,36.8065,10.1815,SSH,2026-05-31 02:10:37,17.4,2,1,3,,0,0,none
PAM-01518,crypto_bot,Service Account,backup-db,Tunisia,36.8065,10.1815,SSH,2026-05-31 02:24:10,33.0,2,1,9,,0,0,none
PAM-00811,jean_dev,Developer,app-dev-01,Tunisia,36.8065,10.1815,SSH,2026-05-31 11:41:45,9.6,11,1,5,,0,0,none
PAM-00704,crypto_bot,Service Account,backup-db,Tunisia,36.8065,10.1815,SSH,2026-06-01 01:42:01,9.0,1,0,2,,0,0,none
PAM-00675,crypto_bot,Service Account,backup-db,Tunisia,36.8065,10.1815,SSH,2026-06-01 02:09:31,30.5,2,0,5,,0,0,none
PAM-00141,crypto_bot,Service Account,backup-db,Tunisia,36.8065,10.1815,SSH,2026-06-01 02:19:42,19.4,2,0,4,,0,0,none
PAM-01000,crypto_bot,Service Account,backup-db,Tunisia,36.8065,10.1815,SSH,2026-06-01 02:19:49,29.8,2,0,5,,0,0,none
PAM-00235,crypto_bot,Service Account,backup-db,Tunisia,36.8065,10.1815,SSH,2026-06-01 02:57:38,45.3,2,0,10,,0,0,none
PAM-01790,marc_netadmin,Network Admin,fw-edge-01,Tunisia,36.8065,10.1815,HTTPS,2026-06-01 07:59:55,32.4,7,0,14,,0,0,none
PAM-00361,marc_netadmin,Network Admin,fw-edge-01,Tunisia,36.8065,10.1815,HTTPS,2026-06-01 08:01:07,14.0,8,0,1,,0,0,none
PAM-00172,marc_netadmin,Network Admin,fw-edge-02,Tunisia,36.8065,10.1815,HTTPS,2026-06-01 09:53:26,29.8,9,0,9,,0,0,none
PAM-00191,sara_dba,DBA,prod-db-02,Tunisia,36.8065,10.1815,SSH,2026-06-01 10:10:40,7.4,10,0,3,,0,0,none
PAM-01688,marc_netadmin,Network Admin,fw-edge-01,Tunisia,36.8065,10.1815,HTTPS,2026-06-01 13:27:55,35.1,13,0,8,,0,0,none
PAM-00575,sara_dba,DBA,prod-db-01,Tunisia,36.8065,10.1815,SSH,2026-06-01 14:47:14,11.2,14,0,7,,0,0,none
PAM-00095,sara_dba,DBA,prod-db-01,Tunisia,36.8065,10.1815,SSH,2026-06-01 15:25:31,44.1,15,0,12,,0,0,none
PAM-00117,sara_dba,DBA,backup-db,Tunisia,36.8065,10.1815,SSH,2026-06-01 18:00:05,45.6,18,0,12,,0,0,none
PAM-01497,sara_dba,DBA,prod-db-01,Tunisia,36.8065,10.1815,SSH,2026-06-01 18:45:01,21.0,18,0,2,,0,0,none
PAM-00971,crypto_bot,Service Account,backup-db,Tunisia,36.8065,10.1815,SSH,2026-06-02 02:10:47,5.1,2,0,1,,0,0,none
PAM-00423,crypto_bot,Service Account,backup-db,Tunisia,36.8065,10.1815,SSH,2026-06-02 02:22:17,21.0,2,0,4,,0,0,none
PAM-00539,crypto_bot,Service Account,backup-db,Tunisia,36.8065,10.1815,SSH,2026-06-02 02:32:28,68.0,2,0,17,,0,0,none
PAM-01650,crypto_bot,Service Account,backup-db,Tunisia,36.8065,10.1815,SSH,2026-06-02 02:45:31,22.8,2,0,4,,0,0,none
PAM-02023,marc_netadmin,Network Admin,switch-core-01,Tunisia,36.8065,10.1815,HTTPS,2026-06-02 09:04:01,22.6,9,0,7,,0,0,none
PAM-01621,jean_dev,Developer,app-dev-01,Tunisia,36.8065,10.1815,SSH,2026-06-02 09:51:02,22.6,9,0,6,,0,0,none
PAM-01295,jean_dev,Developer,app-dev-01,Tunisia,36.8065,10.1815,SSH,2026-06-02 11:07:28,16.4,11,0,6,,0,0,none
PAM-00371,sara_dba,DBA,prod-db-01,Tunisia,36.8065,10.1815,SSH,2026-06-02 13:35:57,22.6,13,0,5,,0,0,none
PAM-01162,sara_dba,DBA,prod-db-01,Tunisia,36.8065,10.1815,SSH,2026-06-02 14:56:30,3.7,14,0,1,,0,0,none
PAM-00767,sara_dba,DBA,backup-db,Tunisia,36.8065,10.1815,SSH,2026-06-02 15:13:22,3.6,15,0,1,,0,0,none
PAM-00072,sara_dba,DBA,prod-db-01,Tunisia,36.8065,10.1815,SSH,2026-06-02 16:34:17,67.2,16,0,16,,0,0,none
PAM-01354,crypto_bot,Service Account,backup-db,Tunisia,36.8065,10.1815,SSH,2026-06-03 02:25:25,33.8,2,0,11,,0,0,none
PAM-01221,crypto_bot,Service Account,backup-db,Tunisia,36.8065,10.1815,SSH,2026-06-03 02:40:20,13.5,2,0,3,,0,0,none
PAM-01771,crypto_bot,Service Account,fw-edge-01,Tunisia,36.8065,10.1815,SSH,2026-06-03 02:54:23,12.5,2,0,4,,0,1,unusual_asset
PAM-02061,crypto_bot,Service Account,backup-db,Tunisia,36.8065,10.1815,SSH,2026-06-03 03:24:09,16.5,3,0,1,,0,0,none
PAM-00454,crypto_bot,Service Account,backup-db,Tunisia,36.8065,10.1815,SSH,2026-06-03 03:50:52,23.5,3,0,16,,0,0,none
PAM-01124,marc_netadmin,Network Admin,fw-edge-01,Tunisia,36.8065,10.1815,HTTPS,2026-06-03 06:35:59,20.9,6,0,5,,0,0,none
PAM-00397,jean_dev,Developer,app-dev-01,Tunisia,36.8065,10.1815,SSH,2026-06-03 07:28:07,12.3,7,0,3,,0,0,none
PAM-00762,marc_netadmin,Network Admin,fw-edge-02,Tunisia,36.8065,10.1815,HTTPS,2026-06-03 08:03:36,20.6,8,0,10,,0,0,none
PAM-01539,marc_netadmin,Network Admin,fw-edge-02,Tunisia,36.8065,10.1815,HTTPS,2026-06-03 08:14:44,12.2,8,0,4,,0,0,none
PAM-01119,jean_dev,Developer,app-dev-01,Tunisia,36.8065,10.1815,SSH,2026-06-03 08:36:09,9.8,8,0,4,,0,0,none
PAM-01192,jean_dev,Developer,app-dev-01,Tunisia,36.8065,10.1815,SSH,2026-06-03 09:04:26,24.2,9,0,5,,0,0,none
PAM-00506,marc_netadmin,Network Admin,switch-core-01,Tunisia,36.8065,10.1815,HTTPS,2026-06-03 09:05:24,6.3,9,0,3,,0,0,none
PAM-01532,jean_dev,Developer,app-dev-01,Tunisia,36.8065,10.1815,SSH,2026-06-03 09:08:35,19.5,9,0,2,,0,0,none
PAM-00289,jean_dev,Developer,app-dev-01,Tunisia,36.8065,10.1815,SSH,2026-06-03 10:34:03,15.5,10,0,6,,0,0,none
PAM-00122,jean_dev,Developer,git-prod,Tunisia,36.8065,10.1815,SSH,2026-06-03 11:21:13,15.6,11,0,6,,0,0,none
PAM-02067,jean_dev,Developer,app-dev-01,Tunisia,36.8065,10.1815,SSH,2026-06-03 12:35:44,12.8,12,0,2,,0,0,none
PAM-00096,sara_dba,DBA,prod-db-01,Tunisia,36.8065,10.1815,SSH,2026-06-03 15:58:13,15.4,15,0,3,,0,0,none
PAM-01514,sara_dba,DBA,prod-db-01,Tunisia,36.8065,10.1815,SSH,2026-06-03 18:51:47,19.7,18,0,6,,0,0,none
PAM-01247,crypto_bot,Service Account,backup-db,Tunisia,36.8065,10.1815,SSH,2026-06-04 02:25:59,14.7,2,0,5,,0,0,none
PAM-00428,marc_netadmin,Network Admin,fw-edge-02,Tunisia,36.8065,10.1815,HTTPS,2026-06-04 07:11:06,11.3,7,0,3,,0,0,none
PAM-00960,jean_dev,Developer,app-dev-01,Tunisia,36.8065,10.1815,SSH,2026-06-04 08:00:25,17.6,8,0,5,,0,0,none
PAM-00269,jean_dev,Developer,git-prod,Tunisia,36.8065,10.1815,SSH,2026-06-04 08:21:56,9.5,8,0,3,,0,0,none
PAM-00720,marc_netadmin,Network Admin,fw-edge-01,Tunisia,36.8065,10.1815,HTTPS,2026-06-04 08:46:08,20.8,8,0,6,,0,0,none
PAM-00151,marc_netadmin,Network Admin,fw-edge-01,Tunisia,36.8065,10.1815,HTTPS,2026-06-04 09:18:12,49.3,9,0,13,,0,0,none
PAM-01752,jean_dev,Developer,app-dev-01,Tunisia,36.8065,10.1815,SSH,2026-06-04 09:34:52,16.1,9,0,2,,0,0,none
PAM-01970,jean_dev,Developer,app-dev-01,Tunisia,36.8065,10.1815,SSH,2026-06-04 09:41:24,18.7,9,0,2,,0,0,none
PAM-00914,marc_netadmin,Network Admin,switch-core-01,Tunisia,36.8065,10.1815,HTTPS,2026-06-04 10:14:20,110.5,10,0,33,,0,0,none
PAM-00846,jean_dev,Developer,app-dev-01,Tunisia,36.8065,10.1815,SSH,2026-06-04 10:39:18,51.2,10,0,16,,0,0,none
PAM-01959,jean_dev,Developer,app-dev-01,Tunisia,36.8065,10.1815,SSH,2026-06-04 10:48:44,18.3,10,0,2,,0,0,none
PAM-01378,marc_netadmin,Network Admin,switch-core-01,Tunisia,36.8065,10.1815,HTTPS,2026-06-04 10:53:34,32.9,10,0,11,,0,0,none
PAM-00008,jean_dev,Developer,app-dev-01,Tunisia,36.8065,10.1815,SSH,2026-06-04 11:20:00,19.6,11,0,4,,0,0,none
PAM-00743,jean_dev,Developer,app-dev-01,Vietnam,21.0278,105.8342,SSH,2026-06-04 11:27:37,11.8,11,0,4,,0,1,unusual_country
PAM-01250,jean_dev,Developer,app-dev-01,Tunisia,36.8065,10.1815,SSH,2026-06-04 12:08:13,17.6,12,0,7,,0,0,none
PAM-01029,jean_dev,Developer,app-dev-01,Tunisia,36.8065,10.1815,SSH,2026-06-04 12:36:15,16.5,12,0,5,,0,0,none
PAM-00755,sara_dba,DBA,backup-db,Tunisia,36.8065,10.1815,SSH,2026-06-04 12:51:44,7.5,12,0,3,,0,0,none
PAM-01198,jean_dev,Developer,app-dev-01,Tunisia,36.8065,10.1815,SSH,2026-06-04 12:52:19,34.9,12,0,11,passwd root,1,0,none
PAM-01195,sara_dba,DBA,backup-db,Tunisia,36.8065,10.1815,SSH,2026-06-04 18:51:42,30.8,18,0,10,,0,0,none
PAM-00446,crypto_bot,Service Account,backup-db,Tunisia,36.8065,10.1815,SSH,2026-06-05 02:00:09,17.2,2,0,5,,0,0,none
PAM-00447,crypto_bot,Service Account,backup-db,Tunisia,36.8065,10.1815,SSH,2026-06-05 02:53:41,13.1,2,0,2,,0,0,none
PAM-00297,crypto_bot,Service Account,backup-db,Tunisia,36.8065,10.1815,SSH,2026-06-05 03:49:39,3.7,3,0,1,,0,0,none
PAM-01691,jean_dev,Developer,app-dev-01,Tunisia,36.8065,10.1815,SSH,2026-06-05 03:52:12,11.8,3,0,2,,0,1,unusual_hour
PAM-01934,jean_dev,Developer,app-dev-01,Tunisia,36.8065,10.1815,SSH,2026-06-05 07:15:46,32.1,7,0,11,,0,0,none
PAM-01120,jean_dev,Developer,app-dev-01,Tunisia,36.8065,10.1815,SSH,2026-06-05 08:07:34,24.3,8,0,5,,0,0,none
PAM-01569,sara_dba,DBA,prod-db-01,Tunisia,36.8065,10.1815,SSH,2026-06-05 08:31:43,12.6,8,0,3,,0,0,none
PAM-00855,marc_netadmin,Network Admin,fw-edge-02,Tunisia,36.8065,10.1815,HTTPS,2026-06-05 09:06:07,17.6,9,0,10,,0,0,none
PAM-01651,marc_netadmin,Network Admin,fw-edge-02,Tunisia,36.8065,10.1815,HTTPS,2026-06-05 11:34:18,15.8,11,0,2,,0,0,none
PAM-00232,crypto_bot,Service Account,backup-db,Tunisia,36.8065,10.1815,SSH,2026-06-06 02:07:10,9.2,2,1,3,,0,0,none
PAM-01598,crypto_bot,Service Account,backup-db,Tunisia,36.8065,10.1815,SSH,2026-06-06 02:14:18,58.2,2,1,15,,0,0,none
PAM-00052,crypto_bot,Service Account,backup-db,Tunisia,36.8065,10.1815,SSH,2026-06-06 02:34:21,14.6,2,1,4,,0,0,none
PAM-01603,crypto_bot,Service Account,backup-db,Tunisia,36.8065,10.1815,SSH,2026-06-06 02:49:33,16.7,2,1,2,,0,0,none
PAM-01710,crypto_bot,Service Account,backup-db,Tunisia,36.8065,10.1815,SSH,2026-06-07 02:29:55,46.9,2,1,13,,0,0,none
PAM-01474,crypto_bot,Service Account,backup-db,Tunisia,36.8065,10.1815,SSH,2026-06-07 02:36:08,25.0,2,1,1,,0,0,none
PAM-01737,crypto_bot,Service Account,backup-db,Tunisia,36.8065,10.1815,SSH,2026-06-07 02:59:59,8.6,2,1,4,,0,0,none
PAM-00672,jean_dev,Developer,app-staging,Tunisia,36.8065,10.1815,SSH,2026-06-07 06:00:26,39.1,6,1,8,,0,0,none
PAM-01793,crypto_bot,Service Account,backup-db,Tunisia,36.8065,10.1815,SSH,2026-06-08 01:37:15,41.3,1,0,7,,0,0,none
PAM-00671,jean_dev,Developer,app-staging,Tunisia,36.8065,10.1815,SSH,2026-06-08 08:00:34,15.8,8,0,6,,0,0,none
PAM-01429,jean_dev,Developer,git-prod,Tunisia,36.8065,10.1815,SSH,2026-06-08 08:46:29,27.1,8,0,7,,0,0,none
PAM-01341,marc_netadmin,Network Admin,switch-core-01,Tunisia,36.8065,10.1815,HTTPS,2026-06-08 09:19:15,26.6,9,0,5,,0,0,none
PAM-00877,marc_netadmin,Network Admin,fw-edge-02,Tunisia,36.8065,10.1815,HTTPS,2026-06-08 09:35:28,22.0,9,0,4,,0,0,none
PAM-00620,sara_dba,DBA,prod-db-01,Tunisia,36.8065,10.1815,SSH,2026-06-08 10:18:02,17.8,10,0,9,,0,0,none
PAM-01078,marc_netadmin,Network Admin,switch-core-01,Tunisia,36.8065,10.1815,HTTPS,2026-06-08 10:58:57,32.5,10,0,6,,0,0,none
PAM-00781,jean_dev,Developer,git-prod,Tunisia,36.8065,10.1815,SSH,2026-06-08 11:13:00,44.8,11,0,17,,0,0,none
PAM-01977,sara_dba,DBA,prod-db-01,Tunisia,36.8065,10.1815,SSH,2026-06-08 14:05:51,22.0,14,0,7,,0,0,none
PAM-00985,crypto_bot,Service Account,backup-db,Tunisia,36.8065,10.1815,SSH,2026-06-09 02:09:14,17.3,2,0,8,,0,0,none
PAM-01389,crypto_bot,Service Account,backup-db,Tunisia,36.8065,10.1815,SSH,2026-06-09 02:17:46,53.6,2,0,19,,0,0,none
PAM-01806,crypto_bot,Service Account,backup-db,Tunisia,36.8065,10.1815,SSH,2026-06-09 02:18:03,17.6,2,0,6,,0,0,none
PAM-01415,crypto_bot,Service Account,backup-db,Tunisia,36.8065,10.1815,SSH,2026-06-09 02:18:33,23.8,2,0,5,,0,0,none
PAM-01397,crypto_bot,Service Account,backup-db,Tunisia,36.8065,10.1815,SSH,2026-06-09 02:24:10,19.6,2,0,5,,0,0,none
PAM-00754,crypto_bot,Service Account,backup-db,Tunisia,36.8065,10.1815,SSH,2026-06-09 02:36:04,111.4,2,0,27,,0,0,none
PAM-01450,crypto_bot,Service Account,backup-db,Tunisia,36.8065,10.1815,SSH,2026-06-09 02:44:45,10.8,2,0,2,,0,0,none
PAM-01762,crypto_bot,Service Account,backup-db,Tunisia,36.8065,10.1815,SSH,2026-06-09 03:18:01,25.7,3,0,5,,0,0,none
PAM-01060,marc_netadmin,Network Admin,fw-edge-01,Tunisia,36.8065,10.1815,HTTPS,2026-06-09 07:02:46,12.0,7,0,4,,0,0,none
PAM-01220,marc_netadmin,Network Admin,fw-edge-02,Tunisia,36.8065,10.1815,HTTPS,2026-06-09 07:11:03,10.1,7,0,2,,0,0,none
PAM-01888,marc_netadmin,Network Admin,fw-edge-02,Tunisia,36.8065,10.1815,HTTPS,2026-06-09 07:18:42,40.4,7,0,11,,0,0,none
PAM-00548,marc_netadmin,Network Admin,fw-edge-01,Tunisia,36.8065,10.1815,HTTPS,2026-06-09 08:13:24,26.6,8,0,10,,0,0,none
PAM-02039,jean_dev,Developer,app-dev-01,Tunisia,36.8065,10.1815,SSH,2026-06-09 11:23:47,38.9,11,0,10,,0,0,none
PAM-01542,sara_dba,DBA,prod-db-01,Tunisia,36.8065,10.1815,SSH,2026-06-09 14:16:29,24.4,14,0,8,,0,0,none
PAM-02057,crypto_bot,Service Account,backup-db,Tunisia,36.8065,10.1815,SSH,2026-06-10 02:20:22,9.8,2,0,1,chmod 777,1,1,sensitive_command
PAM-01217,crypto_bot,Service Account,backup-db,Tunisia,36.8065,10.1815,SSH,2026-06-10 02:50:43,16.2,2,0,5,,0,0,none
PAM-01530,jean_dev,Developer,app-dev-01,Tunisia,36.8065,10.1815,SSH,2026-06-10 07:31:58,13.7,7,0,4,,0,0,none
PAM-01538,jean_dev,Developer,app-dev-01,Tunisia,36.8065,10.1815,SSH,2026-06-10 09:49:25,18.3,9,0,4,,0,0,none
PAM-01073,marc_netadmin,Network Admin,switch-core-01,Tunisia,36.8065,10.1815,HTTPS,2026-06-10 10:34:23,28.2,10,0,3,,0,0,none
PAM-00147,jean_dev,Developer,app-dev-01,Tunisia,36.8065,10.1815,SSH,2026-06-10 11:00:08,48.9,11,0,4,,0,0,none
PAM-01373,marc_netadmin,Network Admin,fw-edge-01,Tunisia,36.8065,10.1815,HTTPS,2026-06-10 11:23:44,14.8,11,0,6,,0,0,none
PAM-00590,jean_dev,Developer,app-dev-01,Tunisia,36.8065,10.1815,SSH,2026-06-10 11:55:43,11.2,11,0,5,,0,0,none
PAM-00230,sara_dba,DBA,backup-db,Tunisia,36.8065,10.1815,SSH,2026-06-10 12:08:40,14.2,12,0,1,,0,0,none
PAM-00144,sara_dba,DBA,backup-db,Tunisia,36.8065,10.1815,SSH,2026-06-10 12:11:17,5.2,12,0,1,,0,0,none
PAM-00532,jean_dev,Developer,app-dev-01,Tunisia,36.8065,10.1815,SSH,2026-06-10 12:12:15,15.9,12,0,7,,0,0,none
PAM-01531,jean_dev,Developer,app-dev-01,Tunisia,36.8065,10.1815,SSH,2026-06-10 12:56:33,12.2,12,0,5,,0,0,none
PAM-00033,sara_dba,DBA,backup-db,Tunisia,36.8065,10.1815,SSH,2026-06-10 14:03:35,23.2,14,0,5,,0,0,none
PAM-01085,sara_dba,DBA,app-staging,Tunisia,36.8065,10.1815,SSH,2026-06-10 17:01:08,14.2,17,0,2,,0,1,unusual_asset
PAM-00593,crypto_bot,Service Account,backup-db,Tunisia,36.8065,10.1815,SSH,2026-06-11 02:05:22,17.0,2,0,8,,0,0,none
PAM-02070,crypto_bot,Service Account,backup-db,Tunisia,36.8065,10.1815,SSH,2026-06-11 02:25:34,31.3,2,0,10,,0,0,none
PAM-01764,crypto_bot,Service Account,backup-db,Tunisia,36.8065,10.1815,SSH,2026-06-11 02:32:15,21.7,2,0,10,,0,0,none
PAM-02083,crypto_bot,Service Account,backup-db,Tunisia,36.8065,10.1815,SSH,2026-06-11 02:51:36,23.1,2,0,1,,0,0,none
PAM-00905,crypto_bot,Service Account,backup-db,Tunisia,36.8065,10.1815,SSH,2026-06-11 03:44:18,11.1,3,0,3,,0,0,none
PAM-00645,marc_netadmin,Network Admin,fw-edge-01,Tunisia,36.8065,10.1815,HTTPS,2026-06-11 08:00:41,15.0,8,0,5,,0,0,none
PAM-01618,sara_dba,DBA,prod-db-01,Tunisia,36.8065,10.1815,SSH,2026-06-11 08:54:28,15.4,8,0,9,DROP TABLE,1,1,sensitive_command
PAM-01529,sara_dba,DBA,prod-db-01,Tunisia,36.8065,10.1815,SSH,2026-06-11 10:49:00,19.4,10,0,6,,0,0,none
PAM-01690,jean_dev,Developer,app-dev-01,Tunisia,36.8065,10.1815,SSH,2026-06-11 12:20:16,11.1,12,0,5,,0,0,none
PAM-00227,sara_dba,DBA,prod-db-01,Tunisia,36.8065,10.1815,SSH,2026-06-11 12:29:55,31.0,12,0,9,,0,0,none
PAM-00456,sara_dba,DBA,prod-db-01,Tunisia,36.8065,10.1815,SSH,2026-06-11 15:59:55,12.9,15,0,1,,0,0,none
PAM-00312,sara_dba,DBA,prod-db-01,Tunisia,36.8065,10.1815,SSH,2026-06-11 18:17:42,30.4,18,0,7,,0,0,none
PAM-01264,crypto_bot,Service Account,backup-db,Tunisia,36.8065,10.1815,SSH,2026-06-12 02:30:10,28.3,2,0,7,,0,0,none
PAM-00366,crypto_bot,Service Account,backup-db,Tunisia,36.8065,10.1815,SSH,2026-06-12 02:38:46,21.5,2,0,2,,0,0,none
PAM-01317,crypto_bot,Service Account,backup-db,Tunisia,36.8065,10.1815,SSH,2026-06-12 02:45:52,25.8,2,0,4,,0,0,none
PAM-00897,crypto_bot,Service Account,backup-db,Tunisia,36.8065,10.1815,SSH,2026-06-12 02:59:15,39.5,2,0,18,,0,0,none
PAM-00909,marc_netadmin,Network Admin,switch-core-01,Tunisia,36.8065,10.1815,HTTPS,2026-06-12 05:41:18,17.6,5,0,2,,0,0,none
PAM-00190,marc_netadmin,Network Admin,switch-core-01,Tunisia,36.8065,10.1815,HTTPS,2026-06-12 06:29:19,14.4,6,0,4,,0,0,none
PAM-01796,marc_netadmin,Network Admin,fw-edge-01,Tunisia,36.8065,10.1815,HTTPS,2026-06-12 07:24:09,44.4,7,0,10,,0,0,none
PAM-01780,jean_dev,Developer,app-dev-01,Tunisia,36.8065,10.1815,SSH,2026-06-12 08:46:42,7.0,8,0,1,,0,0,none
PAM-00920,marc_netadmin,Network Admin,fw-edge-02,Tunisia,36.8065,10.1815,HTTPS,2026-06-12 09:18:31,33.5,9,0,8,,0,0,none
PAM-01010,jean_dev,Developer,app-dev-01,Tunisia,36.8065,10.1815,SSH,2026-06-12 09:48:06,35.9,9,0,11,,0,0,none
PAM-01052,marc_netadmin,Network Admin,switch-core-01,Tunisia,36.8065,10.1815,HTTPS,2026-06-12 11:25:19,18.6,11,0,6,,0,0,none
PAM-01387,marc_netadmin,Network Admin,fw-edge-01,Tunisia,36.8065,10.1815,HTTPS,2026-06-12 12:35:20,13.5,12,0,2,,0,0,none
PAM-01024,sara_dba,DBA,prod-db-01,Tunisia,36.8065,10.1815,SSH,2026-06-12 12:40:32,59.2,12,0,18,,0,0,none
PAM-00208,marc_netadmin,Network Admin,fw-edge-01,Tunisia,36.8065,10.1815,HTTPS,2026-06-12 12:54:11,12.9,12,0,1,,0,0,none
PAM-00717,sara_dba,DBA,prod-db-01,Tunisia,36.8065,10.1815,SSH,2026-06-12 13:22:08,13.6,13,0,11,,0,0,none
PAM-00589,sara_dba,DBA,prod-db-01,Tunisia,36.8065,10.1815,SSH,2026-06-12 14:22:47,22.8,14,0,6,,0,0,none
PAM-00489,sara_dba,DBA,backup-db,Tunisia,36.8065,10.1815,SSH,2026-06-12 15:13:19,21.8,15,0,3,,0,0,none
PAM-00259,sara_dba,DBA,prod-db-01,Tunisia,36.8065,10.1815,SSH,2026-06-12 15:44:02,76.7,15,0,18,,0,0,none
PAM-01583,crypto_bot,Service Account,backup-db,Tunisia,36.8065,10.1815,SSH,2026-06-13 02:21:06,24.2,2,1,3,,0,0,none
PAM-01100,crypto_bot,Service Account,backup-db,Tunisia,36.8065,10.1815,SSH,2026-06-13 02:38:49,50.9,2,1,14,,0,0,none
PAM-00346,crypto_bot,Service Account,backup-db,Tunisia,36.8065,10.1815,SSH,2026-06-13 03:44:23,47.1,3,1,12,,0,0,none
PAM-01418,crypto_bot,Service Account,backup-db,Tunisia,36.8065,10.1815,SSH,2026-06-14 01:43:52,22.5,1,1,8,,0,0,none
PAM-00330,crypto_bot,Service Account,backup-db,Tunisia,36.8065,10.1815,SSH,2026-06-14 02:23:40,25.9,2,1,3,,0,0,none
PAM-01201,crypto_bot,Service Account,backup-db,Tunisia,36.8065,10.1815,SSH,2026-06-14 02:38:49,32.8,2,1,10,,0,0,none
PAM-01315,sara_dba,DBA,backup-db,Tunisia,36.8065,10.1815,SSH,2026-06-14 13:44:03,22.3,13,1,4,,0,0,none
PAM-01475,crypto_bot,Service Account,backup-db,Tunisia,36.8065,10.1815,SSH,2026-06-15 02:07:00,25.2,2,0,8,,0,0,none
PAM-00236,crypto_bot,Service Account,backup-db,Tunisia,36.8065,10.1815,SSH,2026-06-15 02:08:07,13.9,2,0,1,,0,0,none
PAM-01779,crypto_bot,Service Account,backup-db,Tunisia,36.8065,10.1815,SSH,2026-06-15 02:51:26,24.7,2,0,6,,0,0,none
PAM-01945,crypto_bot,Service Account,backup-db,Tunisia,36.8065,10.1815,SSH,2026-06-15 02:55:06,10.2,2,0,5,,0,0,none
PAM-00988,marc_netadmin,Network Admin,switch-core-01,Tunisia,36.8065,10.1815,HTTPS,2026-06-15 06:11:26,11.8,6,0,5,,0,0,none
PAM-01865,jean_dev,Developer,git-prod,Tunisia,36.8065,10.1815,SSH,2026-06-15 08:29:24,10.7,8,0,3,,0,0,none
PAM-00925,marc_netadmin,Network Admin,fw-edge-01,Tunisia,36.8065,10.1815,HTTPS,2026-06-15 09:22:36,18.0,9,0,6,,0,0,none
PAM-01757,jean_dev,Developer,git-prod,Tunisia,36.8065,10.1815,SSH,2026-06-15 09:43:35,18.0,9,0,4,,0,0,none
PAM-01022,marc_netadmin,Network Admin,switch-core-01,Tunisia,36.8065,10.1815,HTTPS,2026-06-15 09:48:22,4.4,9,0,2,,0,0,none
PAM-00214,sara_dba,DBA,backup-db,Tunisia,36.8065,10.1815,SSH,2026-06-15 10:20:51,17.9,10,0,4,,0,0,none
PAM-00392,marc_netadmin,Network Admin,fw-edge-01,Tunisia,36.8065,10.1815,HTTPS,2026-06-15 10:39:51,10.6,10,0,7,,0,0,none
PAM-00950,jean_dev,Developer,app-dev-01,Tunisia,36.8065,10.1815,SSH,2026-06-15 10:42:27,7.8,10,0,3,,0,0,none
PAM-01734,marc_netadmin,Network Admin,fw-edge-02,Tunisia,36.8065,10.1815,HTTPS,2026-06-15 11:28:52,7.9,11,0,1,,0,0,none
PAM-00056,sara_dba,DBA,prod-db-01,Tunisia,36.8065,10.1815,SSH,2026-06-15 12:35:49,15.4,12,0,4,,0,0,none
PAM-00947,sara_dba,DBA,prod-db-01,Tunisia,36.8065,10.1815,SSH,2026-06-15 13:44:27,17.5,13,0,4,,0,0,none
PAM-00751,sara_dba,DBA,backup-db,Tunisia,36.8065,10.1815,SSH,2026-06-15 15:59:19,37.2,15,0,7,,0,0,none
PAM-01434,sara_dba,DBA,prod-db-01,Tunisia,36.8065,10.1815,SSH,2026-06-15 16:17:35,101.9,16,0,16,,0,0,none
PAM-01924,crypto_bot,Service Account,backup-db,Tunisia,36.8065,10.1815,SSH,2026-06-16 01:37:23,16.0,1,0,5,,0,0,none
PAM-02055,crypto_bot,Service Account,backup-db,Tunisia,36.8065,10.1815,SSH,2026-06-16 02:19:03,28.4,2,0,9,,0,0,none
PAM-01330,crypto_bot,Service Account,backup-db,Tunisia,36.8065,10.1815,SSH,2026-06-16 02:34:25,26.6,2,0,6,,0,0,none
PAM-02064,crypto_bot,Service Account,backup-db,Tunisia,36.8065,10.1815,SSH,2026-06-16 03:13:53,12.2,3,0,2,,0,0,none
PAM-00502,crypto_bot,Service Account,backup-db,Tunisia,36.8065,10.1815,SSH,2026-06-16 03:54:54,44.0,3,0,14,,0,0,none
PAM-00642,marc_netadmin,Network Admin,app-staging,Tunisia,36.8065,10.1815,HTTPS,2026-06-16 04:28:36,13.4,4,0,5,,0,1,unusual_asset
PAM-00538,marc_netadmin,Network Admin,fw-edge-02,Tunisia,36.8065,10.1815,HTTPS,2026-06-16 06:39:33,6.0,6,0,1,,0,0,none
PAM-00629,marc_netadmin,Network Admin,fw-edge-02,Tunisia,36.8065,10.1815,HTTPS,2026-06-16 08:48:19,11.1,8,0,1,,0,0,none
PAM-01861,marc_netadmin,Network Admin,fw-edge-02,Tunisia,36.8065,10.1815,HTTPS,2026-06-16 11:10:59,15.5,11,0,3,,0,0,none
PAM-01453,jean_dev,Developer,app-dev-01,Tunisia,36.8065,10.1815,SSH,2026-06-16 11:18:58,18.8,11,0,6,,0,0,none
PAM-00907,jean_dev,Developer,app-dev-01,Tunisia,36.8065,10.1815,SSH,2026-06-16 11:35:02,16.6,11,0,8,,0,0,none
PAM-01218,jean_dev,Developer,app-dev-01,Tunisia,36.8065,10.1815,SSH,2026-06-16 11:36:37,16.9,11,0,3,,0,0,none
PAM-00819,sara_dba,DBA,prod-db-01,Tunisia,36.8065,10.1815,SSH,2026-06-16 15:00:48,400.9,15,0,96,,0,1,unusual_duration
PAM-01367,sara_dba,DBA,prod-db-01,Tunisia,36.8065,10.1815,SSH,2026-06-16 15:58:45,29.1,15,0,14,,0,0,none
PAM-01030,crypto_bot,Service Account,backup-db,Tunisia,36.8065,10.1815,SSH,2026-06-17 02:15:18,40.6,2,0,16,,0,0,none
PAM-00461,marc_netadmin,Network Admin,fw-edge-01,Tunisia,36.8065,10.1815,HTTPS,2026-06-17 10:52:41,26.8,10,0,7,,0,0,none
PAM-00568,jean_dev,Developer,app-dev-01,Tunisia,36.8065,10.1815,SSH,2026-06-17 11:43:08,26.9,11,0,9,,0,0,none
PAM-00150,jean_dev,Developer,app-dev-01,Tunisia,36.8065,10.1815,SSH,2026-06-17 11:57:44,26.3,11,0,10,,0,0,none
PAM-00651,sara_dba,DBA,backup-db,Tunisia,36.8065,10.1815,SSH,2026-06-17 15:28:25,8.7,15,0,1,,0,0,none
PAM-00770,crypto_bot,Service Account,backup-db,Tunisia,36.8065,10.1815,SSH,2026-06-18 01:26:25,24.8,1,0,7,shutdown -h now,1,0,none
PAM-01395,crypto_bot,Service Account,backup-db,Tunisia,36.8065,10.1815,SSH,2026-06-18 01:33:35,29.6,1,0,9,,0,0,none
PAM-00990,jean_dev,Developer,app-dev-01,Tunisia,36.8065,10.1815,SSH,2026-06-18 01:39:09,16.2,1,0,6,,0,1,unusual_hour
PAM-01379,crypto_bot,Service Account,backup-db,Tunisia,36.8065,10.1815,SSH,2026-06-18 02:19:27,27.9,2,0,5,,0,0,none
PAM-01850,crypto_bot,Service Account,backup-db,Tunisia,36.8065,10.1815,SSH,2026-06-18 02:37:43,28.9,2,0,6,,0,0,none
PAM-00969,crypto_bot,Service Account,backup-db,Tunisia,36.8065,10.1815,SSH,2026-06-18 02:52:37,12.0,2,0,5,,0,0,none
PAM-01627,crypto_bot,Service Account,backup-db,Tunisia,36.8065,10.1815,SSH,2026-06-18 02:52:46,13.9,2,0,4,,0,0,none
PAM-01308,marc_netadmin,Network Admin,fw-edge-02,Tunisia,36.8065,10.1815,HTTPS,2026-06-18 07:10:38,7.8,7,0,1,,0,0,none
PAM-00185,sara_dba,DBA,prod-db-01,Tunisia,36.8065,10.1815,SSH,2026-06-18 08:03:16,32.8,8,0,6,,0,0,none
PAM-00309,marc_netadmin,Network Admin,fw-edge-01,Tunisia,36.8065,10.1815,HTTPS,2026-06-18 10:15:53,16.3,10,0,4,,0,0,none
PAM-00896,jean_dev,Developer,app-staging,Tunisia,36.8065,10.1815,SSH,2026-06-18 10:50:14,11.2,10,0,4,,0,0,none
PAM-01284,jean_dev,Developer,app-dev-01,Tunisia,36.8065,10.1815,SSH,2026-06-18 11:58:43,23.2,11,0,8,,0,0,none
PAM-01744,jean_dev,Developer,app-dev-01,Tunisia,36.8065,10.1815,SSH,2026-06-18 13:06:40,86.7,13,0,23,,0,0,none
PAM-00262,sara_dba,DBA,backup-db,Tunisia,36.8065,10.1815,SSH,2026-06-18 15:47:14,17.1,15,0,4,,0,0,none
PAM-00328,sara_dba,DBA,prod-db-02,Tunisia,36.8065,10.1815,SSH,2026-06-18 17:16:00,9.1,17,0,2,,0,0,none
PAM-00870,crypto_bot,Service Account,backup-db,Tunisia,36.8065,10.1815,SSH,2026-06-19 02:01:50,17.2,2,0,4,,0,0,none
PAM-02013,crypto_bot,Service Account,backup-db,Tunisia,36.8065,10.1815,SSH,2026-06-19 02:43:58,10.7,2,0,3,,0,0,none
PAM-00307,crypto_bot,Service Account,backup-db,Tunisia,36.8065,10.1815,SSH,2026-06-19 02:45:04,17.4,2,0,4,,0,0,none
PAM-00746,marc_netadmin,Network Admin,fw-edge-02,Tunisia,36.8065,10.1815,HTTPS,2026-06-19 06:23:51,24.3,6,0,3,,0,0,none
PAM-01819,marc_netadmin,Network Admin,fw-edge-01,Tunisia,36.8065,10.1815,HTTPS,2026-06-19 07:54:13,16.8,7,0,4,,0,0,none
PAM-00753,jean_dev,Developer,app-dev-01,Tunisia,36.8065,10.1815,SSH,2026-06-19 08:14:45,12.3,8,0,3,,0,0,none
PAM-00791,jean_dev,Developer,app-dev-01,Tunisia,36.8065,10.1815,SSH,2026-06-19 08:19:52,30.9,8,0,7,,0,0,none
PAM-01942,jean_dev,Developer,app-dev-01,Tunisia,36.8065,10.1815,SSH,2026-06-19 10:03:53,16.5,10,0,3,,0,0,none
PAM-00601,marc_netadmin,Network Admin,fw-edge-02,Tunisia,36.8065,10.1815,HTTPS,2026-06-19 10:05:24,33.5,10,0,8,,0,0,none
PAM-01700,jean_dev,Developer,app-dev-01,Tunisia,36.8065,10.1815,SSH,2026-06-19 10:10:35,14.3,10,0,4,,0,0,none
PAM-00167,jean_dev,Developer,app-dev-01,Tunisia,36.8065,10.1815,SSH,2026-06-19 10:45:51,17.8,10,0,1,DELETE FROM users,1,0,none
PAM-00942,marc_netadmin,Network Admin,switch-core-01,Tunisia,36.8065,10.1815,HTTPS,2026-06-19 11:21:00,26.0,11,0,8,,0,0,none
PAM-02080,marc_netadmin,Network Admin,fw-edge-01,Tunisia,36.8065,10.1815,HTTPS,2026-06-19 11:54:43,31.1,11,0,11,,0,0,none
PAM-01535,sara_dba,DBA,prod-db-02,Tunisia,36.8065,10.1815,SSH,2026-06-19 12:07:22,114.3,12,0,32,,0,0,none
PAM-00902,marc_netadmin,Network Admin,fw-edge-01,Tunisia,36.8065,10.1815,HTTPS,2026-06-19 12:33:53,9.2,12,0,3,,0,0,none
PAM-02081,sara_dba,DBA,prod-db-01,Tunisia,36.8065,10.1815,SSH,2026-06-19 14:00:56,32.4,14,0,5,,0,0,none
PAM-01900,sara_dba,DBA,prod-db-01,Tunisia,36.8065,10.1815,SSH,2026-06-19 15:24:38,8.9,15,0,4,,0,0,none
PAM-01299,sara_dba,DBA,backup-db,Tunisia,36.8065,10.1815,SSH,2026-06-19 15:31:01,15.2,15,0,1,,0,0,none
PAM-02011,sara_dba,DBA,backup-db,Tunisia,36.8065,10.1815,SSH,2026-06-19 15:46:07,45.7,15,0,14,,0,0,none
PAM-00537,sara_dba,DBA,prod-db-01,Tunisia,36.8065,10.1815,SSH,2026-06-19 16:44:59,11.5,16,0,3,,0,0,none
PAM-02045,jean_dev,Developer,app-dev-01,Tunisia,36.8065,10.1815,SSH,2026-06-20 00:52:37,52.8,0,1,20,,0,1,unusual_hour
PAM-00007,crypto_bot,Service Account,backup-db,Tunisia,36.8065,10.1815,SSH,2026-06-20 01:25:23,41.5,1,1,5,,0,0,none
PAM-01524,crypto_bot,Service Account,backup-db,Tunisia,36.8065,10.1815,SSH,2026-06-20 01:57:18,9.7,1,1,1,,0,0,none
PAM-01370,crypto_bot,Service Account,backup-db,Tunisia,36.8065,10.1815,SSH,2026-06-20 02:08:53,24.0,2,1,4,,0,0,none
PAM-00741,crypto_bot,Service Account,backup-db,Tunisia,36.8065,10.1815,SSH,2026-06-21 01:33:04,12.8,1,1,2,,0,0,none
PAM-01917,crypto_bot,Service Account,backup-db,Tunisia,36.8065,10.1815,SSH,2026-06-21 02:10:16,19.9,2,1,2,,0,0,none
PAM-01098,crypto_bot,Service Account,backup-db,Tunisia,36.8065,10.1815,SSH,2026-06-21 02:12:09,31.2,2,1,8,passwd root,1,0,none
PAM-01302,crypto_bot,Service Account,backup-db,Tunisia,36.8065,10.1815,SSH,2026-06-21 02:35:20,51.1,2,1,8,,0,0,none
PAM-02014,crypto_bot,Service Account,backup-db,Tunisia,36.8065,10.1815,SSH,2026-06-21 02:39:17,19.8,2,1,5,,0,0,none
PAM-00047,crypto_bot,Service Account,backup-db,Tunisia,36.8065,10.1815,SSH,2026-06-21 02:48:39,31.3,2,1,7,,0,0,none
PAM-01883,crypto_bot,Service Account,backup-db,Tunisia,36.8065,10.1815,SSH,2026-06-21 02:54:36,26.3,2,1,2,,0,0,none
PAM-00826,crypto_bot,Service Account,backup-db,Tunisia,36.8065,10.1815,SSH,2026-06-22 02:25:55,9.7,2,0,2,,0,0,none
PAM-01305,jean_dev,Developer,app-dev-01,Tunisia,36.8065,10.1815,SSH,2026-06-22 06:41:12,18.7,6,0,8,,0,0,none
PAM-01868,marc_netadmin,Network Admin,fw-edge-01,Tunisia,36.8065,10.1815,HTTPS,2026-06-22 07:37:42,66.5,7,0,12,,0,0,none
PAM-00939,marc_netadmin,Network Admin,fw-edge-01,Tunisia,36.8065,10.1815,HTTPS,2026-06-22 08:54:41,35.2,8,0,11,,0,0,none
PAM-01768,jean_dev,Developer,app-dev-01,Tunisia,36.8065,10.1815,SSH,2026-06-22 09:24:32,22.0,9,0,3,,0,0,none
PAM-00968,marc_netadmin,Network Admin,fw-edge-02,Tunisia,36.8065,10.1815,HTTPS,2026-06-22 10:28:16,11.0,10,0,2,,0,0,none
PAM-00320,jean_dev,Developer,app-dev-01,Tunisia,36.8065,10.1815,SSH,2026-06-22 10:35:19,25.3,10,0,7,,0,0,none
PAM-00807,jean_dev,Developer,app-dev-01,Tunisia,36.8065,10.1815,SSH,2026-06-22 11:28:19,9.1,11,0,1,,0,0,none
PAM-01194,sara_dba,DBA,prod-db-01,Tunisia,36.8065,10.1815,SSH,2026-06-22 11:53:42,34.2,11,0,4,,0,0,none
PAM-00006,jean_dev,Developer,app-dev-01,Tunisia,36.8065,10.1815,SSH,2026-06-22 12:49:18,39.5,12,0,11,,0,0,none
PAM-01495,sara_dba,DBA,backup-db,Tunisia,36.8065,10.1815,SSH,2026-06-22 14:32:10,29.8,14,0,11,,0,0,none
PAM-00449,sara_dba,DBA,prod-db-01,Tunisia,36.8065,10.1815,SSH,2026-06-22 14:49:28,37.3,14,0,15,,0,0,none
PAM-00063,sara_dba,DBA,prod-db-01,Tunisia,36.8065,10.1815,SSH,2026-06-22 14:50:37,12.4,14,0,2,,0,0,none
PAM-01448,sara_dba,DBA,backup-db,Tunisia,36.8065,10.1815,SSH,2026-06-22 15:01:23,14.2,15,0,11,,0,0,none
PAM-00796,crypto_bot,Service Account,backup-db,Tunisia,36.8065,10.1815,SSH,2026-06-23 01:02:54,16.2,1,0,2,,0,0,none
PAM-01933,crypto_bot,Service Account,backup-db,Tunisia,36.8065,10.1815,SSH,2026-06-23 02:06:00,50.6,2,0,10,,0,0,none
PAM-01876,crypto_bot,Service Account,backup-db,Tunisia,36.8065,10.1815,SSH,2026-06-23 02:15:54,19.6,2,0,6,,0,0,none
PAM-01471,crypto_bot,Service Account,backup-db,Tunisia,36.8065,10.1815,SSH,2026-06-23 02:28:31,78.5,2,0,17,,0,0,none
PAM-01513,crypto_bot,Service Account,backup-db,Tunisia,36.8065,10.1815,SSH,2026-06-23 03:42:20,31.2,3,0,7,,0,0,none
PAM-00639,jean_dev,Developer,app-dev-01,Tunisia,36.8065,10.1815,SSH,2026-06-23 06:22:13,18.6,6,0,6,,0,0,none
PAM-01345,marc_netadmin,Network Admin,fw-edge-01,Tunisia,36.8065,10.1815,HTTPS,2026-06-23 08:27:17,18.9,8,0,3,,0,0,none
PAM-01722,marc_netadmin,Network Admin,fw-edge-02,Tunisia,36.8065,10.1815,HTTPS,2026-06-23 09:31:33,32.9,9,0,5,,0,0,none
PAM-02051,marc_netadmin,Network Admin,fw-edge-01,Tunisia,36.8065,10.1815,HTTPS,2026-06-23 09:48:16,25.2,9,0,4,,0,0,none
PAM-02054,sara_dba,DBA,backup-db,Tunisia,36.8065,10.1815,SSH,2026-06-23 10:55:29,30.7,10,0,9,,0,0,none
PAM-00773,jean_dev,Developer,git-prod,Tunisia,36.8065,10.1815,SSH,2026-06-23 11:06:05,24.6,11,0,9,,0,0,none
PAM-01864,sara_dba,DBA,prod-db-01,Tunisia,36.8065,10.1815,SSH,2026-06-23 12:48:27,15.1,12,0,4,,0,0,none
PAM-02073,sara_dba,DBA,backup-db,Tunisia,36.8065,10.1815,SSH,2026-06-23 12:56:55,20.5,12,0,6,,0,0,none
PAM-00127,sara_dba,DBA,prod-db-01,Tunisia,36.8065,10.1815,SSH,2026-06-23 13:07:16,6.9,13,0,2,,0,0,none
PAM-00216,sara_dba,DBA,backup-db,Tunisia,36.8065,10.1815,SSH,2026-06-23 14:38:39,53.7,14,0,10,,0,0,none
PAM-00709,sara_dba,DBA,backup-db,Tunisia,36.8065,10.1815,SSH,2026-06-23 15:14:38,32.7,15,0,6,,0,0,none
PAM-00615,crypto_bot,Service Account,backup-db,Tunisia,36.8065,10.1815,SSH,2026-06-24 02:01:03,11.4,2,0,2,,0,0,none
PAM-00808,crypto_bot,Service Account,backup-db,Tunisia,36.8065,10.1815,SSH,2026-06-24 02:49:12,29.2,2,0,6,,0,0,none
PAM-00228,crypto_bot,Service Account,backup-db,Tunisia,36.8065,10.1815,SSH,2026-06-24 03:25:28,29.2,3,0,10,,0,0,none
PAM-01550,jean_dev,Developer,git-prod,Tunisia,36.8065,10.1815,SSH,2026-06-24 08:49:29,26.3,8,0,4,,0,0,none
PAM-01177,marc_netadmin,Network Admin,fw-edge-01,Tunisia,36.8065,10.1815,HTTPS,2026-06-24 08:56:36,20.8,8,0,6,,0,0,none
PAM-02036,marc_netadmin,Network Admin,switch-core-01,Tunisia,36.8065,10.1815,HTTPS,2026-06-24 09:52:09,8.4,9,0,2,,0,0,none
PAM-01259,sara_dba,DBA,prod-db-01,Tunisia,36.8065,10.1815,SSH,2026-06-24 10:04:36,37.6,10,0,12,,0,0,none
PAM-00786,jean_dev,Developer,app-dev-01,Tunisia,36.8065,10.1815,SSH,2026-06-24 10:59:14,13.0,10,0,1,,0,0,none
PAM-01901,jean_dev,Developer,git-prod,Tunisia,36.8065,10.1815,SSH,2026-06-24 11:15:46,53.3,11,0,16,,0,0,none
PAM-01766,sara_dba,DBA,prod-db-01,Tunisia,36.8065,10.1815,SSH,2026-06-24 11:59:13,42.5,11,0,13,,0,0,none
PAM-01736,jean_dev,Developer,git-prod,Tunisia,36.8065,10.1815,SSH,2026-06-24 12:08:46,13.7,12,0,5,,0,0,none
PAM-00436,sara_dba,DBA,backup-db,Tunisia,36.8065,10.1815,SSH,2026-06-24 13:07:45,14.4,13,0,5,,0,0,none
PAM-01698,sara_dba,DBA,backup-db,Tunisia,36.8065,10.1815,SSH,2026-06-24 13:27:55,9.8,13,0,3,,0,0,none
PAM-00245,sara_dba,DBA,prod-db-01,Tunisia,36.8065,10.1815,SSH,2026-06-24 13:47:03,20.7,13,0,9,,0,0,none
PAM-01426,sara_dba,DBA,prod-db-01,Tunisia,36.8065,10.1815,SSH,2026-06-24 16:21:32,10.2,16,0,3,,0,0,none
PAM-00948,crypto_bot,Service Account,backup-db,Tunisia,36.8065,10.1815,SSH,2026-06-25 01:05:20,10.4,1,0,1,,0,0,none
PAM-00300,crypto_bot,Service Account,backup-db,Tunisia,36.8065,10.1815,SSH,2026-06-25 02:00:20,19.3,2,0,7,,0,0,none
PAM-00491,crypto_bot,Service Account,backup-db,Tunisia,36.8065,10.1815,SSH,2026-06-25 02:42:21,26.9,2,0,5,,0,0,none
PAM-01909,crypto_bot,Service Account,backup-db,Tunisia,36.8065,10.1815,SSH,2026-06-25 02:47:12,20.7,2,0,6,,0,0,none
PAM-01185,crypto_bot,Service Account,backup-db,Tunisia,36.8065,10.1815,SSH,2026-06-25 02:59:40,7.6,2,0,3,,0,0,none
PAM-00658,marc_netadmin,Network Admin,fw-edge-01,Tunisia,36.8065,10.1815,HTTPS,2026-06-25 06:19:22,19.2,6,0,3,,0,0,none
PAM-02015,jean_dev,Developer,app-dev-01,Tunisia,36.8065,10.1815,SSH,2026-06-25 07:29:25,13.7,7,0,3,,0,0,none
PAM-01314,marc_netadmin,Network Admin,switch-core-01,Tunisia,36.8065,10.1815,HTTPS,2026-06-25 08:15:10,35.9,8,0,7,,0,0,none
PAM-00381,jean_dev,Developer,app-dev-01,Tunisia,36.8065,10.1815,SSH,2026-06-25 08:15:20,10.8,8,0,1,,0,0,none
PAM-00927,jean_dev,Developer,app-dev-01,Tunisia,36.8065,10.1815,SSH,2026-06-25 09:07:32,14.9,9,0,3,,0,0,none
PAM-01821,jean_dev,Developer,app-dev-01,Tunisia,36.8065,10.1815,SSH,2026-06-25 09:15:37,8.8,9,0,2,,0,0,none
PAM-01782,jean_dev,Developer,app-dev-01,Tunisia,36.8065,10.1815,SSH,2026-06-25 09:53:08,37.3,9,0,4,,0,0,none
PAM-00083,sara_dba,DBA,prod-db-02,Tunisia,36.8065,10.1815,SSH,2026-06-25 10:43:46,16.4,10,0,3,shutdown -h now,1,0,none
PAM-00588,marc_netadmin,Network Admin,fw-edge-02,Tunisia,36.8065,10.1815,HTTPS,2026-06-25 10:54:40,11.9,10,0,5,,0,0,none
PAM-01951,marc_netadmin,Network Admin,fw-edge-02,Tunisia,36.8065,10.1815,HTTPS,2026-06-25 11:13:26,16.1,11,0,1,,0,0,none
PAM-00293,sara_dba,DBA,prod-db-01,Tunisia,36.8065,10.1815,SSH,2026-06-25 12:03:59,20.1,12,0,3,,0,0,none
PAM-00668,marc_netadmin,Network Admin,fw-edge-02,Tunisia,36.8065,10.1815,HTTPS,2026-06-25 12:09:23,38.7,12,0,9,,0,0,none
PAM-00261,sara_dba,DBA,prod-db-01,Tunisia,36.8065,10.1815,SSH,2026-06-25 12:34:06,20.0,12,0,4,,0,0,none
PAM-01507,sara_dba,DBA,backup-db,Tunisia,36.8065,10.1815,SSH,2026-06-25 15:33:01,31.9,15,0,7,,0,0,none
PAM-00768,crypto_bot,Service Account,backup-db,Tunisia,36.8065,10.1815,SSH,2026-06-26 01:18:05,13.9,1,0,2,,0,0,none
PAM-01332,crypto_bot,Service Account,backup-db,Tunisia,36.8065,10.1815,SSH,2026-06-26 02:04:57,30.1,2,0,4,,0,0,none
PAM-01322,marc_netadmin,Network Admin,fw-edge-02,Tunisia,36.8065,10.1815,HTTPS,2026-06-26 06:15:16,16.9,6,0,10,,0,0,none
PAM-01375,marc_netadmin,Network Admin,fw-edge-02,Tunisia,36.8065,10.1815,HTTPS,2026-06-26 06:54:47,12.1,6,0,1,,0,0,none
PAM-01575,marc_netadmin,Network Admin,switch-core-01,Tunisia,36.8065,10.1815,HTTPS,2026-06-26 07:49:24,21.6,7,0,6,,0,0,none
PAM-00899,jean_dev,Developer,app-dev-01,Tunisia,36.8065,10.1815,SSH,2026-06-26 08:08:56,31.0,8,0,10,,0,0,none
PAM-02065,marc_netadmin,Network Admin,fw-edge-02,Tunisia,36.8065,10.1815,HTTPS,2026-06-26 08:23:58,8.5,8,0,3,,0,0,none
PAM-01989,jean_dev,Developer,app-dev-01,Tunisia,36.8065,10.1815,SSH,2026-06-26 08:37:41,47.4,8,0,10,,0,0,none
PAM-01515,jean_dev,Developer,app-dev-01,Tunisia,36.8065,10.1815,SSH,2026-06-26 10:21:19,33.7,10,0,7,,0,0,none
PAM-01435,marc_netadmin,Network Admin,fw-edge-01,Tunisia,36.8065,10.1815,HTTPS,2026-06-26 10:52:18,18.4,10,0,7,,0,0,none
PAM-01711,marc_netadmin,Network Admin,fw-edge-01,Tunisia,36.8065,10.1815,HTTPS,2026-06-26 11:38:27,8.8,11,0,2,,0,0,none
PAM-01784,jean_dev,Developer,app-dev-01,Tunisia,36.8065,10.1815,SSH,2026-06-26 13:17:27,41.3,13,0,8,,0,0,none
PAM-00198,crypto_bot,Service Account,backup-db,Tunisia,36.8065,10.1815,SSH,2026-06-27 02:10:37,27.5,2,1,8,,0,0,none
PAM-01080,crypto_bot,Service Account,backup-db,Tunisia,36.8065,10.1815,SSH,2026-06-27 02:27:56,29.4,2,1,7,,0,0,none
PAM-00025,crypto_bot,Service Account,backup-db,Tunisia,36.8065,10.1815,SSH,2026-06-27 02:55:39,13.5,2,1,1,,0,0,none
PAM-01012,crypto_bot,Service Account,backup-db,Tunisia,36.8065,10.1815,SSH,2026-06-27 03:27:06,29.9,3,1,6,,0,0,none
PAM-00900,crypto_bot,Service Account,backup-db,Tunisia,36.8065,10.1815,SSH,2026-06-27 03:33:04,19.8,3,1,5,,0,0,none
PAM-00375,sara_dba,DBA,prod-db-02,Tunisia,36.8065,10.1815,SSH,2026-06-28 02:06:05,22.7,2,1,8,,0,1,unusual_hour
PAM-02009,crypto_bot,Service Account,backup-db,Tunisia,36.8065,10.1815,SSH,2026-06-28 02:07:32,6.2,2,1,1,,0,0,none
PAM-00483,crypto_bot,Service Account,backup-db,Tunisia,36.8065,10.1815,SSH,2026-06-28 02:37:43,21.7,2,1,4,,0,0,none
PAM-00217,crypto_bot,Service Account,backup-db,Tunisia,36.8065,10.1815,SSH,2026-06-28 02:38:16,70.6,2,1,12,,0,0,none
PAM-00364,crypto_bot,Service Account,backup-db,Tunisia,36.8065,10.1815,SSH,2026-06-28 02:40:06,25.2,2,1,6,,0,0,none
PAM-01686,crypto_bot,Service Account,backup-db,Tunisia,36.8065,10.1815,SSH,2026-06-29 02:03:50,11.5,2,0,4,,0,0,none
PAM-01239,crypto_bot,Service Account,backup-db,Tunisia,36.8065,10.1815,SSH,2026-06-29 02:56:12,14.1,2,0,2,,0,0,none
PAM-00750,crypto_bot,Service Account,backup-db,Tunisia,36.8065,10.1815,SSH,2026-06-29 03:34:05,32.7,3,0,14,,0,0,none
PAM-00883,marc_netadmin,Network Admin,fw-edge-02,Tunisia,36.8065,10.1815,HTTPS,2026-06-29 07:37:15,12.1,7,0,1,,0,0,none
PAM-00433,marc_netadmin,Network Admin,switch-core-01,Tunisia,36.8065,10.1815,HTTPS,2026-06-29 08:19:58,17.5,8,0,5,,0,0,none
PAM-01499,marc_netadmin,Network Admin,fw-edge-02,Tunisia,36.8065,10.1815,HTTPS,2026-06-29 09:04:37,29.1,9,0,4,,0,0,none
PAM-01613,marc_netadmin,Network Admin,fw-edge-01,Tunisia,36.8065,10.1815,HTTPS,2026-06-29 10:19:40,15.2,10,0,1,,0,0,none
PAM-00882,marc_netadmin,Network Admin,fw-edge-01,Tunisia,36.8065,10.1815,HTTPS,2026-06-29 10:37:31,32.2,10,0,6,,0,0,none
PAM-00369,jean_dev,Developer,app-dev-01,Tunisia,36.8065,10.1815,SSH,2026-06-29 11:01:38,8.0,11,0,1,,0,0,none
PAM-01719,sara_dba,DBA,prod-db-01,Tunisia,36.8065,10.1815,SSH,2026-06-29 14:00:06,15.8,14,0,3,,0,0,none
