session_id,requestor_user,role,target_asset,country,country_lat,country_lon,protocol,start_time,duration_minutes,hour,is_weekend,commands_count,triggered_sensitive_command,risk_flag,is_anomaly,anomaly_type,hour_sin,hour_cos,asset_rarity_score,country_rarity_score,anomaly_score,predicted_anomaly
PAM-01011,crypto_bot,Service Account,backup-db,Tunisia,36.8065,10.1815,SSH,2026-01-01 02:12:49,79.5,2,0,15,,0,0,none,0.4999999999999999,0.8660254037844387,0.0106870229007633,0.0030534351145038,0.07445186522005065,0
PAM-01141,crypto_bot,Service Account,backup-db,Tunisia,36.8065,10.1815,SSH,2026-01-01 02:59:03,9.3,2,0,3,,0,0,none,0.4999999999999999,0.8660254037844387,0.0106870229007633,0.0030534351145038,0.18982142748481845,0
PAM-00678,marc_netadmin,Network Admin,switch-core-01,Tunisia,36.8065,10.1815,HTTPS,2026-01-01 09:47:21,36.8,9,0,9,,0,0,none,0.7071067811865476,-0.7071067811865475,0.7733887733887734,0.0103950103950103,0.16417963045601247,0
PAM-01616,jean_dev,Developer,switch-core-01,Tunisia,36.8065,10.1815,SSH,2026-01-01 10:12:00,31.1,10,0,7,,0,1,unusual_asset,0.4999999999999999,-0.8660254037844387,0.997872340425532,0.0085106382978723,0.11369713803596454,0
PAM-00035,jean_dev,Developer,app-dev-01,Tunisia,36.8065,10.1815,SSH,2026-01-01 10:40:44,61.9,10,0,15,,0,0,none,0.4999999999999999,-0.8660254037844387,0.2531914893617021,0.0085106382978723,0.10386562411418937,0
PAM-00347,jean_dev,Developer,app-dev-01,Tunisia,36.8065,10.1815,SSH,2026-01-01 10:42:43,16.8,10,0,5,,0,0,none,0.4999999999999999,-0.8660254037844387,0.2531914893617021,0.0085106382978723,0.1981515459174405,0
PAM-00071,sara_dba,DBA,backup-db,Tunisia,36.8065,10.1815,SSH,2026-01-01 11:05:04,15.1,11,0,5,,0,0,none,0.258819045102521,-0.9659258262890682,0.740041928721174,0.0188679245283018,0.16722687251780327,0
PAM-00207,sara_dba,DBA,prod-db-01,Tunisia,36.8065,10.1815,SSH,2026-01-01 12:34:38,16.3,12,0,5,,0,0,none,1.2246467991473532e-16,-1.0,0.339622641509434,0.0188679245283018,0.1700287163927786,0
PAM-01046,sara_dba,DBA,prod-db-01,Tunisia,36.8065,10.1815,SSH,2026-01-01 15:12:39,40.0,15,0,8,,0,0,none,-0.7071067811865471,-0.7071067811865479,0.339622641509434,0.0188679245283018,0.1167075198679341,0
PAM-02077,sara_dba,DBA,prod-db-01,Tunisia,36.8065,10.1815,SSH,2026-01-01 17:06:19,14.1,17,0,5,,0,0,none,-0.9659258262890684,-0.2588190451025206,0.339622641509434,0.0188679245283018,0.11152568261254592,0
PAM-01021,sara_dba,DBA,prod-db-01,Tunisia,36.8065,10.1815,SSH,2026-01-01 17:26:54,25.3,17,0,5,,0,0,none,-0.9659258262890684,-0.2588190451025206,0.339622641509434,0.0188679245283018,0.11024150828663665,0
PAM-00077,sara_dba,DBA,prod-db-01,Tunisia,36.8065,10.1815,SSH,2026-01-01 18:56:47,21.3,18,0,10,,0,0,none,-1.0,-1.8369701987210294e-16,0.339622641509434,0.0188679245283018,0.06610606409221387,0
PAM-01053,sara_dba,DBA,prod-db-01,Tunisia,36.8065,10.1815,SSH,2026-01-01 19:03:33,10.4,19,0,2,,0,0,none,-0.9659258262890684,0.2588190451025203,0.339622641509434,0.0188679245283018,0.06916692601796937,0
PAM-01464,crypto_bot,Service Account,backup-db,Tunisia,36.8065,10.1815,SSH,2026-01-02 02:02:36,17.2,2,0,4,,0,0,none,0.4999999999999999,0.8660254037844387,0.0106870229007633,0.0030534351145038,0.19987484202740924,0
PAM-00094,crypto_bot,Service Account,backup-db,Tunisia,36.8065,10.1815,SSH,2026-01-02 02:28:17,26.2,2,0,7,,0,0,none,0.4999999999999999,0.8660254037844387,0.0106870229007633,0.0030534351145038,0.19620869342655478,0
PAM-00339,crypto_bot,Service Account,backup-db,Tunisia,36.8065,10.1815,SSH,2026-01-02 03:49:26,33.1,3,0,6,,0,0,none,0.7071067811865476,0.7071067811865476,0.0106870229007633,0.0030534351145038,0.12410450051903699,0
PAM-00479,marc_netadmin,Network Admin,fw-edge-02,Tunisia,36.8065,10.1815,HTTPS,2026-01-02 06:39:57,15.1,6,0,2,,0,0,none,1.0,6.123233995736766e-17,0.7006237006237006,0.0103950103950103,0.1331690505759368,0
PAM-01413,marc_netadmin,Network Admin,fw-edge-01,Tunisia,36.8065,10.1815,HTTPS,2026-01-02 07:28:05,28.8,7,0,11,,0,0,none,0.9659258262890684,-0.2588190451025206,0.5405405405405406,0.0103950103950103,0.13298485843229574,0
PAM-00517,jean_dev,Developer,git-prod,Tunisia,36.8065,10.1815,SSH,2026-01-02 08:22:09,9.8,8,0,2,,0,0,none,0.8660254037844387,-0.4999999999999998,0.7851063829787234,0.0085106382978723,0.1640801038523529,0
PAM-01886,jean_dev,Developer,git-prod,Tunisia,36.8065,10.1815,SSH,2026-01-02 09:24:40,5.2,9,0,1,,0,0,none,0.7071067811865476,-0.7071067811865475,0.7851063829787234,0.0085106382978723,0.14794171502392706,0
PAM-00005,marc_netadmin,Network Admin,fw-edge-02,Tunisia,36.8065,10.1815,HTTPS,2026-01-02 09:25:13,15.6,9,0,2,,0,0,none,0.7071067811865476,-0.7071067811865475,0.7006237006237006,0.0103950103950103,0.18760507613452027,0
PAM-01564,marc_netadmin,Network Admin,fw-edge-01,Tunisia,36.8065,10.1815,HTTPS,2026-01-02 10:48:22,19.6,10,0,3,,0,0,none,0.4999999999999999,-0.8660254037844387,0.5405405405405406,0.0103950103950103,0.19529274363001692,0
PAM-01991,jean_dev,Developer,app-dev-01,Tunisia,36.8065,10.1815,SSH,2026-01-02 11:04:17,19.9,11,0,2,,0,0,none,0.258819045102521,-0.9659258262890682,0.2531914893617021,0.0085106382978723,0.19185172121656624,0
PAM-02082,sara_dba,DBA,prod-db-01,Tunisia,36.8065,10.1815,SSH,2026-01-02 12:05:35,85.6,12,0,25,,0,0,none,1.2246467991473532e-16,-1.0,0.339622641509434,0.0188679245283018,0.0012534825149709272,0
PAM-01907,jean_dev,Developer,app-dev-01,Tunisia,36.8065,10.1815,SSH,2026-01-02 12:34:26,14.0,12,0,2,,0,0,none,1.2246467991473532e-16,-1.0,0.2531914893617021,0.0085106382978723,0.17410355234773112,0
PAM-00893,sara_dba,DBA,backup-db,Tunisia,36.8065,10.1815,SSH,2026-01-02 13:38:42,15.9,13,0,1,,0,0,none,-0.2588190451025208,-0.9659258262890684,0.740041928721174,0.0188679245283018,0.13363592211534459,0
PAM-00878,sara_dba,DBA,prod-db-01,Tunisia,36.8065,10.1815,SSH,2026-01-02 13:42:06,19.7,13,0,6,,0,0,none,-0.2588190451025208,-0.9659258262890684,0.339622641509434,0.0188679245283018,0.16761350461170527,0
PAM-00938,sara_dba,DBA,backup-db,Tunisia,36.8065,10.1815,SSH,2026-01-02 14:01:10,16.7,14,0,6,,0,0,none,-0.4999999999999997,-0.8660254037844388,0.740041928721174,0.0188679245283018,0.15208604436443623,0
PAM-00559,crypto_bot,Service Account,backup-db,Tunisia,36.8065,10.1815,SSH,2026-01-03 01:21:51,12.4,1,1,4,,0,0,none,0.2588190451025207,0.9659258262890684,0.0106870229007633,0.0030534351145038,0.03628681426055014,0
PAM-00221,crypto_bot,Service Account,backup-db,Tunisia,36.8065,10.1815,SSH,2026-01-03 02:28:36,17.6,2,1,8,,0,0,none,0.4999999999999999,0.8660254037844387,0.0106870229007633,0.0030534351145038,0.12344854721731657,0
PAM-00643,crypto_bot,Service Account,backup-db,Tunisia,36.8065,10.1815,SSH,2026-01-04 02:22:48,14.2,2,1,4,,0,0,none,0.4999999999999999,0.8660254037844387,0.0106870229007633,0.0030534351145038,0.1337248484259997,0
PAM-00287,crypto_bot,Service Account,backup-db,Russia,55.7558,37.6173,SSH,2026-01-04 02:34:05,26.5,2,1,4,,0,1,unusual_country,0.4999999999999999,0.8660254037844387,0.0106870229007633,0.998473282442748,-0.026367117205140178,1
PAM-01420,crypto_bot,Service Account,backup-db,Tunisia,36.8065,10.1815,SSH,2026-01-04 02:59:24,78.2,2,1,23,,0,0,none,0.4999999999999999,0.8660254037844387,0.0106870229007633,0.0030534351145038,-0.03466866683638492,1
PAM-01863,crypto_bot,Service Account,backup-db,Tunisia,36.8065,10.1815,SSH,2026-01-04 03:37:59,22.7,3,1,7,,0,0,none,0.7071067811865476,0.7071067811865476,0.0106870229007633,0.0030534351145038,0.04985998228346955,0
PAM-01761,crypto_bot,Service Account,backup-db,Tunisia,36.8065,10.1815,SSH,2026-01-05 02:25:27,30.9,2,0,10,,0,0,none,0.4999999999999999,0.8660254037844387,0.0106870229007633,0.0030534351145038,0.17722804719889473,0
PAM-01137,marc_netadmin,Network Admin,fw-edge-01,Tunisia,36.8065,10.1815,HTTPS,2026-01-05 08:14:22,17.7,8,0,1,,0,0,none,0.8660254037844387,-0.4999999999999998,0.5405405405405406,0.0103950103950103,0.16964685784609596,0
PAM-00874,sara_dba,DBA,prod-db-01,Tunisia,36.8065,10.1815,SSH,2026-01-05 08:26:20,53.0,8,0,10,,0,0,none,0.8660254037844387,-0.4999999999999998,0.339622641509434,0.0188679245283018,0.10004806981055175,0
PAM-01729,jean_dev,Developer,app-dev-01,Tunisia,36.8065,10.1815,SSH,2026-01-05 08:57:38,29.5,8,0,11,,0,0,none,0.8660254037844387,-0.4999999999999998,0.2531914893617021,0.0085106382978723,0.15287401255760452,0
PAM-01398,marc_netadmin,Network Admin,fw-edge-01,Tunisia,36.8065,10.1815,HTTPS,2026-01-05 09:24:38,40.1,9,0,12,,0,0,none,0.7071067811865476,-0.7071067811865475,0.5405405405405406,0.0103950103950103,0.1561871717122983,0
PAM-00458,marc_netadmin,Network Admin,fw-edge-02,Tunisia,36.8065,10.1815,HTTPS,2026-01-05 09:35:26,56.3,9,0,9,,0,0,none,0.7071067811865476,-0.7071067811865475,0.7006237006237006,0.0103950103950103,0.1343327087491208,0
PAM-01396,jean_dev,Developer,git-prod,Tunisia,36.8065,10.1815,SSH,2026-01-05 09:37:01,29.1,9,0,7,,0,0,none,0.7071067811865476,-0.7071067811865475,0.7851063829787234,0.0085106382978723,0.17275839500153095,0
PAM-01640,sara_dba,DBA,prod-db-01,Tunisia,36.8065,10.1815,SSH,2026-01-05 09:59:46,25.5,9,0,4,,0,0,none,0.7071067811865476,-0.7071067811865475,0.339622641509434,0.0188679245283018,0.15509626149071704,0
PAM-01903,marc_netadmin,Network Admin,switch-core-01,Tunisia,36.8065,10.1815,HTTPS,2026-01-05 10:18:03,21.0,10,0,2,,0,0,none,0.4999999999999999,-0.8660254037844387,0.7733887733887734,0.0103950103950103,0.18433182307135082,0
PAM-00820,sara_dba,DBA,prod-db-01,Tunisia,36.8065,10.1815,SSH,2026-01-05 10:31:53,18.8,10,0,6,,0,0,none,0.4999999999999999,-0.8660254037844387,0.339622641509434,0.0188679245283018,0.17261635998501074,0
PAM-00873,marc_netadmin,Network Admin,fw-edge-01,Tunisia,36.8065,10.1815,HTTPS,2026-01-05 10:41:40,39.5,10,0,9,,0,0,none,0.4999999999999999,-0.8660254037844387,0.5405405405405406,0.0103950103950103,0.16705885899397122,0
PAM-01551,sara_dba,DBA,backup-db,Tunisia,36.8065,10.1815,SSH,2026-01-05 12:13:40,31.8,12,0,12,,0,0,none,1.2246467991473532e-16,-1.0,0.740041928721174,0.0188679245283018,0.11581669640717107,0
PAM-01033,sara_dba,DBA,backup-db,Tunisia,36.8065,10.1815,SSH,2026-01-05 13:42:20,9.2,13,0,1,,0,0,none,-0.2588190451025208,-0.9659258262890684,0.740041928721174,0.0188679245283018,0.1321529655267027,0
PAM-01263,sara_dba,DBA,prod-db-01,Tunisia,36.8065,10.1815,SSH,2026-01-05 13:50:08,25.8,13,0,10,,0,0,none,-0.2588190451025208,-0.9659258262890684,0.339622641509434,0.0188679245283018,0.14353350798854486,0
PAM-00610,sara_dba,DBA,backup-db,Tunisia,36.8065,10.1815,SSH,2026-01-05 15:27:47,27.0,15,0,11,,0,0,none,-0.7071067811865471,-0.7071067811865479,0.740041928721174,0.0188679245283018,0.10608461422199345,0
PAM-01614,sara_dba,DBA,prod-db-01,Tunisia,36.8065,10.1815,SSH,2026-01-05 16:18:33,61.3,16,0,14,,0,0,none,-0.8660254037844385,-0.5000000000000004,0.339622641509434,0.0188679245283018,0.05246797982478102,0
PAM-01055,crypto_bot,Service Account,backup-db,Tunisia,36.8065,10.1815,SSH,2026-01-06 01:07:06,21.8,1,0,4,,0,0,none,0.2588190451025207,0.9659258262890684,0.0106870229007633,0.0030534351145038,0.12023170525404137,0
PAM-00370,crypto_bot,Service Account,backup-db,Tunisia,36.8065,10.1815,SSH,2026-01-06 01:30:22,8.5,1,0,3,,0,0,none,0.2588190451025207,0.9659258262890684,0.0106870229007633,0.0030534351145038,0.11002534495922428,0
PAM-01772,crypto_bot,Service Account,backup-db,Tunisia,36.8065,10.1815,SSH,2026-01-06 02:06:21,23.4,2,0,5,,0,0,none,0.4999999999999999,0.8660254037844387,0.0106870229007633,0.0030534351145038,0.19830600358691142,0
PAM-00384,crypto_bot,Service Account,backup-db,Tunisia,36.8065,10.1815,SSH,2026-01-06 02:10:34,19.4,2,0,6,,0,0,none,0.4999999999999999,0.8660254037844387,0.0106870229007633,0.0030534351145038,0.19860973918872388,0
PAM-01169,crypto_bot,Service Account,backup-db,Tunisia,36.8065,10.1815,SSH,2026-01-06 02:11:41,46.5,2,0,16,,0,0,none,0.4999999999999999,0.8660254037844387,0.0106870229007633,0.0030534351145038,0.13105600804571482,0
PAM-00239,crypto_bot,Service Account,backup-db,Tunisia,36.8065,10.1815,SSH,2026-01-06 02:35:54,20.7,2,0,7,,0,0,none,0.4999999999999999,0.8660254037844387,0.0106870229007633,0.0030534351145038,0.19442173979667704,0
PAM-01266,crypto_bot,Service Account,backup-db,Tunisia,36.8065,10.1815,SSH,2026-01-06 02:39:29,25.0,2,0,11,,0,0,none,0.4999999999999999,0.8660254037844387,0.0106870229007633,0.0030534351145038,0.16820635403712497,0
PAM-01702,crypto_bot,Service Account,backup-db,Tunisia,36.8065,10.1815,SSH,2026-01-06 03:10:54,21.1,3,0,6,,0,0,none,0.7071067811865476,0.7071067811865476,0.0106870229007633,0.0030534351145038,0.13998213352953992,0
PAM-00892,crypto_bot,Service Account,backup-db,Tunisia,36.8065,10.1815,SSH,2026-01-06 03:15:19,24.9,3,0,7,,0,0,none,0.7071067811865476,0.7071067811865476,0.0106870229007633,0.0030534351145038,0.13371198254612437,0
PAM-00987,marc_netadmin,Network Admin,fw-edge-01,Tunisia,36.8065,10.1815,HTTPS,2026-01-06 07:36:04,11.9,7,0,2,,0,0,none,0.9659258262890684,-0.2588190451025206,0.5405405405405406,0.0103950103950103,0.15238466261483075,0
PAM-01359,jean_dev,Developer,app-dev-01,Tunisia,36.8065,10.1815,SSH,2026-01-06 09:01:09,38.4,9,0,12,,0,0,none,0.7071067811865476,-0.7071067811865475,0.2531914893617021,0.0085106382978723,0.16074553146604004,0
PAM-01923,marc_netadmin,Network Admin,fw-edge-02,Tunisia,36.8065,10.1815,HTTPS,2026-01-06 09:23:16,26.3,9,0,4,,0,0,none,0.7071067811865476,-0.7071067811865475,0.7006237006237006,0.0103950103950103,0.18568385537370907,0
PAM-00595,marc_netadmin,Network Admin,switch-core-01,Tunisia,36.8065,10.1815,HTTPS,2026-01-06 09:35:23,18.5,9,0,2,,0,0,none,0.7071067811865476,-0.7071067811865475,0.7733887733887734,0.0103950103950103,0.18448233117840707,0
PAM-01620,marc_netadmin,Network Admin,fw-edge-02,Tunisia,36.8065,10.1815,HTTPS,2026-01-06 10:15:17,15.8,10,0,4,,0,0,none,0.4999999999999999,-0.8660254037844387,0.7006237006237006,0.0103950103950103,0.19336682927479065,0
PAM-01040,marc_netadmin,Network Admin,fw-edge-01,Tunisia,36.8065,10.1815,HTTPS,2026-01-06 10:16:30,67.9,10,0,17,,0,0,none,0.4999999999999999,-0.8660254037844387,0.5405405405405406,0.0103950103950103,0.09217309682217506,0
PAM-02020,jean_dev,Developer,git-prod,Tunisia,36.8065,10.1815,SSH,2026-01-06 10:30:24,43.0,10,0,14,,0,0,none,0.4999999999999999,-0.8660254037844387,0.7851063829787234,0.0085106382978723,0.12941184685032564,0
PAM-01662,sara_dba,DBA,prod-db-02,Tunisia,36.8065,10.1815,SSH,2026-01-06 11:16:30,40.5,11,0,5,,0,0,none,0.258819045102521,-0.9659258262890682,0.9224318658280922,0.0188679245283018,0.09898307837919068,0
PAM-00795,jean_dev,Developer,app-dev-01,Tunisia,36.8065,10.1815,SSH,2026-01-06 11:36:02,30.9,11,0,9,,0,0,none,0.258819045102521,-0.9659258262890682,0.2531914893617021,0.0085106382978723,0.18247659080744882,0
PAM-01289,jean_dev,Developer,app-dev-01,Tunisia,36.8065,10.1815,SSH,2026-01-06 11:37:05,15.9,11,0,8,,0,0,none,0.258819045102521,-0.9659258262890682,0.2531914893617021,0.0085106382978723,0.1845866812244203,0
PAM-01275,jean_dev,Developer,app-dev-01,Tunisia,36.8065,10.1815,SSH,2026-01-06 12:49:14,24.8,12,0,4,,0,0,none,1.2246467991473532e-16,-1.0,0.2531914893617021,0.0085106382978723,0.17692848955019158,0
PAM-01037,sara_dba,DBA,backup-db,Tunisia,36.8065,10.1815,SSH,2026-01-06 15:10:01,8.5,15,0,3,,0,0,none,-0.7071067811865471,-0.7071067811865479,0.740041928721174,0.0188679245283018,0.12541811359133642,0
PAM-01079,sara_dba,DBA,prod-db-02,Tunisia,36.8065,10.1815,SSH,2026-01-06 18:12:43,12.6,18,0,1,,0,0,none,-1.0,-1.8369701987210294e-16,0.9224318658280922,0.0188679245283018,0.021130847388703744,0
PAM-01763,sara_dba,DBA,prod-db-01,Tunisia,36.8065,10.1815,SSH,2026-01-06 18:14:47,25.7,18,0,7,,0,0,none,-1.0,-1.8369701987210294e-16,0.339622641509434,0.0188679245283018,0.08173569324854169,0
PAM-01262,crypto_bot,Service Account,backup-db,Tunisia,36.8065,10.1815,SSH,2026-01-07 02:28:08,19.1,2,0,3,,0,0,none,0.4999999999999999,0.8660254037844387,0.0106870229007633,0.0030534351145038,0.19785571861693702,0
PAM-01708,crypto_bot,Service Account,backup-db,Tunisia,36.8065,10.1815,SSH,2026-01-07 02:42:31,8.2,2,0,1,,0,0,none,0.4999999999999999,0.8660254037844387,0.0106870229007633,0.0030534351145038,0.17482798493896073,0
PAM-00733,crypto_bot,Service Account,backup-db,Tunisia,36.8065,10.1815,SSH,2026-01-07 02:47:16,15.7,2,0,6,,0,0,none,0.4999999999999999,0.8660254037844387,0.0106870229007633,0.0030534351145038,0.19483706275655993,0
PAM-01954,marc_netadmin,Network Admin,fw-edge-02,Tunisia,36.8065,10.1815,HTTPS,2026-01-07 05:24:12,23.2,5,0,4,,0,0,none,0.9659258262890684,0.2588190451025207,0.7006237006237006,0.0103950103950103,0.12082766944917211,0
PAM-01335,jean_dev,Developer,app-dev-01,Tunisia,36.8065,10.1815,SSH,2026-01-07 08:38:09,12.7,8,0,1,rm -rf,1,0,none,0.8660254037844387,-0.4999999999999998,0.2531914893617021,0.0085106382978723,-0.0010057561397199821,1
PAM-00086,jean_dev,Developer,git-prod,Tunisia,36.8065,10.1815,SSH,2026-01-07 08:52:16,30.3,8,0,6,,0,0,none,0.8660254037844387,-0.4999999999999998,0.7851063829787234,0.0085106382978723,0.1634820663805252,0
PAM-00100,jean_dev,Developer,app-dev-01,Tunisia,36.8065,10.1815,SSH,2026-01-07 09:33:28,27.3,9,0,3,shutdown -h now,1,0,none,0.7071067811865476,-0.7071067811865475,0.2531914893617021,0.0085106382978723,0.008098268958784849,0
PAM-00650,marc_netadmin,Network Admin,fw-edge-01,Tunisia,36.8065,10.1815,HTTPS,2026-01-07 09:40:25,32.9,9,0,9,,0,0,none,0.7071067811865476,-0.7071067811865475,0.5405405405405406,0.0103950103950103,0.17756059152660736,0
PAM-00323,marc_netadmin,Network Admin,fw-edge-01,Tunisia,36.8065,10.1815,HTTPS,2026-01-07 09:58:56,37.0,9,0,9,,0,0,none,0.7071067811865476,-0.7071067811865475,0.5405405405405406,0.0103950103950103,0.1738051044351669,0
PAM-01412,marc_netadmin,Network Admin,fw-edge-01,Tunisia,36.8065,10.1815,HTTPS,2026-01-07 11:03:02,6.1,11,0,1,,0,0,none,0.258819045102521,-0.9659258262890682,0.5405405405405406,0.0103950103950103,0.16049609497388317,0
PAM-00103,marc_netadmin,Network Admin,fw-edge-02,Tunisia,36.8065,10.1815,HTTPS,2026-01-07 11:16:33,10.5,11,0,3,,0,0,none,0.258819045102521,-0.9659258262890682,0.7006237006237006,0.0103950103950103,0.18186744467449512,0
PAM-00766,jean_dev,Developer,git-prod,Tunisia,36.8065,10.1815,SSH,2026-01-07 11:55:28,27.0,11,0,6,,0,0,none,0.258819045102521,-0.9659258262890682,0.7851063829787234,0.0085106382978723,0.17748507468846036,0
PAM-01362,marc_netadmin,Network Admin,switch-core-01,Tunisia,36.8065,10.1815,HTTPS,2026-01-07 13:30:07,29.3,13,0,5,,0,0,none,-0.2588190451025208,-0.9659258262890684,0.7733887733887734,0.0103950103950103,0.14446820461060805,0
PAM-00335,sara_dba,DBA,prod-db-01,Tunisia,36.8065,10.1815,SSH,2026-01-07 15:24:49,42.6,15,0,8,,0,0,none,-0.7071067811865471,-0.7071067811865479,0.339622641509434,0.0188679245283018,0.11268758287433578,0
PAM-00995,crypto_bot,Service Account,backup-db,Tunisia,36.8065,10.1815,SSH,2026-01-08 02:10:43,37.7,2,0,10,,0,0,none,0.4999999999999999,0.8660254037844387,0.0106870229007633,0.0030534351145038,0.16837645546324742,0
PAM-00737,crypto_bot,Service Account,backup-db,Tunisia,36.8065,10.1815,SSH,2026-01-08 02:28:51,7.3,2,0,3,chmod 777,1,0,none,0.4999999999999999,0.8660254037844387,0.0106870229007633,0.0030534351145038,0.0031621859874386704,0
PAM-00429,crypto_bot,Service Account,backup-db,Tunisia,36.8065,10.1815,SSH,2026-01-08 02:50:55,6.2,2,0,2,,0,0,none,0.4999999999999999,0.8660254037844387,0.0106870229007633,0.0030534351145038,0.17536277547982632,0
PAM-00211,crypto_bot,Service Account,backup-db,Tunisia,36.8065,10.1815,SSH,2026-01-08 02:52:31,69.5,2,0,28,rm -rf,1,0,none,0.4999999999999999,0.8660254037844387,0.0106870229007633,0.0030534351145038,-0.07481530099468514,1
PAM-01172,marc_netadmin,Network Admin,fw-edge-02,Tunisia,36.8065,10.1815,HTTPS,2026-01-08 07:44:33,36.0,7,0,14,,0,0,none,0.9659258262890684,-0.2588190451025206,0.7006237006237006,0.0103950103950103,0.11029757733328593,0
PAM-00162,jean_dev,Developer,app-dev-01,Tunisia,36.8065,10.1815,SSH,2026-01-08 08:01:42,53.4,8,0,16,,0,0,none,0.8660254037844387,-0.4999999999999998,0.2531914893617021,0.0085106382978723,0.09940015688782056,0
PAM-01680,marc_netadmin,Network Admin,app-staging,Tunisia,36.8065,10.1815,HTTPS,2026-01-08 08:38:07,21.7,8,0,3,,0,1,unusual_asset,0.8660254037844387,-0.4999999999999998,0.9937629937629936,0.0103950103950103,0.11926838141294072,0
PAM-00059,jean_dev,Developer,git-prod,Tunisia,36.8065,10.1815,SSH,2026-01-08 09:12:33,49.3,9,0,12,,0,0,none,0.7071067811865476,-0.7071067811865475,0.7851063829787234,0.0085106382978723,0.13153938291044065,0
PAM-01932,marc_netadmin,Network Admin,fw-edge-01,Tunisia,36.8065,10.1815,HTTPS,2026-01-08 09:23:44,16.3,9,0,1,,0,0,none,0.7071067811865476,-0.7071067811865475,0.5405405405405406,0.0103950103950103,0.17728318109827185,0
PAM-01501,marc_netadmin,Network Admin,fw-edge-01,Tunisia,36.8065,10.1815,HTTPS,2026-01-08 09:27:48,5.7,9,0,1,,0,0,none,0.7071067811865476,-0.7071067811865475,0.5405405405405406,0.0103950103950103,0.16018309472731773,0
PAM-00550,jean_dev,Developer,app-dev-01,Tunisia,36.8065,10.1815,SSH,2026-01-08 09:44:02,32.3,9,0,2,,0,0,none,0.7071067811865476,-0.7071067811865475,0.2531914893617021,0.0085106382978723,0.17689929436024993,0
PAM-01968,marc_netadmin,Network Admin,fw-edge-02,Tunisia,36.8065,10.1815,HTTPS,2026-01-08 10:05:38,17.3,10,0,5,,0,0,none,0.4999999999999999,-0.8660254037844387,0.7006237006237006,0.0103950103950103,0.19373847287767382,0
PAM-01720,marc_netadmin,Network Admin,fw-edge-02,Tunisia,36.8065,10.1815,HTTPS,2026-01-08 10:24:50,15.1,10,0,4,,0,0,none,0.4999999999999999,-0.8660254037844387,0.7006237006237006,0.0103950103950103,0.19363136358061467,0
PAM-00090,jean_dev,Developer,app-dev-01,Tunisia,36.8065,10.1815,SSH,2026-01-08 10:26:28,41.1,10,0,14,,0,0,none,0.4999999999999999,-0.8660254037844387,0.2531914893617021,0.0085106382978723,0.15423710169873905,0
PAM-00404,jean_dev,Developer,git-prod,Tunisia,36.8065,10.1815,SSH,2026-01-08 10:33:10,7.1,10,0,3,,0,0,none,0.4999999999999999,-0.8660254037844387,0.7851063829787234,0.0085106382978723,0.16635345922530564,0
PAM-01393,jean_dev,Developer,app-dev-01,Tunisia,36.8065,10.1815,SSH,2026-01-08 10:51:07,31.4,10,0,9,,0,0,none,0.4999999999999999,-0.8660254037844387,0.2531914893617021,0.0085106382978723,0.18334374343487447,0
PAM-01718,marc_netadmin,Network Admin,fw-edge-02,Tunisia,36.8065,10.1815,HTTPS,2026-01-08 11:13:37,27.0,11,0,6,,0,0,none,0.258819045102521,-0.9659258262890682,0.7006237006237006,0.0103950103950103,0.18431088961283537,0
PAM-00852,marc_netadmin,Network Admin,fw-edge-02,Tunisia,36.8065,10.1815,HTTPS,2026-01-08 11:21:56,18.6,11,0,3,,0,0,none,0.258819045102521,-0.9659258262890682,0.7006237006237006,0.0103950103950103,0.1861155821741915,0
PAM-01059,sara_dba,DBA,prod-db-01,Tunisia,36.8065,10.1815,SSH,2026-01-08 12:47:03,9.3,12,0,2,,0,0,none,1.2246467991473532e-16,-1.0,0.339622641509434,0.0188679245283018,0.16154003843913073,0
PAM-00638,sara_dba,DBA,prod-db-01,Tunisia,36.8065,10.1815,SSH,2026-01-08 13:19:13,24.8,13,0,5,,0,0,none,-0.2588190451025208,-0.9659258262890684,0.339622641509434,0.0188679245283018,0.1685594452761528,0
PAM-00401,sara_dba,DBA,backup-db,Tunisia,36.8065,10.1815,SSH,2026-01-08 14:00:18,23.6,14,0,10,,0,0,none,-0.4999999999999997,-0.8660254037844388,0.740041928721174,0.0188679245283018,0.13041675993591895,0
PAM-00628,sara_dba,DBA,prod-db-01,Tunisia,36.8065,10.1815,SSH,2026-01-08 14:41:46,33.8,14,0,5,,0,0,none,-0.4999999999999997,-0.8660254037844388,0.339622641509434,0.0188679245283018,0.15267752335925067,0
PAM-00627,sara_dba,DBA,prod-db-01,Tunisia,36.8065,10.1815,SSH,2026-01-08 17:35:51,36.0,17,0,8,,0,0,none,-0.9659258262890684,-0.2588190451025206,0.339622641509434,0.0188679245283018,0.09362996989174044,0
PAM-00210,crypto_bot,Service Account,backup-db,Tunisia,36.8065,10.1815,SSH,2026-01-09 01:47:18,19.9,1,0,3,,0,0,none,0.2588190451025207,0.9659258262890684,0.0106870229007633,0.0030534351145038,0.11874046791760606,0
PAM-00977,crypto_bot,Service Account,backup-db,Tunisia,36.8065,10.1815,SSH,2026-01-09 02:09:10,17.1,2,0,9,,0,0,none,0.4999999999999999,0.8660254037844387,0.0106870229007633,0.0030534351145038,0.1762773043836921,0
PAM-00617,crypto_bot,Service Account,backup-db,Tunisia,36.8065,10.1815,SSH,2026-01-09 02:09:23,21.7,2,0,7,,0,0,none,0.4999999999999999,0.8660254037844387,0.0106870229007633,0.0030534351145038,0.1961945294787668,0
PAM-00742,crypto_bot,Service Account,backup-db,Tunisia,36.8065,10.1815,SSH,2026-01-09 02:14:10,9.6,2,0,1,,0,0,none,0.4999999999999999,0.8660254037844387,0.0106870229007633,0.0030534351145038,0.1790955181851514,0
PAM-00139,crypto_bot,Service Account,backup-db,Tunisia,36.8065,10.1815,SSH,2026-01-09 02:29:46,30.7,2,0,8,,0,0,none,0.4999999999999999,0.8660254037844387,0.0106870229007633,0.0030534351145038,0.1878771640426033,0
PAM-00314,crypto_bot,Service Account,backup-db,Tunisia,36.8065,10.1815,SSH,2026-01-09 02:38:51,34.6,2,0,9,,0,0,none,0.4999999999999999,0.8660254037844387,0.0106870229007633,0.0030534351145038,0.17392782521613043,0
PAM-01605,crypto_bot,Service Account,backup-db,Tunisia,36.8065,10.1815,SSH,2026-01-09 02:44:48,33.5,2,0,10,,0,0,none,0.4999999999999999,0.8660254037844387,0.0106870229007633,0.0030534351145038,0.1727948236197997,0
PAM-02047,crypto_bot,Service Account,backup-db,Tunisia,36.8065,10.1815,SSH,2026-01-09 02:53:54,25.4,2,0,9,,0,0,none,0.4999999999999999,0.8660254037844387,0.0106870229007633,0.0030534351145038,0.1818785841622601,0
PAM-00555,crypto_bot,Service Account,backup-db,Tunisia,36.8065,10.1815,SSH,2026-01-09 02:59:39,24.6,2,0,6,,0,0,none,0.4999999999999999,0.8660254037844387,0.0106870229007633,0.0030534351145038,0.1970541898158381,0
PAM-00101,marc_netadmin,Network Admin,fw-edge-01,Tunisia,36.8065,10.1815,HTTPS,2026-01-09 07:15:33,12.0,7,0,3,,0,0,none,0.9659258262890684,-0.2588190451025206,0.5405405405405406,0.0103950103950103,0.15305068693064344,0
PAM-00112,marc_netadmin,Network Admin,fw-edge-01,Tunisia,36.8065,10.1815,HTTPS,2026-01-09 08:10:36,18.2,8,0,6,,0,0,none,0.8660254037844387,-0.4999999999999998,0.5405405405405406,0.0103950103950103,0.18204195685485308,0
PAM-00337,sara_dba,DBA,backup-db,Tunisia,36.8065,10.1815,SSH,2026-01-09 08:45:33,29.3,8,0,9,,0,0,none,0.8660254037844387,-0.4999999999999998,0.740041928721174,0.0188679245283018,0.13246383586135457,0
PAM-00544,marc_netadmin,Network Admin,fw-edge-02,Tunisia,36.8065,10.1815,HTTPS,2026-01-09 08:47:53,31.7,8,0,11,,0,0,none,0.8660254037844387,-0.4999999999999998,0.7006237006237006,0.0103950103950103,0.14955923780638725,0
PAM-00551,jean_dev,Developer,app-dev-01,Tunisia,36.8065,10.1815,SSH,2026-01-09 09:09:19,9.7,9,0,2,,0,0,none,0.7071067811865476,-0.7071067811865475,0.2531914893617021,0.0085106382978723,0.1820749387073558,0
PAM-01658,jean_dev,Developer,app-dev-01,Tunisia,36.8065,10.1815,SSH,2026-01-09 10:05:33,30.7,10,0,5,,0,0,none,0.4999999999999999,-0.8660254037844387,0.2531914893617021,0.0085106382978723,0.1924763139086807,0
PAM-01048,jean_dev,Developer,app-dev-01,Tunisia,36.8065,10.1815,SSH,2026-01-09 10:22:23,4.6,10,0,1,,0,0,none,0.4999999999999999,-0.8660254037844387,0.2531914893617021,0.0085106382978723,0.16704108490683045,0
PAM-00264,jean_dev,Developer,app-dev-01,Tunisia,36.8065,10.1815,SSH,2026-01-09 11:38:44,31.8,11,0,11,,0,0,none,0.258819045102521,-0.9659258262890682,0.2531914893617021,0.0085106382978723,0.17052478831254403,0
PAM-01023,sara_dba,DBA,prod-db-01,Tunisia,36.8065,10.1815,SSH,2026-01-09 12:25:51,18.9,12,0,5,,0,0,none,1.2246467991473532e-16,-1.0,0.339622641509434,0.0188679245283018,0.17220524744403004,0
PAM-00260,sara_dba,DBA,backup-db,Tunisia,36.8065,10.1815,SSH,2026-01-09 12:45:16,22.2,12,0,7,,0,0,none,1.2246467991473532e-16,-1.0,0.740041928721174,0.0188679245283018,0.15288256735812172,0
PAM-01058,sara_dba,DBA,prod-db-02,Russia,55.7558,37.6173,SSH,2026-01-09 14:52:43,52.1,14,0,11,,0,1,unusual_country,-0.4999999999999997,-0.8660254037844388,0.9224318658280922,0.9958071278825996,-0.05770141687121966,1
PAM-01978,sara_dba,DBA,prod-db-01,Tunisia,36.8065,10.1815,SSH,2026-01-09 20:16:02,11.1,20,0,1,,0,0,none,-0.8660254037844386,0.5000000000000001,0.339622641509434,0.0188679245283018,0.05061932583643336,0
PAM-00030,crypto_bot,Service Account,backup-db,Tunisia,36.8065,10.1815,SSH,2026-01-10 01:01:00,47.9,1,1,9,,0,0,none,0.2588190451025207,0.9659258262890684,0.0106870229007633,0.0030534351145038,0.0067232594067279106,0
PAM-01353,crypto_bot,Service Account,backup-db,Tunisia,36.8065,10.1815,SSH,2026-01-10 02:45:38,42.3,2,1,13,,0,0,none,0.4999999999999999,0.8660254037844387,0.0106870229007633,0.0030534351145038,0.07765388387101058,0
PAM-01874,crypto_bot,Service Account,backup-db,Tunisia,36.8065,10.1815,SSH,2026-01-10 02:50:59,16.0,2,1,4,,0,0,none,0.4999999999999999,0.8660254037844387,0.0106870229007633,0.0030534351145038,0.13560974455578445,0
PAM-01224,crypto_bot,Service Account,backup-db,Tunisia,36.8065,10.1815,SSH,2026-01-10 02:57:31,34.9,2,1,5,,0,0,none,0.4999999999999999,0.8660254037844387,0.0106870229007633,0.0030534351145038,0.11629204465247278,0
PAM-00482,crypto_bot,Service Account,backup-db,Tunisia,36.8065,10.1815,SSH,2026-01-10 03:40:08,19.2,3,1,3,,0,0,none,0.7071067811865476,0.7071067811865476,0.0106870229007633,0.0030534351145038,0.046966470458285725,0
PAM-01841,marc_netadmin,Network Admin,fw-edge-01,Tunisia,36.8065,10.1815,HTTPS,2026-01-10 07:49:55,35.8,7,1,13,DELETE FROM users,1,1,sensitive_command,0.9659258262890684,-0.2588190451025206,0.5405405405405406,0.0103950103950103,-0.10441360857885995,1
PAM-00930,crypto_bot,Service Account,backup-db,Tunisia,36.8065,10.1815,SSH,2026-01-11 01:06:34,8.8,1,1,3,,0,0,none,0.2588190451025207,0.9659258262890684,0.0106870229007633,0.0030534351145038,0.02535123564582331,0
PAM-01911,crypto_bot,Service Account,backup-db,Tunisia,36.8065,10.1815,SSH,2026-01-11 01:15:09,57.5,1,1,14,,0,0,none,0.2588190451025207,0.9659258262890684,0.0106870229007633,0.0030534351145038,-0.02876177431409621,1
PAM-00612,crypto_bot,Service Account,backup-db,Tunisia,36.8065,10.1815,SSH,2026-01-11 02:00:06,35.4,2,1,13,,0,0,none,0.4999999999999999,0.8660254037844387,0.0106870229007633,0.0030534351145038,0.08421096307136433,0
PAM-00953,crypto_bot,Service Account,backup-db,Tunisia,36.8065,10.1815,SSH,2026-01-11 02:55:19,18.5,2,1,7,TRUNCATE TABLE,1,0,none,0.4999999999999999,0.8660254037844387,0.0106870229007633,0.0030534351145038,-0.009255604898743885,1
PAM-00398,marc_netadmin,Network Admin,fw-edge-02,Tunisia,36.8065,10.1815,HTTPS,2026-01-12 04:50:03,17.6,4,0,4,,0,0,none,0.8660254037844386,0.5000000000000001,0.7006237006237006,0.0103950103950103,0.11105558674708721,0
PAM-01899,marc_netadmin,Network Admin,fw-edge-01,Tunisia,36.8065,10.1815,HTTPS,2026-01-12 07:07:17,5.8,7,0,1,,0,0,none,0.9659258262890684,-0.2588190451025206,0.5405405405405406,0.0103950103950103,0.12699061983401777,0
PAM-01101,marc_netadmin,Network Admin,fw-edge-02,Tunisia,36.8065,10.1815,HTTPS,2026-01-12 08:04:41,11.2,8,0,1,,0,0,none,0.8660254037844387,-0.4999999999999998,0.7006237006237006,0.0103950103950103,0.16448674138587233,0
PAM-00634,marc_netadmin,Network Admin,fw-edge-01,Tunisia,36.8065,10.1815,HTTPS,2026-01-12 08:28:21,30.1,8,0,5,,0,0,none,0.8660254037844387,-0.4999999999999998,0.5405405405405406,0.0103950103950103,0.17990690553048388,0
PAM-00098,marc_netadmin,Network Admin,fw-edge-02,Tunisia,36.8065,10.1815,HTTPS,2026-01-12 08:32:43,11.3,8,0,6,,0,0,none,0.8660254037844387,-0.4999999999999998,0.7006237006237006,0.0103950103950103,0.17323090707806071,0
PAM-00701,sara_dba,DBA,backup-db,Tunisia,36.8065,10.1815,SSH,2026-01-12 09:01:02,17.4,9,0,4,,0,0,none,0.7071067811865476,-0.7071067811865475,0.740041928721174,0.0188679245283018,0.1627782837101171,0
PAM-00660,jean_dev,Developer,app-dev-01,Tunisia,36.8065,10.1815,SSH,2026-01-12 10:33:37,21.4,10,0,12,,0,0,none,0.4999999999999999,-0.8660254037844387,0.2531914893617021,0.0085106382978723,0.16746965171134487,0
PAM-00280,jean_dev,Developer,app-dev-01,Tunisia,36.8065,10.1815,SSH,2026-01-12 11:09:46,70.8,11,0,16,,0,0,none,0.258819045102521,-0.9659258262890682,0.2531914893617021,0.0085106382978723,0.08512561249268374,0
PAM-00070,sara_dba,DBA,prod-db-01,Tunisia,36.8065,10.1815,SSH,2026-01-12 11:56:49,7.5,11,0,1,,0,0,none,0.258819045102521,-0.9659258262890682,0.339622641509434,0.0188679245283018,0.15452995595018282,0
PAM-00752,sara_dba,DBA,backup-db,Tunisia,36.8065,10.1815,SSH,2026-01-12 13:40:24,32.3,13,0,10,,0,0,none,-0.2588190451025208,-0.9659258262890684,0.740041928721174,0.0188679245283018,0.125614237758641,0
PAM-00784,sara_dba,DBA,backup-db,Tunisia,36.8065,10.1815,SSH,2026-01-12 13:41:59,17.8,13,0,3,,0,0,none,-0.2588190451025208,-0.9659258262890684,0.740041928721174,0.0188679245283018,0.1531032586712618,0
PAM-00281,sara_dba,DBA,prod-db-01,Tunisia,36.8065,10.1815,SSH,2026-01-12 14:23:58,51.7,14,0,9,,0,0,none,-0.4999999999999997,-0.8660254037844388,0.339622641509434,0.0188679245283018,0.11351158221463448,0
PAM-01016,sara_dba,DBA,backup-db,Tunisia,36.8065,10.1815,SSH,2026-01-12 15:49:09,19.5,15,0,3,,0,0,none,-0.7071067811865471,-0.7071067811865479,0.740041928721174,0.0188679245283018,0.13579692670067778,0
PAM-01798,crypto_bot,Service Account,backup-db,Tunisia,36.8065,10.1815,SSH,2026-01-13 01:46:07,9.6,1,0,3,,0,0,none,0.2588190451025207,0.9659258262890684,0.0106870229007633,0.0030534351145038,0.11357641150451869,0
PAM-00027,crypto_bot,Service Account,backup-db,Tunisia,36.8065,10.1815,SSH,2026-01-13 01:57:56,13.5,1,0,3,,0,0,none,0.2588190451025207,0.9659258262890684,0.0106870229007633,0.0030534351145038,0.12217995342303367,0
PAM-00859,crypto_bot,Service Account,backup-db,Tunisia,36.8065,10.1815,SSH,2026-01-13 02:16:49,23.9,2,0,4,,0,0,none,0.4999999999999999,0.8660254037844387,0.0106870229007633,0.0030534351145038,0.19777857153270634,0
PAM-00085,crypto_bot,Service Account,backup-db,Tunisia,36.8065,10.1815,SSH,2026-01-13 02:17:39,31.5,2,0,8,,0,0,none,0.4999999999999999,0.8660254037844387,0.0106870229007633,0.0030534351145038,0.1848519062840091,0
PAM-01442,crypto_bot,Service Account,backup-db,Tunisia,36.8065,10.1815,SSH,2026-01-13 03:53:23,16.9,3,0,5,,0,0,none,0.7071067811865476,0.7071067811865476,0.0106870229007633,0.0030534351145038,0.14353866853515818,0
PAM-00016,marc_netadmin,Network Admin,fw-edge-01,Tunisia,36.8065,10.1815,HTTPS,2026-01-13 06:48:30,12.8,6,0,3,,0,0,none,1.0,6.123233995736766e-17,0.5405405405405406,0.0103950103950103,0.13440423770215326,0
PAM-01652,marc_netadmin,Network Admin,switch-core-01,Tunisia,36.8065,10.1815,HTTPS,2026-01-13 08:05:31,40.4,8,0,15,,0,0,none,0.8660254037844387,-0.4999999999999998,0.7733887733887734,0.0103950103950103,0.11833608167653431,0
PAM-01296,jean_dev,Developer,git-prod,Tunisia,36.8065,10.1815,SSH,2026-01-13 08:56:22,25.4,8,0,8,,0,0,none,0.8660254037844387,-0.4999999999999998,0.7851063829787234,0.0085106382978723,0.15735192153024247,0
PAM-00664,jean_dev,Developer,app-dev-01,Tunisia,36.8065,10.1815,SSH,2026-01-13 10:10:00,25.8,10,0,7,,0,0,none,0.4999999999999999,-0.8660254037844387,0.2531914893617021,0.0085106382978723,0.1913557875003971,0
PAM-01852,jean_dev,Developer,app-dev-01,Tunisia,36.8065,10.1815,SSH,2026-01-13 10:30:48,27.1,10,0,6,,0,0,none,0.4999999999999999,-0.8660254037844387,0.2531914893617021,0.0085106382978723,0.19481950954192429,0
PAM-00282,jean_dev,Developer,git-prod,Tunisia,36.8065,10.1815,SSH,2026-01-13 11:26:48,32.3,11,0,6,,0,0,none,0.258819045102521,-0.9659258262890682,0.7851063829787234,0.0085106382978723,0.16940685621383123,0
PAM-00372,sara_dba,DBA,prod-db-01,Tunisia,36.8065,10.1815,SSH,2026-01-13 19:20:30,14.5,19,0,3,,0,0,none,-0.9659258262890684,0.2588190451025203,0.339622641509434,0.0188679245283018,0.07778728507619348,0
PAM-01629,crypto_bot,Service Account,backup-db,Tunisia,36.8065,10.1815,SSH,2026-01-14 02:21:51,7.2,2,0,2,,0,0,none,0.4999999999999999,0.8660254037844387,0.0106870229007633,0.0030534351145038,0.17913108432723768,0
PAM-00681,marc_netadmin,Network Admin,switch-core-01,Tunisia,36.8065,10.1815,HTTPS,2026-01-14 08:02:02,18.4,8,0,7,,0,0,none,0.8660254037844387,-0.4999999999999998,0.7733887733887734,0.0103950103950103,0.17119509869898614,0
PAM-01182,marc_netadmin,Network Admin,fw-edge-02,Tunisia,36.8065,10.1815,HTTPS,2026-01-14 08:30:17,14.0,8,0,2,,0,0,none,0.8660254037844387,-0.4999999999999998,0.7006237006237006,0.0103950103950103,0.18003288814341384,0
PAM-01938,jean_dev,Developer,app-dev-01,Tunisia,36.8065,10.1815,SSH,2026-01-14 09:32:19,9.2,9,0,3,,0,0,none,0.7071067811865476,-0.7071067811865475,0.2531914893617021,0.0085106382978723,0.18266246958795324,0
PAM-02042,marc_netadmin,Network Admin,fw-edge-01,Tunisia,36.8065,10.1815,HTTPS,2026-01-14 10:16:39,30.2,10,0,4,,0,0,none,0.4999999999999999,-0.8660254037844387,0.5405405405405406,0.0103950103950103,0.18654674301841212,0
PAM-00666,marc_netadmin,Network Admin,fw-edge-01,Tunisia,36.8065,10.1815,HTTPS,2026-01-14 10:30:27,46.2,10,0,9,,0,0,none,0.4999999999999999,-0.8660254037844387,0.5405405405405406,0.0103950103950103,0.15558433039829195,0
PAM-00626,jean_dev,Developer,app-dev-01,Tunisia,36.8065,10.1815,SSH,2026-01-14 11:31:52,43.7,11,0,15,,0,0,none,0.258819045102521,-0.9659258262890682,0.2531914893617021,0.0085106382978723,0.13736271369366848,0
PAM-01151,marc_netadmin,Network Admin,switch-core-01,Tunisia,36.8065,10.1815,HTTPS,2026-01-14 13:40:37,33.5,13,0,5,,0,0,none,-0.2588190451025208,-0.9659258262890684,0.7733887733887734,0.0103950103950103,0.1348680657805632,0
PAM-01439,sara_dba,DBA,prod-db-01,Tunisia,36.8065,10.1815,SSH,2026-01-14 16:28:44,16.3,16,0,2,,0,0,none,-0.8660254037844385,-0.5000000000000004,0.339622641509434,0.0188679245283018,0.12941227529424904,0
PAM-00014,crypto_bot,Service Account,backup-db,Tunisia,36.8065,10.1815,SSH,2026-01-15 02:24:25,5.0,2,0,1,DELETE FROM users,1,0,none,0.4999999999999999,0.8660254037844387,0.0106870229007633,0.0030534351145038,-0.01191125640342705,1
PAM-01516,marc_netadmin,Network Admin,switch-core-01,Tunisia,36.8065,10.1815,HTTPS,2026-01-15 07:55:31,14.0,7,0,2,,0,0,none,0.9659258262890684,-0.2588190451025206,0.7733887733887734,0.0103950103950103,0.15063000672579246,0
PAM-00815,jean_dev,Developer,git-prod,Tunisia,36.8065,10.1815,SSH,2026-01-15 08:02:24,33.4,8,0,11,,0,0,none,0.8660254037844387,-0.4999999999999998,0.7851063829787234,0.0085106382978723,0.1403638961031018,0
PAM-00864,marc_netadmin,Network Admin,switch-core-01,Tunisia,36.8065,10.1815,HTTPS,2026-01-15 09:20:30,12.4,9,0,5,,0,0,none,0.7071067811865476,-0.7071067811865475,0.7733887733887734,0.0103950103950103,0.1830449817552537,0
PAM-01102,jean_dev,Developer,app-dev-01,Tunisia,36.8065,10.1815,SSH,2026-01-15 09:57:29,9.3,9,0,1,,0,0,none,0.7071067811865476,-0.7071067811865475,0.2531914893617021,0.0085106382978723,0.1713951908111932,0
PAM-01561,jean_dev,Developer,app-dev-01,Tunisia,36.8065,10.1815,SSH,2026-01-15 11:17:47,22.8,11,0,5,,0,0,none,0.258819045102521,-0.9659258262890682,0.2531914893617021,0.0085106382978723,0.19361778987881512,0
PAM-01006,marc_netadmin,Network Admin,switch-core-01,Tunisia,36.8065,10.1815,HTTPS,2026-01-15 11:31:20,34.5,11,0,7,,0,0,none,0.258819045102521,-0.9659258262890682,0.7733887733887734,0.0103950103950103,0.1692760124424883,0
PAM-01611,sara_dba,DBA,prod-db-01,Tunisia,36.8065,10.1815,SSH,2026-01-15 11:31:49,9.1,11,0,1,,0,0,none,0.258819045102521,-0.9659258262890682,0.339622641509434,0.0188679245283018,0.15950602302250266,0
PAM-00740,sara_dba,DBA,prod-db-01,Tunisia,36.8065,10.1815,SSH,2026-01-15 12:45:11,36.1,12,0,13,,0,0,none,1.2246467991473532e-16,-1.0,0.339622641509434,0.0188679245283018,0.1262096163259962,0
PAM-00957,jean_dev,Developer,git-prod,Tunisia,36.8065,10.1815,SSH,2026-01-15 13:09:47,36.8,13,0,6,,0,0,none,-0.2588190451025208,-0.9659258262890684,0.7851063829787234,0.0085106382978723,0.12087085310111523,0
PAM-01390,sara_dba,DBA,prod-db-01,Tunisia,36.8065,10.1815,SSH,2026-01-15 15:28:15,35.5,15,0,10,,0,0,none,-0.7071067811865471,-0.7071067811865479,0.339622641509434,0.0188679245283018,0.12208836693217218,0
PAM-00102,sara_dba,DBA,prod-db-01,Tunisia,36.8065,10.1815,SSH,2026-01-15 16:24:13,13.4,16,0,4,,0,0,none,-0.8660254037844385,-0.5000000000000004,0.339622641509434,0.0188679245283018,0.1362502691726209,0
PAM-00074,crypto_bot,Service Account,backup-db,Tunisia,36.8065,10.1815,SSH,2026-01-16 01:36:18,22.6,1,0,4,,0,0,none,0.2588190451025207,0.9659258262890684,0.0106870229007633,0.0030534351145038,0.1201181673869246,0
PAM-01619,crypto_bot,Service Account,backup-db,Tunisia,36.8065,10.1815,SSH,2026-01-16 02:05:44,12.6,2,0,1,,0,0,none,0.4999999999999999,0.8660254037844387,0.0106870229007633,0.0030534351145038,0.1810466898969159,0
PAM-00430,crypto_bot,Service Account,backup-db,Tunisia,36.8065,10.1815,SSH,2026-01-16 02:54:31,38.7,2,0,8,,0,0,none,0.4999999999999999,0.8660254037844387,0.0106870229007633,0.0030534351145038,0.17158104021096487,0
PAM-00246,marc_netadmin,Network Admin,fw-edge-02,Tunisia,36.8065,10.1815,HTTPS,2026-01-16 05:52:42,3.4,5,0,1,,0,0,none,0.9659258262890684,0.2588190451025207,0.7006237006237006,0.0103950103950103,0.08957952046523404,0
PAM-01877,marc_netadmin,Network Admin,fw-edge-01,Tunisia,36.8065,10.1815,HTTPS,2026-01-16 06:35:42,143.1,6,0,33,,0,0,none,1.0,6.123233995736766e-17,0.5405405405405406,0.0103950103950103,-0.04457439354468262,1
PAM-00193,marc_netadmin,Network Admin,fw-edge-01,Tunisia,36.8065,10.1815,HTTPS,2026-01-16 06:44:10,7.5,6,0,2,,0,0,none,1.0,6.123233995736766e-17,0.5405405405405406,0.0103950103950103,0.12529571847805343,0
PAM-00468,marc_netadmin,Network Admin,fw-edge-01,Tunisia,36.8065,10.1815,HTTPS,2026-01-16 09:37:12,9.1,9,0,2,,0,0,none,0.7071067811865476,-0.7071067811865475,0.5405405405405406,0.0103950103950103,0.1839944447945,0
PAM-00867,marc_netadmin,Network Admin,fw-edge-02,Tunisia,36.8065,10.1815,HTTPS,2026-01-16 10:12:06,34.7,10,0,11,,0,0,none,0.4999999999999999,-0.8660254037844387,0.7006237006237006,0.0103950103950103,0.1613993837892776,0
PAM-01830,jean_dev,Developer,app-dev-01,Tunisia,36.8065,10.1815,SSH,2026-01-16 10:15:30,44.4,10,0,5,,0,0,none,0.4999999999999999,-0.8660254037844387,0.2531914893617021,0.0085106382978723,0.1608567711206822,0
PAM-00136,marc_netadmin,Network Admin,switch-core-01,Tunisia,36.8065,10.1815,HTTPS,2026-01-16 11:08:58,22.8,11,0,5,DROP TABLE,1,0,none,0.258819045102521,-0.9659258262890682,0.7733887733887734,0.0103950103950103,0.012583543364330763,0
PAM-01891,marc_netadmin,Network Admin,fw-edge-01,Tunisia,36.8065,10.1815,HTTPS,2026-01-16 11:45:37,13.0,11,0,2,,0,0,none,0.258819045102521,-0.9659258262890682,0.5405405405405406,0.0103950103950103,0.18318918776848842,0
PAM-00661,jean_dev,Developer,app-dev-01,Tunisia,36.8065,10.1815,SSH,2026-01-16 11:55:03,37.1,11,0,11,,0,0,none,0.258819045102521,-0.9659258262890682,0.2531914893617021,0.0085106382978723,0.16760859733100558,0
PAM-00929,jean_dev,Developer,app-dev-01,Tunisia,36.8065,10.1815,SSH,2026-01-16 11:57:10,9.1,11,0,1,,0,0,none,0.258819045102521,-0.9659258262890682,0.2531914893617021,0.0085106382978723,0.1778076616484966,0
PAM-01304,jean_dev,Developer,app-dev-01,Tunisia,36.8065,10.1815,SSH,2026-01-16 12:38:44,37.4,12,0,6,,0,0,none,1.2246467991473532e-16,-1.0,0.2531914893617021,0.0085106382978723,0.15913702607362173,0
PAM-01478,marc_netadmin,Network Admin,fw-edge-01,Tunisia,36.8065,10.1815,HTTPS,2026-01-16 13:33:07,60.4,13,0,9,,0,0,none,-0.2588190451025208,-0.9659258262890684,0.5405405405405406,0.0103950103950103,0.09599447446840731,0
PAM-01470,sara_dba,DBA,prod-db-01,Tunisia,36.8065,10.1815,SSH,2026-01-16 15:55:41,30.0,15,0,6,,0,0,none,-0.7071067811865471,-0.7071067811865479,0.339622641509434,0.0188679245283018,0.14310913373985468,0
PAM-00602,crypto_bot,Service Account,backup-db,Tunisia,36.8065,10.1815,SSH,2026-01-17 02:18:44,62.8,2,1,14,,0,0,none,0.4999999999999999,0.8660254037844387,0.0106870229007633,0.0030534351145038,0.02029969888765981,0
PAM-00416,crypto_bot,Service Account,backup-db,Tunisia,36.8065,10.1815,SSH,2026-01-17 02:31:02,14.4,2,1,7,,0,0,none,0.4999999999999999,0.8660254037844387,0.0106870229007633,0.0030534351145038,0.12420218324280652,0
PAM-00131,crypto_bot,Service Account,backup-db,Tunisia,36.8065,10.1815,SSH,2026-01-17 02:34:33,57.4,2,1,19,,0,0,none,0.4999999999999999,0.8660254037844387,0.0106870229007633,0.0030534351145038,0.00815534465599732,0
PAM-01853,crypto_bot,Service Account,backup-db,Tunisia,36.8065,10.1815,SSH,2026-01-18 02:04:38,14.3,2,1,5,,0,0,none,0.4999999999999999,0.8660254037844387,0.0106870229007633,0.0030534351145038,0.13486937158213785,0
PAM-00912,crypto_bot,Service Account,backup-db,Tunisia,36.8065,10.1815,SSH,2026-01-18 02:21:44,10.7,2,1,4,,0,0,none,0.4999999999999999,0.8660254037844387,0.0106870229007633,0.0030534351145038,0.1245652916378247,0
PAM-01867,crypto_bot,Service Account,backup-db,Tunisia,36.8065,10.1815,SSH,2026-01-18 02:53:06,11.8,2,1,1,,0,0,none,0.4999999999999999,0.8660254037844387,0.0106870229007633,0.0030534351145038,0.1036987996940642,0
PAM-01109,crypto_bot,Service Account,backup-db,Tunisia,36.8065,10.1815,SSH,2026-01-18 03:51:02,50.7,3,1,14,,0,0,none,0.7071067811865476,0.7071067811865476,0.0106870229007633,0.0030534351145038,-0.0064175907035219915,1
PAM-00806,crypto_bot,Service Account,backup-db,Tunisia,36.8065,10.1815,SSH,2026-01-19 02:10:16,16.9,2,0,3,,0,0,none,0.4999999999999999,0.8660254037844387,0.0106870229007633,0.0030534351145038,0.19761462062140084,0
PAM-00976,crypto_bot,Service Account,backup-db,Tunisia,36.8065,10.1815,SSH,2026-01-19 02:18:31,28.4,2,0,8,,0,0,none,0.4999999999999999,0.8660254037844387,0.0106870229007633,0.0030534351145038,0.189279075782756,0
PAM-01193,crypto_bot,Service Account,backup-db,Tunisia,36.8065,10.1815,SSH,2026-01-19 02:28:41,41.7,2,0,10,,0,0,none,0.4999999999999999,0.8660254037844387,0.0106870229007633,0.0030534351145038,0.16489308428867766,0
PAM-01560,crypto_bot,Service Account,backup-db,Tunisia,36.8065,10.1815,SSH,2026-01-19 05:55:45,21.3,5,0,6,,0,1,unusual_hour,0.9659258262890684,0.2588190451025207,0.0106870229007633,0.0030534351145038,0.11350264537231758,0
PAM-01541,marc_netadmin,Network Admin,switch-core-01,Tunisia,36.8065,10.1815,HTTPS,2026-01-19 06:05:32,13.5,6,0,2,,0,0,none,1.0,6.123233995736766e-17,0.7733887733887734,0.0103950103950103,0.12912462445527106,0
PAM-01685,marc_netadmin,Network Admin,fw-edge-02,Tunisia,36.8065,10.1815,HTTPS,2026-01-19 09:03:03,24.4,9,0,6,,0,0,none,0.7071067811865476,-0.7071067811865475,0.7006237006237006,0.0103950103950103,0.18737893353468377,0
PAM-00105,jean_dev,Developer,app-dev-01,Tunisia,36.8065,10.1815,SSH,2026-01-19 09:13:29,21.5,9,0,6,,0,0,none,0.7071067811865476,-0.7071067811865475,0.2531914893617021,0.0085106382978723,0.19162943141223382,0
PAM-00880,jean_dev,Developer,app-dev-01,Tunisia,36.8065,10.1815,SSH,2026-01-19 09:23:55,12.4,9,0,5,,0,0,none,0.7071067811865476,-0.7071067811865475,0.2531914893617021,0.0085106382978723,0.18776195545906516,0
PAM-01156,jean_dev,Developer,app-dev-01,Tunisia,36.8065,10.1815,SSH,2026-01-19 11:37:37,46.4,11,0,18,,0,0,none,0.258819045102521,-0.9659258262890682,0.2531914893617021,0.0085106382978723,0.11399776311356102,0
PAM-00894,marc_netadmin,Network Admin,switch-core-01,Tunisia,36.8065,10.1815,HTTPS,2026-01-19 11:40:16,17.4,11,0,4,,0,0,none,0.258819045102521,-0.9659258262890682,0.7733887733887734,0.0103950103950103,0.1832966973230747,0
PAM-00292,jean_dev,Developer,app-dev-01,Tunisia,36.8065,10.1815,SSH,2026-01-19 12:25:04,72.0,12,0,21,,0,0,none,1.2246467991473532e-16,-1.0,0.2531914893617021,0.0085106382978723,0.03957942992519814,0
PAM-01599,sara_dba,DBA,prod-db-01,Tunisia,36.8065,10.1815,SSH,2026-01-19 14:42:54,47.5,14,0,9,,0,0,none,-0.4999999999999997,-0.8660254037844388,0.339622641509434,0.0188679245283018,0.12340346809205838,0
PAM-02043,sara_dba,DBA,prod-db-01,Tunisia,36.8065,10.1815,SSH,2026-01-19 15:06:08,16.9,15,0,5,,0,0,none,-0.7071067811865471,-0.7071067811865479,0.339622641509434,0.0188679245283018,0.1515254742840093,0
PAM-00324,sara_dba,DBA,backup-db,Tunisia,36.8065,10.1815,SSH,2026-01-19 16:15:43,32.6,16,0,2,,0,0,none,-0.8660254037844385,-0.5000000000000004,0.740041928721174,0.0188679245283018,0.09511828999746941,0
PAM-00573,crypto_bot,Service Account,backup-db,Tunisia,36.8065,10.1815,SSH,2026-01-20 02:20:39,6.5,2,0,2,,0,0,none,0.4999999999999999,0.8660254037844387,0.0106870229007633,0.0030534351145038,0.17832004661591883,0
PAM-00861,crypto_bot,Service Account,backup-db,Tunisia,36.8065,10.1815,SSH,2026-01-20 02:25:52,16.0,2,0,4,,0,0,none,0.4999999999999999,0.8660254037844387,0.0106870229007633,0.0030534351145038,0.20022034200340993,0
PAM-00116,crypto_bot,Service Account,backup-db,Tunisia,36.8065,10.1815,SSH,2026-01-20 02:32:25,81.6,2,0,15,,0,0,none,0.4999999999999999,0.8660254037844387,0.0106870229007633,0.0030534351145038,0.07124369551227638,0
PAM-00757,crypto_bot,Service Account,switch-core-01,Tunisia,36.8065,10.1815,SSH,2026-01-20 02:41:04,40.4,2,0,8,,0,1,unusual_asset,0.4999999999999999,0.8660254037844387,0.9969465648854962,0.0030534351145038,0.05040999672476931,0
PAM-00677,marc_netadmin,Network Admin,switch-core-01,Tunisia,36.8065,10.1815,HTTPS,2026-01-20 08:13:35,3.7,8,0,1,,0,0,none,0.8660254037844387,-0.4999999999999998,0.7733887733887734,0.0103950103950103,0.14598502923715695,0
PAM-00979,marc_netadmin,Network Admin,fw-edge-01,Tunisia,36.8065,10.1815,HTTPS,2026-01-20 09:05:31,13.6,9,0,1,,0,0,none,0.7071067811865476,-0.7071067811865475,0.5405405405405406,0.0103950103950103,0.1783504569988168,0
PAM-00833,marc_netadmin,Network Admin,fw-edge-01,Tunisia,36.8065,10.1815,HTTPS,2026-01-20 09:10:16,13.9,9,0,3,,0,0,none,0.7071067811865476,-0.7071067811865475,0.5405405405405406,0.0103950103950103,0.19222184690182154,0
PAM-00847,marc_netadmin,Network Admin,switch-core-01,Tunisia,36.8065,10.1815,HTTPS,2026-01-20 10:01:30,40.5,10,0,8,,0,0,none,0.4999999999999999,-0.8660254037844387,0.7733887733887734,0.0103950103950103,0.15751444792227637,0
PAM-01521,jean_dev,Developer,app-dev-01,Tunisia,36.8065,10.1815,SSH,2026-01-20 11:27:05,41.6,11,0,13,,0,0,none,0.258819045102521,-0.9659258262890682,0.2531914893617021,0.0085106382978723,0.15189588342759447,0
PAM-00630,jean_dev,Developer,app-staging,Tunisia,36.8065,10.1815,SSH,2026-01-20 12:15:46,19.3,12,0,6,,0,0,none,1.2246467991473532e-16,-1.0,0.9659574468085106,0.0085106382978723,0.1142321561836302,0
PAM-01111,jean_dev,Developer,git-prod,Tunisia,36.8065,10.1815,SSH,2026-01-20 13:19:56,23.4,13,0,6,,0,0,none,-0.2588190451025208,-0.9659258262890684,0.7851063829787234,0.0085106382978723,0.1357997766807177,0
PAM-02060,sara_dba,DBA,prod-db-01,Tunisia,36.8065,10.1815,SSH,2026-01-20 13:33:36,19.3,13,0,6,,0,0,none,-0.2588190451025208,-0.9659258262890684,0.339622641509434,0.0188679245283018,0.16765935497123607,0
PAM-00084,sara_dba,DBA,prod-db-01,Tunisia,36.8065,10.1815,SSH,2026-01-20 15:04:21,24.4,15,0,5,,0,0,none,-0.7071067811865471,-0.7071067811865479,0.339622641509434,0.0188679245283018,0.15049980602747737,0
PAM-00553,sara_dba,DBA,prod-db-01,Tunisia,36.8065,10.1815,SSH,2026-01-20 17:15:01,15.2,17,0,5,,0,0,none,-0.9659258262890684,-0.2588190451025206,0.339622641509434,0.0188679245283018,0.11187416131825834,0
PAM-01360,crypto_bot,Service Account,backup-db,Tunisia,36.8065,10.1815,SSH,2026-01-21 02:23:00,68.2,2,0,20,,0,0,none,0.4999999999999999,0.8660254037844387,0.0106870229007633,0.0030534351145038,0.0643888049304201,0
PAM-00278,crypto_bot,Service Account,backup-db,Tunisia,36.8065,10.1815,SSH,2026-01-21 02:31:19,14.0,2,0,2,,0,0,none,0.4999999999999999,0.8660254037844387,0.0106870229007633,0.0030534351145038,0.19434677375541382,0
PAM-00978,crypto_bot,Service Account,backup-db,Tunisia,36.8065,10.1815,SSH,2026-01-21 02:41:52,15.7,2,0,1,,0,0,none,0.4999999999999999,0.8660254037844387,0.0106870229007633,0.0030534351145038,0.18251184911149904,0
PAM-01545,crypto_bot,Service Account,backup-db,Tunisia,36.8065,10.1815,SSH,2026-01-21 02:50:26,15.7,2,0,4,,0,0,none,0.4999999999999999,0.8660254037844387,0.0106870229007633,0.0030534351145038,0.19966862685958142,0
PAM-01051,marc_netadmin,Network Admin,fw-edge-02,Tunisia,36.8065,10.1815,HTTPS,2026-01-21 06:18:58,40.1,6,0,10,,0,0,none,1.0,6.123233995736766e-17,0.7006237006237006,0.0103950103950103,0.10232555664610976,0
PAM-01536,jean_dev,Developer,app-staging,Tunisia,36.8065,10.1815,SSH,2026-01-21 07:20:25,14.9,7,0,4,,0,0,none,0.9659258262890684,-0.2588190451025206,0.9659574468085106,0.0085106382978723,0.09919127055677912,0
PAM-01824,marc_netadmin,Network Admin,fw-edge-01,Tunisia,36.8065,10.1815,HTTPS,2026-01-21 07:36:25,27.2,7,0,2,,0,0,none,0.9659258262890684,-0.2588190451025206,0.5405405405405406,0.0103950103950103,0.14628781224280124,0
PAM-01878,marc_netadmin,Network Admin,fw-edge-01,Tunisia,36.8065,10.1815,HTTPS,2026-01-21 09:11:55,52.2,9,0,10,,0,0,none,0.7071067811865476,-0.7071067811865475,0.5405405405405406,0.0103950103950103,0.14675606949517422,0
PAM-01238,jean_dev,Developer,app-dev-01,Tunisia,36.8065,10.1815,SSH,2026-01-21 09:20:50,27.1,9,0,6,,0,0,none,0.7071067811865476,-0.7071067811865475,0.2531914893617021,0.0085106382978723,0.18981898614000048,0
PAM-01972,jean_dev,Developer,app-dev-01,Tunisia,36.8065,10.1815,SSH,2026-01-21 10:07:12,6.9,10,0,3,,0,0,none,0.4999999999999999,-0.8660254037844387,0.2531914893617021,0.0085106382978723,0.18112190474445938,0
PAM-01740,marc_netadmin,Network Admin,fw-edge-01,Tunisia,36.8065,10.1815,HTTPS,2026-01-21 11:48:27,29.5,11,0,4,,0,0,none,0.258819045102521,-0.9659258262890682,0.5405405405405406,0.0103950103950103,0.1817324418568535,0
PAM-00955,jean_dev,Developer,app-dev-01,Tunisia,36.8065,10.1815,SSH,2026-01-21 12:02:25,9.9,12,0,4,,0,0,none,1.2246467991473532e-16,-1.0,0.2531914893617021,0.0085106382978723,0.1746962126149501,0
PAM-01384,sara_dba,DBA,prod-db-01,Tunisia,36.8065,10.1815,SSH,2026-01-21 12:04:58,11.1,12,0,4,,0,0,none,1.2246467991473532e-16,-1.0,0.339622641509434,0.0188679245283018,0.16592896911241406,0
PAM-02027,jean_dev,Developer,git-prod,Tunisia,36.8065,10.1815,SSH,2026-01-21 12:49:50,14.5,12,0,3,,0,0,none,1.2246467991473532e-16,-1.0,0.7851063829787234,0.0085106382978723,0.1607813203062345,0
PAM-00266,jean_dev,Developer,app-dev-01,Tunisia,36.8065,10.1815,SSH,2026-01-21 13:30:28,23.8,13,0,5,,0,0,none,-0.2588190451025208,-0.9659258262890684,0.2531914893617021,0.0085106382978723,0.15364015912315282,0
PAM-00884,sara_dba,DBA,prod-db-01,Tunisia,36.8065,10.1815,SSH,2026-01-21 14:28:23,28.3,14,0,16,,0,0,none,-0.4999999999999997,-0.8660254037844388,0.339622641509434,0.0188679245283018,0.1071408099012976,0
PAM-01721,sara_dba,DBA,prod-db-02,Tunisia,36.8065,10.1815,SSH,2026-01-21 15:28:30,8.1,15,0,1,,0,0,none,-0.7071067811865471,-0.7071067811865479,0.9224318658280922,0.0188679245283018,0.07492228780274057,0
PAM-00584,sara_dba,DBA,backup-db,Tunisia,36.8065,10.1815,SSH,2026-01-21 15:55:02,14.2,15,0,4,,0,0,none,-0.7071067811865471,-0.7071067811865479,0.740041928721174,0.0188679245283018,0.13620633240179808,0
PAM-01547,crypto_bot,Service Account,backup-db,Tunisia,36.8065,10.1815,SSH,2026-01-22 02:06:33,67.5,2,0,23,,0,0,none,0.4999999999999999,0.8660254037844387,0.0106870229007633,0.0030534351145038,0.04009695153156634,0
PAM-01148,crypto_bot,Service Account,backup-db,Tunisia,36.8065,10.1815,SSH,2026-01-22 02:49:34,23.2,2,0,6,,0,0,none,0.4999999999999999,0.8660254037844387,0.0106870229007633,0.0030534351145038,0.1977377033394191,0
PAM-01559,marc_netadmin,Network Admin,fw-edge-01,Tunisia,36.8065,10.1815,HTTPS,2026-01-22 09:21:42,61.2,9,0,17,,0,0,none,0.7071067811865476,-0.7071067811865475,0.5405405405405406,0.0103950103950103,0.10130379674964024,0
PAM-01572,jean_dev,Developer,git-prod,Tunisia,36.8065,10.1815,SSH,2026-01-22 09:39:18,24.6,9,0,6,,0,0,none,0.7071067811865476,-0.7071067811865475,0.7851063829787234,0.0085106382978723,0.1787873334684712,0
PAM-00241,jean_dev,Developer,app-dev-01,Tunisia,36.8065,10.1815,SSH,2026-01-22 09:40:54,16.0,9,0,5,,0,0,none,0.7071067811865476,-0.7071067811865475,0.2531914893617021,0.0085106382978723,0.19056453428673809,0
PAM-01732,marc_netadmin,Network Admin,fw-edge-01,Tunisia,36.8065,10.1815,HTTPS,2026-01-22 10:23:48,36.8,10,0,10,,0,0,none,0.4999999999999999,-0.8660254037844387,0.5405405405405406,0.0103950103950103,0.16834489936733982,0
PAM-02003,jean_dev,Developer,app-dev-01,Tunisia,36.8065,10.1815,SSH,2026-01-22 11:44:06,22.5,11,0,9,,0,0,none,0.258819045102521,-0.9659258262890682,0.2531914893617021,0.0085106382978723,0.18060586986834037,0
PAM-00396,jean_dev,Developer,app-staging,Tunisia,36.8065,10.1815,SSH,2026-01-22 11:54:33,26.3,11,0,3,,0,0,none,0.258819045102521,-0.9659258262890682,0.9659574468085106,0.0085106382978723,0.12387689674131497,0
PAM-00192,crypto_bot,Service Account,backup-db,Tunisia,36.8065,10.1815,SSH,2026-01-23 01:02:27,16.0,1,0,6,,0,0,none,0.2588190451025207,0.9659258262890684,0.0106870229007633,0.0030534351145038,0.11466317912432994,0
PAM-00043,crypto_bot,Service Account,backup-db,Tunisia,36.8065,10.1815,SSH,2026-01-23 02:12:44,50.9,2,0,17,,0,0,none,0.4999999999999999,0.8660254037844387,0.0106870229007633,0.0030534351145038,0.11382851010184719,0
PAM-00069,crypto_bot,Service Account,backup-db,Tunisia,36.8065,10.1815,SSH,2026-01-23 02:22:15,10.1,2,0,1,,0,0,none,0.4999999999999999,0.8660254037844387,0.0106870229007633,0.0030534351145038,0.17999708938571612,0
PAM-01386,marc_netadmin,Network Admin,switch-core-01,Tunisia,36.8065,10.1815,HTTPS,2026-01-23 07:15:51,23.1,7,0,4,,0,0,none,0.9659258262890684,-0.2588190451025206,0.7733887733887734,0.0103950103950103,0.14944665256665707,0
PAM-00934,marc_netadmin,Network Admin,fw-edge-01,Tunisia,36.8065,10.1815,HTTPS,2026-01-23 07:30:04,26.5,7,0,5,,0,0,none,0.9659258262890684,-0.2588190451025206,0.5405405405405406,0.0103950103950103,0.15296956030837472,0
PAM-01340,marc_netadmin,Network Admin,switch-core-01,Tunisia,36.8065,10.1815,HTTPS,2026-01-23 07:39:01,16.7,7,0,5,,0,0,none,0.9659258262890684,-0.2588190451025206,0.7733887733887734,0.0103950103950103,0.14914259094106885,0
PAM-00199,marc_netadmin,Network Admin,switch-core-01,Tunisia,36.8065,10.1815,HTTPS,2026-01-23 08:40:10,22.9,8,0,3,,0,0,none,0.8660254037844387,-0.4999999999999998,0.7733887733887734,0.0103950103950103,0.17658618772697893,0
PAM-01667,jean_dev,Developer,git-prod,Tunisia,36.8065,10.1815,SSH,2026-01-23 09:03:44,9.7,9,0,2,,0,0,none,0.7071067811865476,-0.7071067811865475,0.7851063829787234,0.0085106382978723,0.17146612694234326,0
PAM-00739,marc_netadmin,Network Admin,fw-edge-01,Tunisia,36.8065,10.1815,HTTPS,2026-01-23 10:30:41,4.9,10,0,1,,0,0,none,0.4999999999999999,-0.8660254037844387,0.5405405405405406,0.0103950103950103,0.16489937182745085,0
PAM-00933,jean_dev,Developer,app-dev-01,Tunisia,36.8065,10.1815,SSH,2026-01-23 10:41:36,21.2,10,0,3,,0,0,none,0.4999999999999999,-0.8660254037844387,0.2531914893617021,0.0085106382978723,0.1954009631463121,0
PAM-00352,marc_netadmin,Network Admin,fw-edge-02,Tunisia,36.8065,10.1815,HTTPS,2026-01-23 10:47:31,14.9,10,0,1,,0,0,none,0.4999999999999999,-0.8660254037844387,0.7006237006237006,0.0103950103950103,0.17885698196255895,0
PAM-01870,marc_netadmin,Network Admin,fw-edge-01,Tunisia,36.8065,10.1815,HTTPS,2026-01-23 10:56:33,64.4,10,0,19,,0,0,none,0.4999999999999999,-0.8660254037844387,0.5405405405405406,0.0103950103950103,0.08052165679825884,0
PAM-01347,jean_dev,Developer,app-dev-01,Tunisia,36.8065,10.1815,SSH,2026-01-23 12:00:29,11.3,12,0,1,,0,0,none,1.2246467991473532e-16,-1.0,0.2531914893617021,0.0085106382978723,0.16198299726666898,0
PAM-01108,marc_netadmin,Network Admin,fw-edge-01,Tunisia,36.8065,10.1815,HTTPS,2026-01-23 12:11:09,12.7,12,0,6,,0,0,none,1.2246467991473532e-16,-1.0,0.5405405405405406,0.0103950103950103,0.17500651182287458,0
PAM-00572,sara_dba,DBA,prod-db-01,Tunisia,36.8065,10.1815,SSH,2026-01-23 12:42:27,11.1,12,0,4,,0,0,none,1.2246467991473532e-16,-1.0,0.339622641509434,0.0188679245283018,0.16592896911241406,0
PAM-01626,sara_dba,DBA,backup-db,Tunisia,36.8065,10.1815,SSH,2026-01-23 14:00:17,15.8,14,0,5,,0,0,none,-0.4999999999999997,-0.8660254037844388,0.740041928721174,0.0188679245283018,0.15449943668789518,0
PAM-00800,sara_dba,DBA,prod-db-01,Tunisia,36.8065,10.1815,SSH,2026-01-23 14:38:50,30.8,14,0,7,DELETE FROM users,1,1,sensitive_command,-0.4999999999999997,-0.8660254037844388,0.339622641509434,0.0188679245283018,-0.004226570479524905,1
PAM-00408,sara_dba,DBA,prod-db-01,Tunisia,36.8065,10.1815,SSH,2026-01-23 14:43:39,31.3,14,0,6,,0,0,none,-0.4999999999999997,-0.8660254037844388,0.339622641509434,0.0188679245283018,0.1577909242319958,0
PAM-00403,sara_dba,DBA,prod-db-01,Tunisia,36.8065,10.1815,SSH,2026-01-23 15:02:36,41.5,15,0,5,,0,0,none,-0.7071067811865471,-0.7071067811865479,0.339622641509434,0.0188679245283018,0.11719559399953322,0
PAM-00618,sara_dba,DBA,prod-db-02,Tunisia,36.8065,10.1815,SSH,2026-01-23 16:54:47,42.6,16,0,14,,0,0,none,-0.8660254037844385,-0.5000000000000004,0.9224318658280922,0.0188679245283018,0.025250459163022376,0
PAM-00813,sara_dba,DBA,prod-db-01,Tunisia,36.8065,10.1815,SSH,2026-01-23 18:32:58,18.9,18,0,7,,0,0,none,-1.0,-1.8369701987210294e-16,0.339622641509434,0.0188679245283018,0.08410646747479833,0
PAM-00015,sara_dba,DBA,prod-db-01,Tunisia,36.8065,10.1815,SSH,2026-01-23 18:38:46,26.7,18,0,9,,0,0,none,-1.0,-1.8369701987210294e-16,0.339622641509434,0.0188679245283018,0.06710507614783756,0
PAM-00355,crypto_bot,Service Account,backup-db,Tunisia,36.8065,10.1815,SSH,2026-01-24 01:09:03,21.0,1,1,6,,0,0,none,0.2588190451025207,0.9659258262890684,0.0106870229007633,0.0030534351145038,0.03744947658683184,0
PAM-01187,crypto_bot,Service Account,backup-db,Tunisia,36.8065,10.1815,SSH,2026-01-24 02:05:58,10.5,2,1,1,,0,0,none,0.4999999999999999,0.8660254037844387,0.0106870229007633,0.0030534351145038,0.09841600949761203,0
PAM-01242,crypto_bot,Service Account,backup-db,Tunisia,36.8065,10.1815,SSH,2026-01-24 02:13:50,31.6,2,1,15,,0,0,none,0.4999999999999999,0.8660254037844387,0.0106870229007633,0.0030534351145038,0.06592121622218827,0
PAM-00038,crypto_bot,Service Account,backup-db,Tunisia,36.8065,10.1815,SSH,2026-01-24 02:24:03,32.5,2,1,7,,0,0,none,0.4999999999999999,0.8660254037844387,0.0106870229007633,0.0030534351145038,0.11905547231757163,0
PAM-02024,crypto_bot,Service Account,backup-db,Tunisia,36.8065,10.1815,SSH,2026-01-24 02:27:09,19.4,2,1,4,,0,0,none,0.4999999999999999,0.8660254037844387,0.0106870229007633,0.0030534351145038,0.13425503702420183,0
PAM-01725,crypto_bot,Service Account,backup-db,Tunisia,36.8065,10.1815,SSH,2026-01-24 02:33:33,16.6,2,1,5,,0,0,none,0.4999999999999999,0.8660254037844387,0.0106870229007633,0.0030534351145038,0.13705572586631104,0
PAM-00123,crypto_bot,Service Account,backup-db,Tunisia,36.8065,10.1815,SSH,2026-01-24 03:22:21,12.4,3,1,2,,0,1,unusual_hour,0.7071067811865476,0.7071067811865476,0.0106870229007633,0.0030534351145038,0.04512183576500328,0
PAM-01466,crypto_bot,Service Account,backup-db,Tunisia,36.8065,10.1815,SSH,2026-01-25 02:54:54,15.3,2,1,2,,0,0,none,0.4999999999999999,0.8660254037844387,0.0106870229007633,0.0030534351145038,0.12171971001211535,0
PAM-01355,crypto_bot,Service Account,backup-db,Tunisia,36.8065,10.1815,SSH,2026-01-26 02:01:04,27.7,2,0,6,,0,0,none,0.4999999999999999,0.8660254037844387,0.0106870229007633,0.0030534351145038,0.1948231565404117,0
PAM-01913,crypto_bot,Service Account,backup-db,Tunisia,36.8065,10.1815,SSH,2026-01-26 02:22:12,11.3,2,0,5,,0,0,none,0.4999999999999999,0.8660254037844387,0.0106870229007633,0.0030534351145038,0.19211441482557856,0
PAM-00451,crypto_bot,Service Account,backup-db,Tunisia,36.8065,10.1815,SSH,2026-01-26 02:34:55,33.0,2,0,9,,0,0,none,0.4999999999999999,0.8660254037844387,0.0106870229007633,0.0030534351145038,0.17677311871372564,0
PAM-01859,crypto_bot,Service Account,backup-db,Tunisia,36.8065,10.1815,SSH,2026-01-26 02:46:37,40.9,2,0,10,,0,0,none,0.4999999999999999,0.8660254037844387,0.0106870229007633,0.0030534351145038,0.16502640856912754,0
PAM-01844,crypto_bot,Service Account,backup-db,Tunisia,36.8065,10.1815,SSH,2026-01-26 02:56:53,41.5,2,0,11,,0,0,none,0.4999999999999999,0.8660254037844387,0.0106870229007633,0.0030534351145038,0.16207962380247587,0
PAM-00748,marc_netadmin,Network Admin,fw-edge-01,Tunisia,36.8065,10.1815,HTTPS,2026-01-26 07:38:13,52.7,7,0,15,,0,0,none,0.9659258262890684,-0.2588190451025206,0.5405405405405406,0.0103950103950103,0.09250203173152349,0
PAM-01927,marc_netadmin,Network Admin,fw-edge-01,Tunisia,36.8065,10.1815,HTTPS,2026-01-26 09:08:58,18.0,9,0,3,,0,0,none,0.7071067811865476,-0.7071067811865475,0.5405405405405406,0.0103950103950103,0.19279108792069716,0
PAM-00625,marc_netadmin,Network Admin,fw-edge-01,Tunisia,36.8065,10.1815,HTTPS,2026-01-26 09:43:22,22.3,9,0,3,,0,0,none,0.7071067811865476,-0.7071067811865475,0.5405405405405406,0.0103950103950103,0.19032720079709847,0
PAM-01696,jean_dev,Developer,app-dev-01,Tunisia,36.8065,10.1815,SSH,2026-01-26 10:04:55,10.9,10,0,4,,0,0,none,0.4999999999999999,-0.8660254037844387,0.2531914893617021,0.0085106382978723,0.19143407479109137,0
PAM-01915,jean_dev,Developer,app-dev-01,Tunisia,36.8065,10.1815,SSH,2026-01-26 10:34:22,13.1,10,0,1,,0,0,none,0.4999999999999999,-0.8660254037844387,0.2531914893617021,0.0085106382978723,0.18348510425033027,0
PAM-01291,jean_dev,Developer,app-dev-01,Tunisia,36.8065,10.1815,SSH,2026-01-26 11:12:42,34.3,11,0,9,,0,0,none,0.258819045102521,-0.9659258262890682,0.2531914893617021,0.0085106382978723,0.17702963672209882,0
PAM-01433,jean_dev,Developer,git-prod,Tunisia,36.8065,10.1815,SSH,2026-01-26 12:08:55,21.2,12,0,5,,0,0,none,1.2246467991473532e-16,-1.0,0.7851063829787234,0.0085106382978723,0.1644449634495615,0
PAM-01612,marc_netadmin,Network Admin,fw-edge-01,Tunisia,36.8065,10.1815,HTTPS,2026-01-26 12:29:46,27.1,12,0,8,,0,0,none,1.2246467991473532e-16,-1.0,0.5405405405405406,0.0103950103950103,0.16529153726452744,0
PAM-00082,jean_dev,Developer,git-prod,Tunisia,36.8065,10.1815,SSH,2026-01-26 12:58:14,9.7,12,0,3,,0,0,none,1.2246467991473532e-16,-1.0,0.7851063829787234,0.0085106382978723,0.156278982080567,0
PAM-00298,sara_dba,DBA,prod-db-01,Tunisia,36.8065,10.1815,SSH,2026-01-26 15:19:33,22.1,15,0,8,,0,0,none,-0.7071067811865471,-0.7071067811865479,0.339622641509434,0.0188679245283018,0.14083453479095015,0
PAM-00614,sara_dba,DBA,prod-db-01,Tunisia,36.8065,10.1815,SSH,2026-01-26 17:13:26,29.7,17,0,5,,0,0,none,-0.9659258262890684,-0.2588190451025206,0.339622641509434,0.0188679245283018,0.1071301884536085,0
PAM-00189,sara_dba,DBA,prod-db-01,Tunisia,36.8065,10.1815,SSH,2026-01-26 17:27:46,18.0,17,0,7,,0,0,none,-0.9659258262890684,-0.2588190451025206,0.339622641509434,0.0188679245283018,0.10667411212234545,0
PAM-00980,crypto_bot,Service Account,backup-db,Tunisia,36.8065,10.1815,SSH,2026-01-27 02:19:25,14.4,2,0,7,TRUNCATE TABLE,1,0,none,0.4999999999999999,0.8660254037844387,0.0106870229007633,0.0030534351145038,0.008033111606517429,0
PAM-00524,marc_netadmin,Network Admin,switch-core-01,Tunisia,36.8065,10.1815,HTTPS,2026-01-27 09:15:22,29.7,9,0,5,,0,0,none,0.7071067811865476,-0.7071067811865475,0.7733887733887734,0.0103950103950103,0.1804056571526747,0
PAM-01321,jean_dev,Developer,git-prod,Tunisia,36.8065,10.1815,SSH,2026-01-27 11:50:43,32.7,11,0,6,,0,0,none,0.258819045102521,-0.9659258262890682,0.7851063829787234,0.0085106382978723,0.16940685621383123,0
PAM-01636,sara_dba,DBA,prod-db-01,Tunisia,36.8065,10.1815,SSH,2026-01-27 17:02:55,15.9,17,0,3,,0,0,none,-0.9659258262890684,-0.2588190451025206,0.339622641509434,0.0188679245283018,0.11047618888138189,0
PAM-01222,sara_dba,DBA,prod-db-02,Tunisia,36.8065,10.1815,SSH,2026-01-27 17:17:45,11.4,17,0,5,,0,0,none,-0.9659258262890684,-0.2588190451025206,0.9224318658280922,0.0188679245283018,0.054813448857761404,0
PAM-00541,crypto_bot,Service Account,backup-db,Tunisia,36.8065,10.1815,SSH,2026-01-28 02:03:47,16.9,2,0,6,,0,0,none,0.4999999999999999,0.8660254037844387,0.0106870229007633,0.0030534351145038,0.19587298712478712,0
PAM-01615,crypto_bot,Service Account,backup-db,Tunisia,36.8065,10.1815,SSH,2026-01-28 02:04:49,26.8,2,0,9,,0,0,none,0.4999999999999999,0.8660254037844387,0.0106870229007633,0.0030534351145038,0.18161813221629497,0
PAM-01631,jean_dev,Developer,app-dev-01,Tunisia,36.8065,10.1815,SSH,2026-01-28 08:16:54,14.8,8,0,1,,0,0,none,0.8660254037844387,-0.4999999999999998,0.2531914893617021,0.0085106382978723,0.16329174966250926,0
PAM-00689,marc_netadmin,Network Admin,switch-core-01,Tunisia,36.8065,10.1815,HTTPS,2026-01-28 10:01:48,15.4,10,0,1,,0,0,none,0.4999999999999999,-0.8660254037844387,0.7733887733887734,0.0103950103950103,0.17485241830332837,0
PAM-01519,sara_dba,DBA,prod-db-01,Tunisia,36.8065,10.1815,SSH,2026-01-28 10:03:05,18.7,10,0,7,,0,0,none,0.4999999999999999,-0.8660254037844387,0.339622641509434,0.0188679245283018,0.16799488233204118,0
PAM-01788,jean_dev,Developer,app-dev-01,Tunisia,36.8065,10.1815,SSH,2026-01-28 10:44:33,12.7,10,0,2,,0,0,none,0.4999999999999999,-0.8660254037844387,0.2531914893617021,0.0085106382978723,0.1930677240022578,0
PAM-00128,jean_dev,Developer,app-dev-01,Tunisia,36.8065,10.1815,SSH,2026-01-28 12:03:54,14.7,12,0,1,,0,0,none,1.2246467991473532e-16,-1.0,0.2531914893617021,0.0085106382978723,0.16357556910912247,0
PAM-00067,marc_netadmin,Network Admin,switch-core-01,Tunisia,36.8065,10.1815,HTTPS,2026-01-28 12:18:46,18.1,12,0,3,,0,0,none,1.2246467991473532e-16,-1.0,0.7733887733887734,0.0103950103950103,0.1678114261855102,0
PAM-02037,sara_dba,DBA,prod-db-01,Tunisia,36.8065,10.1815,SSH,2026-01-28 12:32:05,32.3,12,0,14,,0,0,none,1.2246467991473532e-16,-1.0,0.339622641509434,0.0188679245283018,0.11894955540569013,0
PAM-01638,jean_dev,Developer,app-dev-01,Tunisia,36.8065,10.1815,SSH,2026-01-28 15:15:14,56.9,15,0,15,,0,0,none,-0.7071067811865471,-0.7071067811865479,0.2531914893617021,0.0085106382978723,0.0598851652755541,0
PAM-00931,sara_dba,DBA,prod-db-01,Tunisia,36.8065,10.1815,SSH,2026-01-28 17:37:19,9.8,17,0,2,,0,0,none,-0.9659258262890684,-0.2588190451025206,0.339622641509434,0.0188679245283018,0.10024762728330872,0
PAM-01104,crypto_bot,Service Account,backup-db,Tunisia,36.8065,10.1815,SSH,2026-01-29 02:07:48,50.8,2,0,21,,0,0,none,0.4999999999999999,0.8660254037844387,0.0106870229007633,0.0030534351145038,0.08561030504842132,0
PAM-01149,crypto_bot,Service Account,backup-db,Tunisia,36.8065,10.1815,SSH,2026-01-29 02:14:58,42.0,2,0,14,,0,0,none,0.4999999999999999,0.8660254037844387,0.0106870229007633,0.0030534351145038,0.15217123463556415,0
PAM-01996,crypto_bot,Service Account,backup-db,Tunisia,36.8065,10.1815,SSH,2026-01-29 03:51:38,27.0,3,0,8,,0,0,none,0.7071067811865476,0.7071067811865476,0.0106870229007633,0.0030534351145038,0.12933979954902025,0
PAM-01257,marc_netadmin,Network Admin,fw-edge-01,Tunisia,36.8065,10.1815,HTTPS,2026-01-29 08:20:58,25.7,8,0,5,,0,0,none,0.8660254037844387,-0.4999999999999998,0.5405405405405406,0.0103950103950103,0.18136464159785343,0
PAM-01939,marc_netadmin,Network Admin,switch-core-01,Tunisia,36.8065,10.1815,HTTPS,2026-01-29 08:36:19,4.3,8,0,1,,0,0,none,0.8660254037844387,-0.4999999999999998,0.7733887733887734,0.0103950103950103,0.14862021170110123,0
PAM-00325,jean_dev,Developer,app-dev-01,Tunisia,36.8065,10.1815,SSH,2026-01-29 09:56:00,27.2,9,0,7,,0,0,none,0.7071067811865476,-0.7071067811865475,0.2531914893617021,0.0085106382978723,0.18713432450832507,0
PAM-01122,marc_netadmin,Network Admin,fw-edge-01,Tunisia,36.8065,10.1815,HTTPS,2026-01-29 10:01:03,51.3,10,0,12,,0,0,none,0.4999999999999999,-0.8660254037844387,0.5405405405405406,0.0103950103950103,0.142226748261449,0
PAM-01251,jean_dev,Developer,git-prod,Tunisia,36.8065,10.1815,SSH,2026-01-29 11:02:42,11.6,11,0,3,,0,0,none,0.258819045102521,-0.9659258262890682,0.7851063829787234,0.0085106382978723,0.17387835834358678,0
PAM-00475,sara_dba,DBA,prod-db-01,Tunisia,36.8065,10.1815,SSH,2026-01-29 13:38:47,41.2,13,0,12,,0,0,none,-0.2588190451025208,-0.9659258262890684,0.339622641509434,0.0188679245283018,0.12695263146809765,0
PAM-01969,sara_dba,DBA,prod-db-01,Tunisia,36.8065,10.1815,SSH,2026-01-29 14:59:07,12.0,14,0,3,,0,0,none,-0.4999999999999997,-0.8660254037844388,0.339622641509434,0.0188679245283018,0.16614082195835944,0
PAM-00549,crypto_bot,Service Account,backup-db,Tunisia,36.8065,10.1815,SSH,2026-01-30 01:01:09,37.7,1,0,17,,0,0,none,0.2588190451025207,0.9659258262890684,0.0106870229007633,0.0030534351145038,0.057924184512971655,0
PAM-01558,crypto_bot,Service Account,backup-db,Tunisia,36.8065,10.1815,SSH,2026-01-30 02:15:03,32.7,2,0,15,,0,0,none,0.4999999999999999,0.8660254037844387,0.0106870229007633,0.0030534351145038,0.15220527208630652,0
PAM-01070,crypto_bot,Service Account,backup-db,Tunisia,36.8065,10.1815,SSH,2026-01-30 02:50:19,22.5,2,0,5,,0,0,none,0.4999999999999999,0.8660254037844387,0.0106870229007633,0.0030534351145038,0.1991084913528091,0
PAM-01383,crypto_bot,Service Account,backup-db,Tunisia,36.8065,10.1815,SSH,2026-01-30 02:51:40,9.7,2,0,2,,0,0,none,0.4999999999999999,0.8660254037844387,0.0106870229007633,0.0030534351145038,0.18932989029530856,0
PAM-00695,crypto_bot,Service Account,backup-db,Tunisia,36.8065,10.1815,SSH,2026-01-30 02:59:23,14.1,2,0,3,,0,0,none,0.4999999999999999,0.8660254037844387,0.0106870229007633,0.0030534351145038,0.19807741809160367,0
PAM-00534,jean_dev,Developer,app-dev-01,Tunisia,36.8065,10.1815,SSH,2026-01-30 06:12:06,16.4,6,0,4,,0,1,unusual_hour,1.0,6.123233995736766e-17,0.2531914893617021,0.0085106382978723,0.12729378240437195,0
PAM-00792,marc_netadmin,Network Admin,fw-edge-01,Tunisia,36.8065,10.1815,HTTPS,2026-01-30 06:35:55,22.2,6,0,4,,0,0,none,1.0,6.123233995736766e-17,0.5405405405405406,0.0103950103950103,0.1311229079662622,0
PAM-01787,marc_netadmin,Network Admin,switch-core-01,Tunisia,36.8065,10.1815,HTTPS,2026-01-30 08:04:20,32.2,8,0,8,,0,0,none,0.8660254037844387,-0.4999999999999998,0.7733887733887734,0.0103950103950103,0.16026063999578366,0
PAM-00358,marc_netadmin,Network Admin,fw-edge-02,Tunisia,36.8065,10.1815,HTTPS,2026-01-30 08:18:46,7.9,8,0,1,,0,0,none,0.8660254037844387,-0.4999999999999998,0.7006237006237006,0.0103950103950103,0.15683795087881358,0
PAM-00252,jean_dev,Developer,app-dev-01,Tunisia,36.8065,10.1815,SSH,2026-01-30 09:20:17,33.1,9,0,5,,0,0,none,0.7071067811865476,-0.7071067811865475,0.2531914893617021,0.0085106382978723,0.18319866765114484,0
PAM-00286,jean_dev,Developer,app-dev-01,Tunisia,36.8065,10.1815,SSH,2026-01-30 09:56:49,5.7,9,0,2,,0,0,none,0.7071067811865476,-0.7071067811865475,0.2531914893617021,0.0085106382978723,0.16803189103977317,0
PAM-00363,jean_dev,Developer,app-dev-01,Tunisia,36.8065,10.1815,SSH,2026-01-30 10:23:00,14.8,10,0,8,,0,0,none,0.4999999999999999,-0.8660254037844387,0.2531914893617021,0.0085106382978723,0.1873819400577444,0
PAM-00351,marc_netadmin,Network Admin,fw-edge-01,Tunisia,36.8065,10.1815,HTTPS,2026-01-30 10:46:01,16.3,10,0,4,,0,0,none,0.4999999999999999,-0.8660254037844387,0.5405405405405406,0.0103950103950103,0.19450550113696402,0
PAM-01660,jean_dev,Developer,git-prod,Tunisia,36.8065,10.1815,SSH,2026-01-30 11:36:14,11.4,11,0,1,,0,0,none,0.258819045102521,-0.9659258262890682,0.7851063829787234,0.0085106382978723,0.16172274923864488,0
PAM-01128,jean_dev,Developer,git-prod,Tunisia,36.8065,10.1815,SSH,2026-01-30 12:06:55,15.6,12,0,6,,0,0,none,1.2246467991473532e-16,-1.0,0.7851063829787234,0.0085106382978723,0.16106141414644914,0
PAM-02079,sara_dba,DBA,prod-db-01,Tunisia,36.8065,10.1815,SSH,2026-01-30 13:12:04,48.6,13,0,11,,0,0,none,-0.2588190451025208,-0.9659258262890684,0.339622641509434,0.0188679245283018,0.12116972612024329,0
PAM-00520,jean_dev,Developer,app-dev-01,Tunisia,36.8065,10.1815,SSH,2026-01-30 13:13:18,14.0,13,0,7,,0,0,none,-0.2588190451025208,-0.9659258262890684,0.2531914893617021,0.0085106382978723,0.14705719215010804,0
PAM-00486,sara_dba,DBA,backup-db,Tunisia,36.8065,10.1815,SSH,2026-01-30 14:23:51,7.8,14,0,2,,0,0,none,-0.4999999999999997,-0.8660254037844388,0.740041928721174,0.0188679245283018,0.13575625338227754,0
PAM-00653,sara_dba,DBA,prod-db-01,Tunisia,36.8065,10.1815,SSH,2026-01-30 15:03:31,9.4,15,0,5,,0,0,none,-0.7071067811865471,-0.7071067811865479,0.339622641509434,0.0188679245283018,0.14116790326161144,0
PAM-01554,crypto_bot,Service Account,backup-db,Tunisia,36.8065,10.1815,SSH,2026-01-31 01:01:31,12.8,1,1,1,rm -rf,1,1,sensitive_command,0.2588190451025207,0.9659258262890684,0.0106870229007633,0.0030534351145038,-0.08201113735099441,1
PAM-00993,crypto_bot,Service Account,backup-db,Tunisia,36.8065,10.1815,SSH,2026-01-31 01:39:16,41.4,1,1,6,,0,0,none,0.2588190451025207,0.9659258262890684,0.0106870229007633,0.0030534351145038,0.011532274678173082,0
PAM-01207,crypto_bot,Service Account,backup-db,Tunisia,36.8065,10.1815,SSH,2026-01-31 01:51:49,16.0,1,1,5,,0,0,none,0.2588190451025207,0.9659258262890684,0.0106870229007633,0.0030534351145038,0.03836314033215593,0
PAM-00943,crypto_bot,Service Account,backup-db,Tunisia,36.8065,10.1815,SSH,2026-01-31 02:19:46,56.8,2,1,12,,0,0,none,0.4999999999999999,0.8660254037844387,0.0106870229007633,0.0030534351145038,0.04976028972692559,0
PAM-00079,crypto_bot,Service Account,backup-db,Tunisia,36.8065,10.1815,SSH,2026-01-31 02:28:09,35.9,2,1,10,,0,0,none,0.4999999999999999,0.8660254037844387,0.0106870229007633,0.0030534351145038,0.10508410615624086,0
PAM-01437,crypto_bot,Service Account,backup-db,Tunisia,36.8065,10.1815,SSH,2026-01-31 02:45:58,30.5,2,1,10,,0,0,none,0.4999999999999999,0.8660254037844387,0.0106870229007633,0.0030534351145038,0.11016688192729845,0
PAM-01280,crypto_bot,Service Account,backup-db,Tunisia,36.8065,10.1815,SSH,2026-02-01 01:15:46,11.5,1,1,4,TRUNCATE TABLE,1,1,sensitive_command,0.2588190451025207,0.9659258262890684,0.0106870229007633,0.0030534351145038,-0.0684292837473578,1
PAM-01174,crypto_bot,Service Account,backup-db,Tunisia,36.8065,10.1815,SSH,2026-02-01 02:18:11,13.5,2,1,2,,0,0,none,0.4999999999999999,0.8660254037844387,0.0106870229007633,0.0030534351145038,0.12034934094788763,0
PAM-00941,crypto_bot,Service Account,backup-db,Tunisia,36.8065,10.1815,SSH,2026-02-01 02:33:27,27.6,2,1,9,,0,0,none,0.4999999999999999,0.8660254037844387,0.0106870229007633,0.0030534351145038,0.11555517491114176,0
PAM-01152,jean_dev,Developer,app-dev-01,Tunisia,36.8065,10.1815,SSH,2026-02-01 11:48:16,10.2,11,1,4,passwd root,1,1,sensitive_command,0.258819045102521,-0.9659258262890682,0.2531914893617021,0.0085106382978723,-0.06572673452060995,1
PAM-00525,crypto_bot,Service Account,backup-db,Tunisia,36.8065,10.1815,SSH,2026-02-02 01:13:07,6.6,1,0,1,,0,0,none,0.2588190451025207,0.9659258262890684,0.0106870229007633,0.0030534351145038,0.09903257522176684,0
PAM-01783,crypto_bot,Service Account,backup-db,Tunisia,36.8065,10.1815,SSH,2026-02-02 02:02:31,10.8,2,0,1,,0,0,none,0.4999999999999999,0.8660254037844387,0.0106870229007633,0.0030534351145038,0.17988513528231426,0
PAM-01956,crypto_bot,Service Account,backup-db,Tunisia,36.8065,10.1815,SSH,2026-02-02 02:08:35,7.6,2,0,1,,0,0,none,0.4999999999999999,0.8660254037844387,0.0106870229007633,0.0030534351145038,0.17152794024292545,0
PAM-00521,crypto_bot,Service Account,backup-db,Tunisia,36.8065,10.1815,SSH,2026-02-02 02:24:55,30.9,2,0,7,,0,0,none,0.4999999999999999,0.8660254037844387,0.0106870229007633,0.0030534351145038,0.19134944821965305,0
PAM-00390,crypto_bot,Service Account,backup-db,Tunisia,36.8065,10.1815,SSH,2026-02-02 02:57:30,7.6,2,0,1,,0,0,none,0.4999999999999999,0.8660254037844387,0.0106870229007633,0.0030534351145038,0.17152794024292545,0
PAM-00409,crypto_bot,Service Account,backup-db,Tunisia,36.8065,10.1815,SSH,2026-02-02 03:43:21,40.0,3,0,8,,0,0,none,0.7071067811865476,0.7071067811865476,0.0106870229007633,0.0030534351145038,0.1134969848707888,0
PAM-01682,marc_netadmin,Network Admin,fw-edge-01,Tunisia,36.8065,10.1815,HTTPS,2026-02-02 08:14:57,14.3,8,0,3,,0,0,none,0.8660254037844387,-0.4999999999999998,0.5405405405405406,0.0103950103950103,0.18482804131049335,0
PAM-00665,marc_netadmin,Network Admin,fw-edge-02,Tunisia,36.8065,10.1815,HTTPS,2026-02-02 08:42:18,36.5,8,0,10,,0,0,none,0.8660254037844387,-0.4999999999999998,0.7006237006237006,0.0103950103950103,0.15242988440164035,0
PAM-00736,jean_dev,Developer,app-dev-01,Tunisia,36.8065,10.1815,SSH,2026-02-02 10:34:02,6.0,10,0,2,,0,0,none,0.4999999999999999,-0.8660254037844387,0.2531914893617021,0.0085106382978723,0.17876254705700412,0
PAM-01097,marc_netadmin,Network Admin,switch-core-01,Tunisia,36.8065,10.1815,HTTPS,2026-02-02 12:02:43,10.9,12,0,2,,0,0,none,1.2246467991473532e-16,-1.0,0.7733887733887734,0.0103950103950103,0.16087051906893934,0
PAM-01555,sara_dba,DBA,prod-db-01,Tunisia,36.8065,10.1815,SSH,2026-02-02 13:24:45,7.7,13,0,3,,0,0,none,-0.2588190451025208,-0.9659258262890684,0.339622641509434,0.0188679245283018,0.16168034476579646,0
PAM-00342,sara_dba,DBA,prod-db-01,Tunisia,36.8065,10.1815,SSH,2026-02-02 15:35:59,39.8,15,0,6,,0,0,none,-0.7071067811865471,-0.7071067811865479,0.339622641509434,0.0188679245283018,0.12114592042049971,0
PAM-00291,crypto_bot,Service Account,backup-db,Tunisia,36.8065,10.1815,SSH,2026-02-03 01:06:38,13.0,1,0,4,,0,0,none,0.2588190451025207,0.9659258262890684,0.0106870229007633,0.0030534351145038,0.12111922758897664,0
PAM-01811,crypto_bot,Service Account,backup-db,Tunisia,36.8065,10.1815,SSH,2026-02-03 02:19:33,31.8,2,0,8,,0,0,none,0.4999999999999999,0.8660254037844387,0.0106870229007633,0.0030534351145038,0.1848519062840091,0
PAM-00772,crypto_bot,Service Account,backup-db,Tunisia,36.8065,10.1815,SSH,2026-02-03 02:55:07,14.3,2,0,5,,0,0,none,0.4999999999999999,0.8660254037844387,0.0106870229007633,0.0030534351145038,0.19743664483983225,0
PAM-01669,marc_netadmin,Network Admin,fw-edge-02,Tunisia,36.8065,10.1815,HTTPS,2026-02-03 04:20:07,8.5,4,0,2,,0,0,none,0.8660254037844386,0.5000000000000001,0.7006237006237006,0.0103950103950103,0.1000624648671794,0
PAM-00712,marc_netadmin,Network Admin,switch-core-01,Tunisia,36.8065,10.1815,HTTPS,2026-02-03 06:23:19,13.3,6,0,3,,0,0,none,1.0,6.123233995736766e-17,0.7733887733887734,0.0103950103950103,0.1284934273890398,0
PAM-01920,jean_dev,Developer,app-dev-01,Tunisia,36.8065,10.1815,SSH,2026-02-03 06:31:03,9.1,6,0,2,,0,0,none,1.0,6.123233995736766e-17,0.2531914893617021,0.0085106382978723,0.12385315287969662,0
PAM-01382,jean_dev,Developer,app-dev-01,Tunisia,36.8065,10.1815,SSH,2026-02-03 07:47:18,28.5,7,0,6,,0,0,none,0.9659258262890684,-0.2588190451025206,0.2531914893617021,0.0085106382978723,0.14142765236656057,0
PAM-00226,marc_netadmin,Network Admin,switch-core-01,Tunisia,36.8065,10.1815,HTTPS,2026-02-03 08:36:20,31.9,8,0,11,,0,0,none,0.8660254037844387,-0.4999999999999998,0.7733887733887734,0.0103950103950103,0.14440849884903828,0
PAM-00029,jean_dev,Developer,app-dev-01,Tunisia,36.8065,10.1815,SSH,2026-02-03 08:51:57,11.5,8,0,1,,0,0,none,0.8660254037844387,-0.4999999999999998,0.2531914893617021,0.0085106382978723,0.15894994169267063,0
PAM-00218,marc_netadmin,Network Admin,switch-core-01,Tunisia,36.8065,10.1815,HTTPS,2026-02-03 09:07:25,15.8,9,0,1,,0,0,none,0.7071067811865476,-0.7071067811865475,0.7733887733887734,0.0103950103950103,0.17147558614789304,0
PAM-01785,jean_dev,Developer,git-prod,Tunisia,36.8065,10.1815,SSH,2026-02-03 09:34:47,41.3,9,0,13,,0,0,none,0.7071067811865476,-0.7071067811865475,0.7851063829787234,0.0085106382978723,0.13543114660878253,0
PAM-01339,jean_dev,Developer,app-dev-01,Tunisia,36.8065,10.1815,SSH,2026-02-03 09:36:04,36.3,9,0,11,,0,0,none,0.7071067811865476,-0.7071067811865475,0.2531914893617021,0.0085106382978723,0.17000566317059063,0
PAM-01608,sara_dba,DBA,backup-db,Tunisia,36.8065,10.1815,SSH,2026-02-03 11:16:30,35.7,11,0,12,,0,0,none,0.258819045102521,-0.9659258262890682,0.740041928721174,0.0188679245283018,0.12649439694687425,0
PAM-01090,jean_dev,Developer,git-prod,Tunisia,36.8065,10.1815,SSH,2026-02-03 12:42:22,24.9,12,0,4,,0,0,none,1.2246467991473532e-16,-1.0,0.7851063829787234,0.0085106382978723,0.1622030396907192,0
PAM-00267,sara_dba,DBA,backup-db,Tunisia,36.8065,10.1815,SSH,2026-02-03 13:47:28,21.5,13,0,3,,0,0,none,-0.2588190451025208,-0.9659258262890684,0.740041928721174,0.0188679245283018,0.15072437725324495,0
PAM-01565,sara_dba,DBA,backup-db,Tunisia,36.8065,10.1815,SSH,2026-02-03 14:42:40,30.0,14,0,7,,0,0,none,-0.4999999999999997,-0.8660254037844388,0.740041928721174,0.0188679245283018,0.1451316854648303,0
PAM-00509,sara_dba,DBA,prod-db-01,Tunisia,36.8065,10.1815,SSH,2026-02-03 14:50:47,19.9,14,0,5,,0,0,none,-0.4999999999999997,-0.8660254037844388,0.339622641509434,0.0188679245283018,0.17033252045258795,0
PAM-00376,sara_dba,DBA,prod-db-01,Tunisia,36.8065,10.1815,SSH,2026-02-03 16:49:32,15.7,16,0,5,,0,0,none,-0.8660254037844385,-0.5000000000000004,0.339622641509434,0.0188679245283018,0.13609897775864765,0
PAM-00417,sara_dba,DBA,backup-db,Tunisia,36.8065,10.1815,SSH,2026-02-03 17:17:57,26.0,17,0,5,,0,0,none,-0.9659258262890684,-0.2588190451025206,0.740041928721174,0.0188679245283018,0.09193051800120644,0
PAM-00322,crypto_bot,Service Account,backup-db,Tunisia,36.8065,10.1815,SSH,2026-02-04 02:02:22,38.3,2,0,12,,0,0,none,0.4999999999999999,0.8660254037844387,0.0106870229007633,0.0030534351145038,0.16111704613408756,0
PAM-01116,crypto_bot,Service Account,backup-db,Tunisia,36.8065,10.1815,SSH,2026-02-04 02:29:01,72.0,2,0,23,,0,0,none,0.4999999999999999,0.8660254037844387,0.0106870229007633,0.0030534351145038,0.038601610594366065,0
PAM-01118,crypto_bot,Service Account,backup-db,Tunisia,36.8065,10.1815,SSH,2026-02-04 02:47:38,15.4,2,0,8,,0,0,none,0.4999999999999999,0.8660254037844387,0.0106870229007633,0.0030534351145038,0.18405444397165627,0
PAM-00986,crypto_bot,Service Account,backup-db,Tunisia,36.8065,10.1815,SSH,2026-02-04 02:50:38,21.2,2,0,5,,0,0,none,0.4999999999999999,0.8660254037844387,0.0106870229007633,0.0030534351145038,0.1990869932599646,0
PAM-01962,crypto_bot,Service Account,backup-db,Tunisia,36.8065,10.1815,SSH,2026-02-04 03:21:58,15.2,3,0,3,,0,0,none,0.7071067811865476,0.7071067811865476,0.0106870229007633,0.0030534351145038,0.1408401173315605,0
PAM-01602,sara_dba,DBA,prod-db-01,Tunisia,36.8065,10.1815,SSH,2026-02-04 04:24:51,33.5,4,0,6,,0,1,unusual_hour,0.8660254037844386,0.5000000000000001,0.339622641509434,0.0188679245283018,0.08218269819851487,0
PAM-01400,jean_dev,Developer,app-dev-01,Tunisia,36.8065,10.1815,SSH,2026-02-04 08:01:12,41.5,8,0,7,,0,0,none,0.8660254037844387,-0.4999999999999998,0.2531914893617021,0.0085106382978723,0.1496989562753686,0
PAM-00049,marc_netadmin,Network Admin,fw-edge-01,Tunisia,36.8065,10.1815,HTTPS,2026-02-04 09:00:53,10.2,9,0,1,,0,0,none,0.7071067811865476,-0.7071067811865475,0.5405405405405406,0.0103950103950103,0.17395786170441851,0
PAM-01974,marc_netadmin,Network Admin,app-staging,Tunisia,36.8065,10.1815,HTTPS,2026-02-04 09:26:14,10.5,9,0,1,,0,1,unusual_asset,0.7071067811865476,-0.7071067811865475,0.9937629937629936,0.0103950103950103,0.10906165545159452,0
PAM-00247,marc_netadmin,Network Admin,switch-core-01,Ukraine,50.4501,30.5234,HTTPS,2026-02-04 09:35:20,17.2,9,0,3,,0,1,unusual_country,0.7071067811865476,-0.7071067811865475,0.7733887733887734,0.997920997920998,0.0080305331150744,0
PAM-01431,marc_netadmin,Network Admin,fw-edge-01,Tunisia,36.8065,10.1815,HTTPS,2026-02-04 10:04:06,14.6,10,0,1,,0,0,none,0.4999999999999999,-0.8660254037844387,0.5405405405405406,0.0103950103950103,0.18208914137113696,0
PAM-01656,jean_dev,Developer,app-dev-01,Tunisia,36.8065,10.1815,SSH,2026-02-04 10:27:59,19.5,10,0,4,,0,0,none,0.4999999999999999,-0.8660254037844387,0.2531914893617021,0.0085106382978723,0.1972922572142965,0
PAM-01848,sara_dba,DBA,prod-db-01,Tunisia,36.8065,10.1815,SSH,2026-02-04 11:19:54,30.7,11,0,7,,0,0,none,0.258819045102521,-0.9659258262890682,0.339622641509434,0.0188679245283018,0.1679559823614466,0
PAM-00837,marc_netadmin,Network Admin,fw-edge-02,Tunisia,36.8065,10.1815,HTTPS,2026-02-04 11:34:59,15.1,11,0,4,,0,0,none,0.258819045102521,-0.9659258262890682,0.7006237006237006,0.0103950103950103,0.18649811592266485,0
PAM-01526,jean_dev,Developer,app-dev-01,Tunisia,36.8065,10.1815,SSH,2026-02-04 12:01:22,8.9,12,0,2,,0,0,none,1.2246467991473532e-16,-1.0,0.2531914893617021,0.0085106382978723,0.17026253284368004,0
PAM-01095,sara_dba,DBA,prod-db-01,Tunisia,36.8065,10.1815,SSH,2026-02-04 13:45:36,7.0,13,0,1,,0,0,none,-0.2588190451025208,-0.9659258262890684,0.339622641509434,0.0188679245283018,0.14971346370943944,0
PAM-01778,sara_dba,DBA,prod-db-01,Tunisia,36.8065,10.1815,SSH,2026-02-04 16:55:18,38.1,16,0,16,,0,0,none,-0.8660254037844385,-0.5000000000000004,0.339622641509434,0.0188679245283018,0.07192703290621116,0
PAM-01803,sara_dba,DBA,prod-db-01,Tunisia,36.8065,10.1815,SSH,2026-02-04 17:02:36,23.5,17,0,8,,0,0,none,-0.9659258262890684,-0.2588190451025206,0.339622641509434,0.0188679245283018,0.10261970349572763,0
PAM-00514,sara_dba,DBA,backup-db,Tunisia,36.8065,10.1815,SSH,2026-02-04 17:05:45,46.9,17,0,10,,0,0,none,-0.9659258262890684,-0.2588190451025206,0.740041928721174,0.0188679245283018,0.04682166755751804,0
PAM-01755,crypto_bot,Service Account,backup-db,Tunisia,36.8065,10.1815,SSH,2026-02-05 01:07:05,10.3,1,0,3,,0,0,none,0.2588190451025207,0.9659258262890684,0.0106870229007633,0.0030534351145038,0.1148201341319336,0
PAM-00004,crypto_bot,Service Account,backup-db,Tunisia,36.8065,10.1815,SSH,2026-02-05 02:22:46,98.1,2,0,24,,0,0,none,0.4999999999999999,0.8660254037844387,0.0106870229007633,0.0030534351145038,-0.0042073081752254105,1
PAM-00818,crypto_bot,Service Account,backup-db,Tunisia,36.8065,10.1815,SSH,2026-02-05 02:25:45,28.4,2,0,6,,0,0,none,0.4999999999999999,0.8660254037844387,0.0106870229007633,0.0030534351145038,0.19377085002161437,0
PAM-00204,marc_netadmin,Network Admin,switch-core-01,Tunisia,36.8065,10.1815,HTTPS,2026-02-05 06:59:39,18.8,6,0,9,,0,0,none,1.0,6.123233995736766e-17,0.7733887733887734,0.0103950103950103,0.1081842047070199,0
PAM-00201,marc_netadmin,Network Admin,fw-edge-01,Tunisia,36.8065,10.1815,HTTPS,2026-02-05 09:56:50,38.1,9,0,10,,0,0,none,0.7071067811865476,-0.7071067811865475,0.5405405405405406,0.0103950103950103,0.1660291047725473,0
PAM-00022,marc_netadmin,Network Admin,fw-edge-01,Tunisia,36.8065,10.1815,HTTPS,2026-02-05 10:56:33,24.5,10,0,7,,0,0,none,0.4999999999999999,-0.8660254037844387,0.5405405405405406,0.0103950103950103,0.1886666090822809,0
PAM-00533,marc_netadmin,Network Admin,switch-core-01,Tunisia,36.8065,10.1815,HTTPS,2026-02-05 11:07:04,21.7,11,0,7,,0,0,none,0.258819045102521,-0.9659258262890682,0.7733887733887734,0.0103950103950103,0.1793135355174958,0
PAM-01902,sara_dba,DBA,backup-db,Tunisia,36.8065,10.1815,SSH,2026-02-05 11:24:55,36.8,11,0,10,,0,0,none,0.258819045102521,-0.9659258262890682,0.740041928721174,0.0188679245283018,0.13652265533980634,0
PAM-01880,marc_netadmin,Network Admin,switch-core-01,Tunisia,36.8065,10.1815,HTTPS,2026-02-05 11:26:28,15.3,11,0,2,,0,0,none,0.258819045102521,-0.9659258262890682,0.7733887733887734,0.0103950103950103,0.17948129463845153,0
PAM-00273,jean_dev,Developer,git-prod,Tunisia,36.8065,10.1815,SSH,2026-02-05 12:17:38,18.3,12,0,5,,0,0,none,1.2246467991473532e-16,-1.0,0.7851063829787234,0.0085106382978723,0.16493967714444346,0
PAM-01309,sara_dba,DBA,prod-db-01,Tunisia,36.8065,10.1815,SSH,2026-02-05 12:26:26,37.7,12,0,8,,0,0,none,1.2246467991473532e-16,-1.0,0.339622641509434,0.0188679245283018,0.14485469368330883,0
PAM-01869,jean_dev,Developer,git-prod,Tunisia,36.8065,10.1815,SSH,2026-02-05 12:51:53,25.6,12,0,6,,0,0,none,1.2246467991473532e-16,-1.0,0.7851063829787234,0.0085106382978723,0.16099886504597366,0
PAM-02072,jean_dev,Developer,app-dev-01,Tunisia,36.8065,10.1815,SSH,2026-02-05 13:11:00,19.7,13,0,2,,0,0,none,-0.2588190451025208,-0.9659258262890684,0.2531914893617021,0.0085106382978723,0.15421364091308765,0
PAM-01648,sara_dba,DBA,prod-db-01,Tunisia,36.8065,10.1815,SSH,2026-02-05 13:26:46,12.8,13,0,2,,0,0,none,-0.2588190451025208,-0.9659258262890684,0.339622641509434,0.0188679245283018,0.16537056028046865,0
PAM-00543,sara_dba,DBA,prod-db-01,Tunisia,36.8065,10.1815,SSH,2026-02-05 16:06:39,7.2,16,0,3,,0,0,none,-0.8660254037844385,-0.5000000000000004,0.339622641509434,0.0188679245283018,0.12100547055605593,0
PAM-01318,sara_dba,DBA,prod-db-01,Tunisia,36.8065,10.1815,SSH,2026-02-05 16:33:45,14.1,16,0,2,,0,0,none,-0.8660254037844385,-0.5000000000000004,0.339622641509434,0.0188679245283018,0.12960250907073823,0
PAM-00365,crypto_bot,Service Account,backup-db,Tunisia,36.8065,10.1815,SSH,2026-02-06 02:03:44,21.4,2,0,5,,0,0,none,0.4999999999999999,0.8660254037844387,0.0106870229007633,0.0030534351145038,0.19923576559702366,0
PAM-02010,crypto_bot,Service Account,backup-db,Tunisia,36.8065,10.1815,SSH,2026-02-06 02:29:58,22.1,2,0,4,,0,0,none,0.4999999999999999,0.8660254037844387,0.0106870229007633,0.0030534351145038,0.19861148630399583,0
PAM-00194,crypto_bot,Service Account,backup-db,Tunisia,36.8065,10.1815,SSH,2026-02-06 02:57:46,16.7,2,0,3,,0,0,none,0.4999999999999999,0.8660254037844387,0.0106870229007633,0.0030534351145038,0.1978143318677424,0
PAM-00231,marc_netadmin,Network Admin,fw-edge-01,Tunisia,36.8065,10.1815,HTTPS,2026-02-06 07:22:50,16.1,7,0,2,,0,0,none,0.9659258262890684,-0.2588190451025206,0.5405405405405406,0.0103950103950103,0.15528580512167833,0
PAM-00876,jean_dev,Developer,app-dev-01,Tunisia,36.8065,10.1815,SSH,2026-02-06 09:49:43,27.2,9,0,5,,0,0,none,0.7071067811865476,-0.7071067811865475,0.2531914893617021,0.0085106382978723,0.1889300731043848,0
PAM-00182,sara_dba,DBA,prod-db-01,Tunisia,36.8065,10.1815,SSH,2026-02-06 10:47:49,64.7,10,0,12,,0,0,none,0.4999999999999999,-0.8660254037844387,0.339622641509434,0.0188679245283018,0.08704909795518312,0
PAM-00046,sara_dba,DBA,backup-db,Tunisia,36.8065,10.1815,SSH,2026-02-06 11:06:47,21.9,11,0,3,DROP TABLE,1,0,none,0.258819045102521,-0.9659258262890682,0.740041928721174,0.0188679245283018,0.0010411875615361499,0
PAM-01245,sara_dba,DBA,prod-db-01,Tunisia,36.8065,10.1815,SSH,2026-02-06 11:57:31,8.5,11,0,2,,0,0,none,0.258819045102521,-0.9659258262890682,0.339622641509434,0.0188679245283018,0.1662581600998571,0
PAM-01481,marc_netadmin,Network Admin,fw-edge-02,Tunisia,36.8065,10.1815,HTTPS,2026-02-06 12:18:55,38.5,12,0,10,,0,0,none,1.2246467991473532e-16,-1.0,0.7006237006237006,0.0103950103950103,0.13472306010980373,0
PAM-00317,sara_dba,DBA,prod-db-01,Tunisia,36.8065,10.1815,SSH,2026-02-06 13:57:44,28.3,13,0,8,,0,0,none,-0.2588190451025208,-0.9659258262890684,0.339622641509434,0.0188679245283018,0.15802546639627763,0
PAM-01054,sara_dba,DBA,prod-db-01,Tunisia,36.8065,10.1815,SSH,2026-02-06 16:36:47,22.6,16,0,4,,0,0,none,-0.8660254037844385,-0.5000000000000004,0.339622641509434,0.0188679245283018,0.136139273742511,0
PAM-00706,sara_dba,DBA,prod-db-01,Tunisia,36.8065,10.1815,SSH,2026-02-06 16:50:35,25.0,16,0,9,,0,0,none,-0.8660254037844385,-0.5000000000000004,0.339622641509434,0.0188679245283018,0.1143469684416919,0
PAM-00510,crypto_bot,Service Account,backup-db,Tunisia,36.8065,10.1815,SSH,2026-02-07 01:18:59,18.3,1,1,4,,0,0,none,0.2588190451025207,0.9659258262890684,0.0106870229007633,0.0030534351145038,0.04161239222542845,0
PAM-00609,crypto_bot,Service Account,backup-db,Tunisia,36.8065,10.1815,SSH,2026-02-08 02:35:42,13.3,2,1,5,,0,0,none,0.4999999999999999,0.8660254037844387,0.0106870229007633,0.0030534351145038,0.13303687508744305,0
PAM-01316,crypto_bot,Service Account,backup-db,Tunisia,36.8065,10.1815,SSH,2026-02-08 02:56:07,18.3,2,1,8,,0,0,none,0.4999999999999999,0.8660254037844387,0.0106870229007633,0.0030534351145038,0.12451061713676342,0
PAM-01527,crypto_bot,Service Account,backup-db,Tunisia,36.8065,10.1815,SSH,2026-02-08 03:48:44,21.3,3,1,4,,0,0,none,0.7071067811865476,0.7071067811865476,0.0106870229007633,0.0030534351145038,0.051957751772512384,0
PAM-01320,marc_netadmin,Network Admin,fw-edge-01,Brazil,-15.7939,-47.8828,HTTPS,2026-02-08 08:02:35,54.7,8,1,18,,0,1,unusual_country,0.8660254037844387,-0.4999999999999998,0.5405405405405406,0.9937629937629936,-0.1203103818526795,1
PAM-00134,sara_dba,DBA,prod-db-01,Tunisia,36.8065,10.1815,SSH,2026-02-08 14:37:00,10.9,14,1,2,,0,0,none,-0.4999999999999997,-0.8660254037844388,0.339622641509434,0.0188679245283018,-0.0005839549344581751,1
PAM-00054,crypto_bot,Service Account,backup-db,Tunisia,36.8065,10.1815,SSH,2026-02-09 02:01:34,16.7,2,0,2,,0,0,none,0.4999999999999999,0.8660254037844387,0.0106870229007633,0.0030534351145038,0.19327604182722213,0
PAM-01233,crypto_bot,Service Account,backup-db,Tunisia,36.8065,10.1815,SSH,2026-02-09 02:17:03,13.6,2,0,5,,0,0,none,0.4999999999999999,0.8660254037844387,0.0106870229007633,0.0030534351145038,0.19611626291126072,0
PAM-01349,crypto_bot,Service Account,backup-db,Tunisia,36.8065,10.1815,SSH,2026-02-09 02:24:13,16.1,2,0,2,,0,0,none,0.4999999999999999,0.8660254037844387,0.0106870229007633,0.0030534351145038,0.19456731975379438,0
PAM-01677,crypto_bot,Service Account,backup-db,Tunisia,36.8065,10.1815,SSH,2026-02-09 02:26:10,54.2,2,0,11,,0,0,none,0.4999999999999999,0.8660254037844387,0.0106870229007633,0.0030534351145038,0.13107127518944556,0
PAM-01235,crypto_bot,Service Account,backup-db,Tunisia,36.8065,10.1815,SSH,2026-02-09 02:35:04,16.1,2,0,1,,0,0,none,0.4999999999999999,0.8660254037844387,0.0106870229007633,0.0030534351145038,0.18251184911149904,0
PAM-00271,crypto_bot,Service Account,backup-db,Tunisia,36.8065,10.1815,SSH,2026-02-09 02:42:20,69.3,2,0,30,,0,0,none,0.4999999999999999,0.8660254037844387,0.0106870229007633,0.0030534351145038,0.018213350184317023,0
PAM-01706,crypto_bot,Service Account,backup-db,Tunisia,36.8065,10.1815,SSH,2026-02-09 02:50:03,6.0,2,0,1,,0,0,none,0.4999999999999999,0.8660254037844387,0.0106870229007633,0.0030534351145038,0.1653237846471658,0
PAM-00797,marc_netadmin,Network Admin,fw-edge-02,Tunisia,36.8065,10.1815,HTTPS,2026-02-09 08:36:19,8.4,8,0,2,,0,0,none,0.8660254037844387,-0.4999999999999998,0.7006237006237006,0.0103950103950103,0.17083128326586167,0
PAM-00576,jean_dev,Developer,app-dev-01,Tunisia,36.8065,10.1815,SSH,2026-02-09 09:51:58,25.8,9,0,6,,0,0,none,0.7071067811865476,-0.7071067811865475,0.2531914893617021,0.0085106382978723,0.1895589489950658,0
PAM-00017,jean_dev,Developer,app-dev-01,Tunisia,36.8065,10.1815,SSH,2026-02-09 11:48:01,14.6,11,0,2,,0,0,none,0.258819045102521,-0.9659258262890682,0.2531914893617021,0.0085106382978723,0.19240892741595544,0
PAM-00611,marc_netadmin,Network Admin,fw-edge-01,Tunisia,36.8065,10.1815,HTTPS,2026-02-09 12:50:18,25.5,12,0,5,,0,0,none,1.2246467991473532e-16,-1.0,0.5405405405405406,0.0103950103950103,0.17280440889120124,0
PAM-00115,sara_dba,DBA,backup-db,Tunisia,36.8065,10.1815,SSH,2026-02-09 16:56:19,32.8,16,0,9,,0,0,none,-0.8660254037844385,-0.5000000000000004,0.740041928721174,0.0188679245283018,0.09250063087269106,0
PAM-00465,crypto_bot,Service Account,backup-db,Tunisia,36.8065,10.1815,SSH,2026-02-10 02:13:22,27.0,2,0,5,,0,0,none,0.4999999999999999,0.8660254037844387,0.0106870229007633,0.0030534351145038,0.1960670454522087,0
PAM-00499,crypto_bot,Service Account,backup-db,Tunisia,36.8065,10.1815,SSH,2026-02-10 02:41:13,16.0,2,0,6,,0,0,none,0.4999999999999999,0.8660254037844387,0.0106870229007633,0.0030534351145038,0.19552730828682197,0
PAM-01214,crypto_bot,Service Account,backup-db,Tunisia,36.8065,10.1815,SSH,2026-02-10 02:52:21,41.9,2,0,11,,0,0,none,0.4999999999999999,0.8660254037844387,0.0106870229007633,0.0030534351145038,0.16125875379104793,0
PAM-00367,marc_netadmin,Network Admin,fw-edge-01,Tunisia,36.8065,10.1815,HTTPS,2026-02-10 06:31:32,16.0,6,0,4,,0,0,none,1.0,6.123233995736766e-17,0.5405405405405406,0.0103950103950103,0.13522356009485414,0
PAM-01451,marc_netadmin,Network Admin,fw-edge-01,Tunisia,36.8065,10.1815,HTTPS,2026-02-10 08:47:16,16.2,8,0,2,,0,0,none,0.8660254037844387,-0.4999999999999998,0.5405405405405406,0.0103950103950103,0.18322483869886924,0
PAM-01546,marc_netadmin,Network Admin,fw-edge-02,Tunisia,36.8065,10.1815,HTTPS,2026-02-10 10:40:29,27.3,10,0,10,,0,0,none,0.4999999999999999,-0.8660254037844387,0.7006237006237006,0.0103950103950103,0.1646941172288212,0
PAM-00835,marc_netadmin,Network Admin,fw-edge-02,Tunisia,36.8065,10.1815,HTTPS,2026-02-10 11:00:32,22.5,11,0,4,,0,0,none,0.258819045102521,-0.9659258262890682,0.7006237006237006,0.0103950103950103,0.18439417384427753,0
PAM-00432,jean_dev,Developer,app-dev-01,Tunisia,36.8065,10.1815,SSH,2026-02-10 11:11:12,9.5,11,0,3,,0,0,none,0.258819045102521,-0.9659258262890682,0.2531914893617021,0.0085106382978723,0.18939772244362896,0
PAM-00831,jean_dev,Developer,app-dev-01,Tunisia,36.8065,10.1815,SSH,2026-02-10 12:05:02,8.4,12,0,2,,0,0,none,1.2246467991473532e-16,-1.0,0.2531914893617021,0.0085106382978723,0.17040263707261571,0
PAM-01510,sara_dba,DBA,prod-db-01,Tunisia,36.8065,10.1815,SSH,2026-02-10 14:02:07,22.7,14,0,9,,0,0,none,-0.4999999999999997,-0.8660254037844388,0.339622641509434,0.0188679245283018,0.1518062279846693,0
PAM-00958,crypto_bot,Service Account,backup-db,Tunisia,36.8065,10.1815,SSH,2026-02-11 01:05:32,9.9,1,0,1,,0,0,none,0.2588190451025207,0.9659258262890684,0.0106870229007633,0.0030534351145038,0.10672766521255633,0
PAM-01044,crypto_bot,Service Account,backup-db,Tunisia,36.8065,10.1815,SSH,2026-02-11 02:00:54,12.1,2,0,4,,0,0,none,0.4999999999999999,0.8660254037844387,0.0106870229007633,0.0030534351145038,0.195295796407227,0
PAM-00836,crypto_bot,Service Account,backup-db,Tunisia,36.8065,10.1815,SSH,2026-02-11 03:16:08,5.7,3,0,2,,0,0,none,0.7071067811865476,0.7071067811865476,0.0106870229007633,0.0030534351145038,0.11837770900939737,0
PAM-01549,marc_netadmin,Network Admin,fw-edge-01,Tunisia,36.8065,10.1815,HTTPS,2026-02-11 06:46:18,20.1,6,0,2,,0,0,none,1.0,6.123233995736766e-17,0.5405405405405406,0.0103950103950103,0.13027755579507128,0
PAM-02004,marc_netadmin,Network Admin,fw-edge-02,Tunisia,36.8065,10.1815,HTTPS,2026-02-11 07:23:09,14.9,7,0,1,,0,0,none,0.9659258262890684,-0.2588190451025206,0.7006237006237006,0.0103950103950103,0.14225732034770944,0
PAM-00400,jean_dev,Developer,app-dev-01,Tunisia,36.8065,10.1815,SSH,2026-02-11 07:47:13,19.9,7,0,8,,0,0,none,0.9659258262890684,-0.2588190451025206,0.2531914893617021,0.0085106382978723,0.14078625240316373,0
PAM-01845,marc_netadmin,Network Admin,fw-edge-01,Tunisia,36.8065,10.1815,HTTPS,2026-02-11 08:50:06,15.4,8,0,2,,0,0,none,0.8660254037844387,-0.4999999999999998,0.5405405405405406,0.0103950103950103,0.18343974777244648,0
PAM-01957,jean_dev,Developer,app-dev-01,Tunisia,36.8065,10.1815,SSH,2026-02-11 09:25:39,36.0,9,0,9,,0,0,none,0.7071067811865476,-0.7071067811865475,0.2531914893617021,0.0085106382978723,0.1794735390364433,0
PAM-01190,marc_netadmin,Network Admin,fw-edge-01,Tunisia,36.8065,10.1815,HTTPS,2026-02-11 10:32:37,16.0,10,0,2,,0,0,none,0.4999999999999999,-0.8660254037844387,0.5405405405405406,0.0103950103950103,0.19122529337635275,0
PAM-01313,sara_dba,DBA,backup-db,Tunisia,36.8065,10.1815,SSH,2026-02-11 11:02:03,10.7,11,0,1,,0,0,none,0.258819045102521,-0.9659258262890682,0.740041928721174,0.0188679245283018,0.14675789996436256,0
PAM-00024,jean_dev,Developer,app-dev-01,Tunisia,36.8065,10.1815,SSH,2026-02-11 11:03:59,7.0,11,0,1,,0,0,none,0.258819045102521,-0.9659258262890682,0.2531914893617021,0.0085106382978723,0.1711318537525156,0
PAM-00964,sara_dba,DBA,prod-db-01,Tunisia,36.8065,10.1815,SSH,2026-02-11 16:38:35,14.5,16,0,4,,0,0,none,-0.8660254037844385,-0.5000000000000004,0.339622641509434,0.0188679245283018,0.13699411605477657,0
PAM-01836,sara_dba,DBA,prod-db-01,Vietnam,21.0278,105.8342,SSH,2026-02-11 17:17:58,21.4,17,0,6,,0,1,unusual_country,-0.9659258262890684,-0.2588190451025206,0.339622641509434,0.9979035639412998,-0.022280649012848985,1
PAM-00386,crypto_bot,Service Account,backup-db,Tunisia,36.8065,10.1815,SSH,2026-02-12 02:39:32,39.1,2,0,12,,0,0,none,0.4999999999999999,0.8660254037844387,0.0106870229007633,0.0030534351145038,0.16101487441011003,0
PAM-02062,marc_netadmin,Network Admin,fw-edge-02,Tunisia,36.8065,10.1815,HTTPS,2026-02-12 07:22:45,20.5,7,0,10,,0,0,none,0.9659258262890684,-0.2588190451025206,0.7006237006237006,0.0103950103950103,0.1341298565736329,0
PAM-00834,jean_dev,Developer,git-prod,Tunisia,36.8065,10.1815,SSH,2026-02-12 07:23:50,29.7,7,0,9,,0,0,none,0.9659258262890684,-0.2588190451025206,0.7851063829787234,0.0085106382978723,0.12361476726584969,0
PAM-00129,marc_netadmin,Network Admin,switch-core-01,Tunisia,36.8065,10.1815,HTTPS,2026-02-12 07:32:01,20.6,7,0,10,,0,0,none,0.9659258262890684,-0.2588190451025206,0.7733887733887734,0.0103950103950103,0.1278290265131029,0
PAM-01983,marc_netadmin,Network Admin,fw-edge-01,Tunisia,36.8065,10.1815,HTTPS,2026-02-12 08:05:24,30.3,8,0,8,,0,0,none,0.8660254037844387,-0.4999999999999998,0.5405405405405406,0.0103950103950103,0.17238766576886405,0
PAM-00440,marc_netadmin,Network Admin,fw-edge-01,Tunisia,36.8065,10.1815,HTTPS,2026-02-12 09:11:31,33.1,9,0,13,,0,0,none,0.7071067811865476,-0.7071067811865475,0.5405405405405406,0.0103950103950103,0.15792849349543414,0
PAM-00353,jean_dev,Developer,app-dev-01,Tunisia,36.8065,10.1815,SSH,2026-02-12 09:16:59,38.7,9,0,10,,0,0,none,0.7071067811865476,-0.7071067811865475,0.2531914893617021,0.0085106382978723,0.1658550428015153,0
PAM-00913,jean_dev,Developer,app-dev-01,Tunisia,36.8065,10.1815,SSH,2026-02-12 10:05:55,17.6,10,0,8,,0,0,none,0.4999999999999999,-0.8660254037844387,0.2531914893617021,0.0085106382978723,0.18918161123534616,0
PAM-01274,marc_netadmin,Network Admin,fw-edge-02,Tunisia,36.8065,10.1815,HTTPS,2026-02-12 10:47:33,73.4,10,0,12,,0,0,none,0.4999999999999999,-0.8660254037844387,0.7006237006237006,0.0103950103950103,0.0983938845575883,0
PAM-00157,jean_dev,Developer,git-prod,Tunisia,36.8065,10.1815,SSH,2026-02-12 10:56:44,9.0,10,0,1,,0,0,none,0.4999999999999999,-0.8660254037844387,0.7851063829787234,0.0085106382978723,0.16414544703666617,0
PAM-00935,marc_netadmin,Network Admin,switch-core-01,Tunisia,36.8065,10.1815,HTTPS,2026-02-12 11:10:48,20.6,11,0,6,,0,0,none,0.258819045102521,-0.9659258262890682,0.7733887733887734,0.0103950103950103,0.18273222906896724,0
PAM-01503,sara_dba,DBA,prod-db-01,Tunisia,36.8065,10.1815,SSH,2026-02-12 11:35:58,36.3,11,0,9,,0,0,none,0.258819045102521,-0.9659258262890682,0.339622641509434,0.0188679245283018,0.1551678658460407,0
PAM-00431,sara_dba,DBA,prod-db-01,Tunisia,36.8065,10.1815,SSH,2026-02-12 12:26:32,25.0,12,0,13,,0,0,none,1.2246467991473532e-16,-1.0,0.339622641509434,0.0188679245283018,0.12745972785839332,0
PAM-00656,sara_dba,DBA,prod-db-01,Tunisia,36.8065,10.1815,SSH,2026-02-12 17:29:02,17.3,17,0,4,,0,0,none,-0.9659258262890684,-0.2588190451025206,0.339622641509434,0.0188679245283018,0.1120135324304507,0
PAM-01745,crypto_bot,Service Account,backup-db,Tunisia,36.8065,10.1815,SSH,2026-02-13 01:02:35,17.2,1,0,9,,0,0,none,0.2588190451025207,0.9659258262890684,0.0106870229007633,0.0030534351145038,0.09727834974637123,0
PAM-00158,crypto_bot,Service Account,backup-db,Tunisia,36.8065,10.1815,SSH,2026-02-13 02:05:40,7.5,2,0,1,,0,0,none,0.4999999999999999,0.8660254037844387,0.0106870229007633,0.0030534351145038,0.17152794024292545,0
PAM-01212,crypto_bot,Service Account,backup-db,Tunisia,36.8065,10.1815,SSH,2026-02-13 02:13:33,12.6,2,0,4,,0,0,none,0.4999999999999999,0.8660254037844387,0.0106870229007633,0.0030534351145038,0.19683802646922005,0
PAM-00992,crypto_bot,Service Account,backup-db,Tunisia,36.8065,10.1815,SSH,2026-02-13 02:49:52,12.1,2,0,3,,0,0,none,0.4999999999999999,0.8660254037844387,0.0106870229007633,0.0030534351145038,0.19428808452204405,0
PAM-01486,jean_dev,Developer,app-dev-01,Tunisia,36.8065,10.1815,SSH,2026-02-13 03:23:21,8.6,3,0,3,,0,1,unusual_hour,0.7071067811865476,0.7071067811865476,0.2531914893617021,0.0085106382978723,0.11126767524411002,0
PAM-01892,marc_netadmin,Network Admin,fw-edge-02,Tunisia,36.8065,10.1815,HTTPS,2026-02-13 07:10:18,13.7,7,0,6,,0,0,none,0.9659258262890684,-0.2588190451025206,0.7006237006237006,0.0103950103950103,0.15221162845327008,0
PAM-00680,sara_dba,DBA,prod-db-01,Tunisia,36.8065,10.1815,SSH,2026-02-13 07:37:03,27.3,7,0,8,,0,0,none,0.9659258262890684,-0.2588190451025206,0.339622641509434,0.0188679245283018,0.1174153920201142,0
PAM-01707,marc_netadmin,Network Admin,fw-edge-02,Tunisia,36.8065,10.1815,HTTPS,2026-02-13 09:32:46,11.5,9,0,1,,0,0,none,0.7071067811865476,-0.7071067811865475,0.7006237006237006,0.0103950103950103,0.17313636067806076,0
PAM-01742,jean_dev,Developer,app-dev-01,Tunisia,36.8065,10.1815,SSH,2026-02-13 10:35:43,9.6,10,0,4,,0,0,none,0.4999999999999999,-0.8660254037844387,0.2531914893617021,0.0085106382978723,0.18975146273061888,0
PAM-00633,marc_netadmin,Network Admin,switch-core-01,Tunisia,36.8065,10.1815,HTTPS,2026-02-13 10:40:23,15.8,10,0,5,,0,0,none,0.4999999999999999,-0.8660254037844387,0.7733887733887734,0.0103950103950103,0.18806178890881003,0
PAM-01228,sara_dba,DBA,prod-db-01,Tunisia,36.8065,10.1815,SSH,2026-02-13 13:01:14,34.3,13,0,2,,0,0,none,-0.2588190451025208,-0.9659258262890684,0.339622641509434,0.0188679245283018,0.14930929009917682,0
PAM-01964,sara_dba,DBA,prod-db-01,Tunisia,36.8065,10.1815,SSH,2026-02-13 13:56:26,11.0,13,0,1,,0,0,none,-0.2588190451025208,-0.9659258262890684,0.339622641509434,0.0188679245283018,0.15705889632074904,0
PAM-00523,sara_dba,DBA,prod-db-01,Tunisia,36.8065,10.1815,SSH,2026-02-13 14:06:31,14.1,14,0,4,,0,0,none,-0.4999999999999997,-0.8660254037844388,0.339622641509434,0.0188679245283018,0.16786677354788926,0
PAM-00857,jean_dev,Developer,app-dev-01,Tunisia,36.8065,10.1815,SSH,2026-02-13 14:46:08,16.7,14,0,2,,0,0,none,-0.4999999999999997,-0.8660254037844388,0.2531914893617021,0.0085106382978723,0.1432138833426269,0
PAM-01842,sara_dba,DBA,prod-db-01,Tunisia,36.8065,10.1815,SSH,2026-02-13 14:52:27,18.4,14,0,2,,0,0,none,-0.4999999999999997,-0.8660254037844388,0.339622641509434,0.0188679245283018,0.16698313846413315,0
PAM-01961,sara_dba,DBA,backup-db,Tunisia,36.8065,10.1815,SSH,2026-02-13 16:19:47,22.5,16,0,7,,0,0,none,-0.8660254037844385,-0.5000000000000004,0.740041928721174,0.0188679245283018,0.11269645811989248,0
PAM-00319,crypto_bot,Service Account,backup-db,Tunisia,36.8065,10.1815,SSH,2026-02-14 01:34:02,9.8,1,1,2,,0,0,none,0.2588190451025207,0.9659258262890684,0.0106870229007633,0.0030534351145038,0.02522836745259338,0
PAM-01279,crypto_bot,Service Account,backup-db,Tunisia,36.8065,10.1815,SSH,2026-02-14 02:13:27,28.2,2,1,10,,0,0,none,0.4999999999999999,0.8660254037844387,0.0106870229007633,0.0030534351145038,0.10945132974183192,0
PAM-00315,crypto_bot,Service Account,backup-db,Tunisia,36.8065,10.1815,SSH,2026-02-14 02:15:40,35.2,2,1,12,,0,0,none,0.4999999999999999,0.8660254037844387,0.0106870229007633,0.0030534351145038,0.09400961117903067,0
PAM-01885,crypto_bot,Service Account,backup-db,Tunisia,36.8065,10.1815,SSH,2026-02-14 02:17:36,13.3,2,1,2,,0,0,none,0.4999999999999999,0.8660254037844387,0.0106870229007633,0.0030534351145038,0.12071457008281211,0
PAM-01244,crypto_bot,Service Account,backup-db,Tunisia,36.8065,10.1815,SSH,2026-02-14 02:22:09,13.2,2,1,3,,0,0,none,0.4999999999999999,0.8660254037844387,0.0106870229007633,0.0030534351145038,0.12983095337908668,0
PAM-01171,crypto_bot,Service Account,backup-db,Tunisia,36.8065,10.1815,SSH,2026-02-14 02:44:16,28.0,2,1,4,,0,0,none,0.4999999999999999,0.8660254037844387,0.0106870229007633,0.0030534351145038,0.128236734372787,0
PAM-00727,crypto_bot,Service Account,backup-db,Tunisia,36.8065,10.1815,SSH,2026-02-14 02:48:40,22.1,2,1,6,,0,0,none,0.4999999999999999,0.8660254037844387,0.0106870229007633,0.0030534351145038,0.13514618263056166,0
PAM-01523,crypto_bot,Service Account,backup-db,Tunisia,36.8065,10.1815,SSH,2026-02-14 02:50:22,10.8,2,1,6,,0,0,none,0.4999999999999999,0.8660254037844387,0.0106870229007633,0.0030534351145038,0.12021412550612437,0
PAM-00540,crypto_bot,Service Account,backup-db,Tunisia,36.8065,10.1815,SSH,2026-02-15 02:10:55,34.6,2,1,9,,0,0,none,0.4999999999999999,0.8660254037844387,0.0106870229007633,0.0030534351145038,0.10994737958255557,0
PAM-01391,crypto_bot,Service Account,backup-db,Tunisia,36.8065,10.1815,SSH,2026-02-15 02:11:40,20.9,2,1,2,,0,0,none,0.4999999999999999,0.8660254037844387,0.0106870229007633,0.0030534351145038,0.11832964165604426,0
PAM-00310,crypto_bot,Service Account,backup-db,Tunisia,36.8065,10.1815,SSH,2026-02-15 02:33:15,15.5,2,1,5,,0,0,none,0.4999999999999999,0.8660254037844387,0.0106870229007633,0.0030534351145038,0.13611158861160483,0
PAM-00121,crypto_bot,Service Account,backup-db,Tunisia,36.8065,10.1815,SSH,2026-02-15 02:41:15,31.4,2,1,8,,0,0,none,0.4999999999999999,0.8660254037844387,0.0106870229007633,0.0030534351145038,0.11981226176399667,0
PAM-00012,crypto_bot,Service Account,backup-db,Tunisia,36.8065,10.1815,SSH,2026-02-15 02:52:13,40.2,2,1,11,,0,0,none,0.4999999999999999,0.8660254037844387,0.0106870229007633,0.0030534351145038,0.09311618916874287,0
PAM-02025,marc_netadmin,Network Admin,switch-core-01,Tunisia,36.8065,10.1815,HTTPS,2026-02-15 08:08:01,16.0,8,1,4,,0,0,none,0.8660254037844387,-0.4999999999999998,0.7733887733887734,0.0103950103950103,0.019860410070715817,0
PAM-00009,sara_dba,DBA,backup-db,Tunisia,36.8065,10.1815,SSH,2026-02-15 13:37:05,39.3,13,1,13,,0,0,none,-0.2588190451025208,-0.9659258262890684,0.740041928721174,0.0188679245283018,-0.031014318372021732,1
PAM-00881,crypto_bot,Service Account,backup-db,Tunisia,36.8065,10.1815,SSH,2026-02-16 02:11:34,15.6,2,0,3,,0,0,none,0.4999999999999999,0.8660254037844387,0.0106870229007633,0.0030534351145038,0.19882979062191725,0
PAM-01520,marc_netadmin,Network Admin,fw-edge-02,Tunisia,36.8065,10.1815,HTTPS,2026-02-16 04:18:20,8.8,4,0,1,,0,0,none,0.8660254037844386,0.5000000000000001,0.7006237006237006,0.0103950103950103,0.09087582601788952,0
PAM-00719,jean_dev,Developer,app-staging,Tunisia,36.8065,10.1815,SSH,2026-02-16 07:01:20,21.0,7,0,3,,0,0,none,0.9659258262890684,-0.2588190451025206,0.9659574468085106,0.0085106382978723,0.09749481924292092,0
PAM-00515,marc_netadmin,Network Admin,fw-edge-01,Tunisia,36.8065,10.1815,HTTPS,2026-02-16 08:15:42,102.3,8,0,24,,0,0,none,0.8660254037844387,-0.4999999999999998,0.5405405405405406,0.0103950103950103,0.01583123101085493,0
PAM-00488,jean_dev,Developer,app-dev-01,Tunisia,36.8065,10.1815,SSH,2026-02-16 08:25:13,8.6,8,0,2,,0,0,none,0.8660254037844387,-0.4999999999999998,0.2531914893617021,0.0085106382978723,0.16201618347280916,0
PAM-01601,marc_netadmin,Network Admin,fw-edge-01,Tunisia,36.8065,10.1815,HTTPS,2026-02-16 09:11:38,14.7,9,0,3,,0,0,none,0.7071067811865476,-0.7071067811865475,0.5405405405405406,0.0103950103950103,0.1925071289742588,0
PAM-01644,marc_netadmin,Network Admin,switch-core-01,Tunisia,36.8065,10.1815,HTTPS,2026-02-16 10:23:23,28.1,10,0,7,,0,0,none,0.4999999999999999,-0.8660254037844387,0.7733887733887734,0.0103950103950103,0.18106790349712276,0
PAM-01281,jean_dev,Developer,app-dev-01,Tunisia,36.8065,10.1815,SSH,2026-02-16 11:35:34,61.8,11,0,15,,0,0,none,0.258819045102521,-0.9659258262890682,0.2531914893617021,0.0085106382978723,0.09668557436730196,0
PAM-01571,jean_dev,Developer,app-dev-01,Tunisia,36.8065,10.1815,SSH,2026-02-16 11:48:48,40.0,11,0,4,,0,0,none,0.258819045102521,-0.9659258262890682,0.2531914893617021,0.0085106382978723,0.16454671681915073,0
PAM-00099,sara_dba,DBA,prod-db-01,Tunisia,36.8065,10.1815,SSH,2026-02-16 12:10:17,15.6,12,0,8,,0,0,none,1.2246467991473532e-16,-1.0,0.339622641509434,0.0188679245283018,0.15839842731985004,0
PAM-01136,sara_dba,DBA,prod-db-01,Tunisia,36.8065,10.1815,SSH,2026-02-16 16:15:23,13.0,16,0,5,,0,0,none,-0.8660254037844385,-0.5000000000000004,0.339622641509434,0.0188679245283018,0.13504313265596796,0
PAM-01504,crypto_bot,Service Account,backup-db,Tunisia,36.8065,10.1815,SSH,2026-02-17 02:14:35,27.4,2,0,7,,0,0,none,0.4999999999999999,0.8660254037844387,0.0106870229007633,0.0030534351145038,0.1948901407862872,0
PAM-01254,crypto_bot,Service Account,backup-db,Tunisia,36.8065,10.1815,SSH,2026-02-17 02:14:36,51.9,2,0,15,,0,0,none,0.4999999999999999,0.8660254037844387,0.0106870229007633,0.0030534351145038,0.12822713536036795,0
PAM-00500,crypto_bot,Service Account,backup-db,Tunisia,36.8065,10.1815,SSH,2026-02-17 02:39:50,35.3,2,0,5,,0,0,none,0.4999999999999999,0.8660254037844387,0.0106870229007633,0.0030534351145038,0.17730886550095293,0
PAM-00647,crypto_bot,Service Account,backup-db,Tunisia,36.8065,10.1815,SSH,2026-02-17 02:53:03,25.3,2,0,4,,0,0,none,0.4999999999999999,0.8660254037844387,0.0106870229007633,0.0030534351145038,0.19644166711638267,0
PAM-01253,crypto_bot,Service Account,backup-db,Tunisia,36.8065,10.1815,SSH,2026-02-17 02:58:07,30.6,2,0,8,,0,0,none,0.4999999999999999,0.8660254037844387,0.0106870229007633,0.0030534351145038,0.1883141600915389,0
PAM-00973,crypto_bot,Service Account,backup-db,Tunisia,36.8065,10.1815,SSH,2026-02-17 02:58:20,32.8,2,0,8,,0,0,none,0.4999999999999999,0.8660254037844387,0.0106870229007633,0.0030534351145038,0.18482818351813507,0
PAM-00476,marc_netadmin,Network Admin,fw-edge-01,Tunisia,36.8065,10.1815,HTTPS,2026-02-17 07:13:11,42.9,7,0,14,,0,0,none,0.9659258262890684,-0.2588190451025206,0.5405405405405406,0.0103950103950103,0.10728399346876766,0
PAM-01562,marc_netadmin,Network Admin,switch-core-01,Tunisia,36.8065,10.1815,HTTPS,2026-02-17 08:20:47,27.0,8,0,11,,0,0,none,0.8660254037844387,-0.4999999999999998,0.7733887733887734,0.0103950103950103,0.14446914031176694,0
PAM-00378,marc_netadmin,Network Admin,fw-edge-01,Tunisia,36.8065,10.1815,HTTPS,2026-02-17 08:40:48,12.4,8,0,2,,0,0,none,0.8660254037844387,-0.4999999999999998,0.5405405405405406,0.0103950103950103,0.18213366650471047,0
PAM-01492,jean_dev,Developer,app-dev-01,Tunisia,36.8065,10.1815,SSH,2026-02-17 09:42:18,24.4,9,0,6,,0,0,none,0.7071067811865476,-0.7071067811865475,0.2531914893617021,0.0085106382978723,0.19016689029507866,0
PAM-01368,jean_dev,Developer,app-dev-01,Brazil,-15.7939,-47.8828,SSH,2026-02-17 09:53:49,23.4,9,0,11,,0,1,unusual_country,0.7071067811865476,-0.7071067811865475,0.2531914893617021,0.997872340425532,0.010206589576004621,0
PAM-00646,marc_netadmin,Network Admin,fw-edge-01,Tunisia,36.8065,10.1815,HTTPS,2026-02-17 09:53:51,5.5,9,0,2,,0,0,none,0.7071067811865476,-0.7071067811865475,0.5405405405405406,0.0103950103950103,0.1704398577680734,0
PAM-00637,marc_netadmin,Network Admin,fw-edge-02,Tunisia,36.8065,10.1815,HTTPS,2026-02-17 10:20:45,9.4,10,0,2,,0,0,none,0.4999999999999999,-0.8660254037844387,0.7006237006237006,0.0103950103950103,0.18365929707277018,0
PAM-00708,jean_dev,Developer,app-dev-01,Tunisia,36.8065,10.1815,SSH,2026-02-17 10:51:46,22.7,10,0,3,,0,0,none,0.4999999999999999,-0.8660254037844387,0.2531914893617021,0.0085106382978723,0.19456905080802434,0
PAM-01103,marc_netadmin,Network Admin,fw-edge-01,Tunisia,36.8065,10.1815,HTTPS,2026-02-17 10:53:39,21.1,10,0,4,,0,0,none,0.4999999999999999,-0.8660254037844387,0.5405405405405406,0.0103950103950103,0.19332460587954858,0
PAM-01211,sara_dba,DBA,prod-db-01,Tunisia,36.8065,10.1815,SSH,2026-02-17 11:08:58,7.1,11,0,3,,0,0,none,0.258819045102521,-0.9659258262890682,0.339622641509434,0.0188679245283018,0.1631332267952874,0
PAM-01188,jean_dev,Developer,app-dev-01,Tunisia,36.8065,10.1815,SSH,2026-02-17 12:27:06,14.8,12,0,7,,0,0,none,1.2246467991473532e-16,-1.0,0.2531914893617021,0.0085106382978723,0.17302500288086003,0
PAM-00724,sara_dba,DBA,prod-db-02,Tunisia,36.8065,10.1815,SSH,2026-02-17 12:53:41,14.4,12,0,3,,0,0,none,1.2246467991473532e-16,-1.0,0.9224318658280922,0.0188679245283018,0.11630831616256404,0
PAM-00407,jean_dev,Developer,app-dev-01,Tunisia,36.8065,10.1815,SSH,2026-02-17 13:27:59,7.0,13,0,1,,0,0,none,-0.2588190451025208,-0.9659258262890684,0.2531914893617021,0.0085106382978723,0.13698497208852284,0
PAM-01912,sara_dba,DBA,backup-db,Tunisia,36.8065,10.1815,SSH,2026-02-17 14:47:39,15.7,14,0,3,,0,0,none,-0.4999999999999997,-0.8660254037844388,0.740041928721174,0.0188679245283018,0.1547312221069312,0
PAM-00178,crypto_bot,Service Account,backup-db,Tunisia,36.8065,10.1815,SSH,2026-02-18 02:11:32,16.4,2,0,8,,0,0,none,0.4999999999999999,0.8660254037844387,0.0106870229007633,0.0030534351145038,0.18489898995761533,0
PAM-00713,crypto_bot,Service Account,backup-db,Tunisia,36.8065,10.1815,SSH,2026-02-18 02:18:21,14.9,2,0,4,,0,0,none,0.4999999999999999,0.8660254037844387,0.0106870229007633,0.0030534351145038,0.199038950690058,0
PAM-00910,crypto_bot,Service Account,backup-db,Tunisia,36.8065,10.1815,SSH,2026-02-18 02:23:05,30.9,2,0,10,,0,1,unusual_hour,0.4999999999999999,0.8660254037844387,0.0106870229007633,0.0030534351145038,0.17722804719889473,0
PAM-01573,crypto_bot,Service Account,backup-db,Tunisia,36.8065,10.1815,SSH,2026-02-18 02:43:31,12.3,2,0,4,,0,0,none,0.4999999999999999,0.8660254037844387,0.0106870229007633,0.0030534351145038,0.19684851703684897,0
PAM-00915,crypto_bot,Service Account,backup-db,Tunisia,36.8065,10.1815,SSH,2026-02-18 02:46:10,10.3,2,0,1,,0,0,none,0.4999999999999999,0.8660254037844387,0.0106870229007633,0.0030534351145038,0.17972332719517764,0
PAM-00472,crypto_bot,Service Account,backup-db,Tunisia,36.8065,10.1815,SSH,2026-02-18 03:50:26,16.7,3,0,4,,0,0,none,0.7071067811865476,0.7071067811865476,0.0106870229007633,0.0030534351145038,0.14430286233185002,0
PAM-00564,marc_netadmin,Network Admin,fw-edge-01,Tunisia,36.8065,10.1815,HTTPS,2026-02-18 08:05:29,26.9,8,0,5,,0,0,none,0.8660254037844387,-0.4999999999999998,0.5405405405405406,0.0103950103950103,0.18116412772565404,0
PAM-00901,marc_netadmin,Network Admin,switch-core-01,Tunisia,36.8065,10.1815,HTTPS,2026-02-18 08:54:17,35.4,8,0,5,,0,0,none,0.8660254037844387,-0.4999999999999998,0.7733887733887734,0.0103950103950103,0.16244409083659433,0
PAM-00862,jean_dev,Developer,app-dev-01,Tunisia,36.8065,10.1815,SSH,2026-02-18 09:30:30,20.8,9,0,3,,0,0,none,0.7071067811865476,-0.7071067811865475,0.2531914893617021,0.0085106382978723,0.18973520215099782,0
PAM-00166,jean_dev,Developer,app-dev-01,Tunisia,36.8065,10.1815,SSH,2026-02-18 12:17:54,8.7,12,0,3,,0,0,none,1.2246467991473532e-16,-1.0,0.2531914893617021,0.0085106382978723,0.17197842188887763,0
PAM-01687,sara_dba,DBA,prod-db-01,Tunisia,36.8065,10.1815,SSH,2026-02-18 12:37:34,10.9,12,0,3,,0,0,none,1.2246467991473532e-16,-1.0,0.339622641509434,0.0188679245283018,0.16492692260214276,0
PAM-01985,sara_dba,DBA,prod-db-02,Tunisia,36.8065,10.1815,SSH,2026-02-18 14:47:54,21.5,14,0,3,,0,0,none,-0.4999999999999997,-0.8660254037844388,0.9224318658280922,0.0188679245283018,0.10993879562187298,0
PAM-00104,sara_dba,DBA,backup-db,Tunisia,36.8065,10.1815,SSH,2026-02-18 16:25:08,13.5,16,0,3,,0,0,none,-0.8660254037844385,-0.5000000000000004,0.740041928721174,0.0188679245283018,0.11306612376797492,0
PAM-00088,crypto_bot,Service Account,backup-db,Tunisia,36.8065,10.1815,SSH,2026-02-19 01:27:50,17.4,1,0,5,,0,0,none,0.2588190451025207,0.9659258262890684,0.0106870229007633,0.0030534351145038,0.1197665904488664,0
PAM-00889,crypto_bot,Service Account,backup-db,Tunisia,36.8065,10.1815,SSH,2026-02-19 02:16:00,45.5,2,0,4,,0,0,none,0.4999999999999999,0.8660254037844387,0.0106870229007633,0.0030534351145038,0.1583605442775763,0
PAM-00825,crypto_bot,Service Account,backup-db,Tunisia,36.8065,10.1815,SSH,2026-02-19 02:19:11,5.0,2,0,1,,0,0,none,0.4999999999999999,0.8660254037844387,0.0106870229007633,0.0030534351145038,0.15842359036700943,0
PAM-01067,crypto_bot,Service Account,backup-db,Tunisia,36.8065,10.1815,SSH,2026-02-19 02:55:39,14.7,2,0,5,,0,0,none,0.4999999999999999,0.8660254037844387,0.0106870229007633,0.0030534351145038,0.19749197014016662,0
PAM-01805,marc_netadmin,Network Admin,fw-edge-02,Tunisia,36.8065,10.1815,HTTPS,2026-02-19 05:20:28,29.9,5,0,7,,0,0,none,0.9659258262890684,0.2588190451025207,0.7006237006237006,0.0103950103950103,0.11050043084316785,0
PAM-00053,jean_dev,Developer,git-prod,Tunisia,36.8065,10.1815,SSH,2026-02-19 08:28:43,10.7,8,0,6,,0,0,none,0.8660254037844387,-0.4999999999999998,0.7851063829787234,0.0085106382978723,0.16004356581569684,0
PAM-01287,marc_netadmin,Network Admin,fw-edge-01,Tunisia,36.8065,10.1815,HTTPS,2026-02-19 08:37:50,12.6,8,0,4,,0,0,none,0.8660254037844387,-0.4999999999999998,0.5405405405405406,0.0103950103950103,0.18487015076220842,0
PAM-02078,marc_netadmin,Network Admin,switch-core-01,Tunisia,36.8065,10.1815,HTTPS,2026-02-19 09:14:43,25.9,9,0,13,,0,0,none,0.7071067811865476,-0.7071067811865475,0.7733887733887734,0.0103950103950103,0.14583455216734048,0
PAM-01369,jean_dev,Developer,git-prod,Tunisia,36.8065,10.1815,SSH,2026-02-19 09:36:38,18.0,9,0,7,,0,0,none,0.7071067811865476,-0.7071067811865475,0.7851063829787234,0.0085106382978723,0.17571397093698754,0
PAM-00765,jean_dev,Developer,git-prod,Tunisia,36.8065,10.1815,SSH,2026-02-19 10:12:48,25.6,10,0,6,,0,0,none,0.4999999999999999,-0.8660254037844387,0.7851063829787234,0.0085106382978723,0.17942283603529974,0
PAM-00224,jean_dev,Developer,git-prod,Tunisia,36.8065,10.1815,SSH,2026-02-19 11:02:34,22.7,11,0,8,,0,0,none,0.258819045102521,-0.9659258262890682,0.7851063829787234,0.0085106382978723,0.17004669019025925,0
PAM-00728,jean_dev,Developer,app-dev-01,Tunisia,36.8065,10.1815,SSH,2026-02-19 11:17:45,8.8,11,0,2,,0,0,none,0.258819045102521,-0.9659258262890682,0.2531914893617021,0.0085106382978723,0.186406222119951,0
PAM-01399,jean_dev,Developer,app-dev-01,Tunisia,36.8065,10.1815,SSH,2026-02-19 13:29:30,131.4,13,0,45,shutdown -h now,1,0,none,-0.2588190451025208,-0.9659258262890684,0.2531914893617021,0.0085106382978723,-0.13943683933232587,1
PAM-01509,sara_dba,DBA,backup-db,Tunisia,36.8065,10.1815,SSH,2026-02-19 14:01:32,16.0,14,0,4,,0,0,none,-0.4999999999999997,-0.8660254037844388,0.740041928721174,0.0188679245283018,0.15444460470325766,0
PAM-01825,sara_dba,DBA,backup-db,Tunisia,36.8065,10.1815,SSH,2026-02-19 16:01:40,33.9,16,0,4,,0,0,none,-0.8660254037844385,-0.5000000000000004,0.740041928721174,0.0188679245283018,0.10673912784166761,0
PAM-01649,sara_dba,DBA,prod-db-01,Tunisia,36.8065,10.1815,SSH,2026-02-19 16:34:21,15.1,16,0,9,,0,0,none,-0.8660254037844385,-0.5000000000000004,0.339622641509434,0.0188679245283018,0.1131553288133163,0
PAM-01594,sara_dba,DBA,prod-db-02,Tunisia,36.8065,10.1815,SSH,2026-02-19 17:16:32,12.6,17,0,1,,0,0,none,-0.9659258262890684,-0.2588190451025206,0.9224318658280922,0.0188679245283018,0.04212020379197545,0
PAM-01324,crypto_bot,Service Account,backup-db,Tunisia,36.8065,10.1815,SSH,2026-02-20 01:09:58,20.6,1,0,3,,0,0,none,0.2588190451025207,0.9659258262890684,0.0106870229007633,0.0030534351145038,0.11825249075604116,0
PAM-00718,crypto_bot,Service Account,backup-db,Tunisia,36.8065,10.1815,SSH,2026-02-20 02:22:30,27.2,2,0,5,,0,0,none,0.4999999999999999,0.8660254037844387,0.0106870229007633,0.0030534351145038,0.19537453828305695,0
PAM-01537,crypto_bot,Service Account,backup-db,Tunisia,36.8065,10.1815,SSH,2026-02-20 03:07:45,26.8,3,0,19,,0,0,none,0.7071067811865476,0.7071067811865476,0.0106870229007633,0.0030534351145038,0.06772553507661772,0
PAM-02034,crypto_bot,Service Account,backup-db,Tunisia,36.8065,10.1815,SSH,2026-02-20 03:46:09,46.0,3,0,12,,0,0,none,0.7071067811865476,0.7071067811865476,0.0106870229007633,0.0030534351145038,0.09128906444461726,0
PAM-00663,marc_netadmin,Network Admin,switch-core-01,Tunisia,36.8065,10.1815,HTTPS,2026-02-20 07:13:20,10.0,7,0,1,,0,0,none,0.9659258262890684,-0.2588190451025206,0.7733887733887734,0.0103950103950103,0.1343867585290321,0
PAM-00148,sara_dba,DBA,prod-db-01,Tunisia,36.8065,10.1815,SSH,2026-02-20 08:43:56,8.7,8,0,1,,0,0,none,0.8660254037844387,-0.4999999999999998,0.339622641509434,0.0188679245283018,0.1288320574657545,0
PAM-00963,jean_dev,Developer,app-dev-01,Tunisia,36.8065,10.1815,SSH,2026-02-20 09:10:04,18.2,9,0,2,,0,0,none,0.7071067811865476,-0.7071067811865475,0.2531914893617021,0.0085106382978723,0.18968219543766057,0
PAM-00332,jean_dev,Developer,app-dev-01,Tunisia,36.8065,10.1815,SSH,2026-02-20 09:21:14,39.9,9,0,11,,0,0,none,0.7071067811865476,-0.7071067811865475,0.2531914893617021,0.0085106382978723,0.16232591932609713,0
PAM-01456,jean_dev,Developer,app-dev-01,Tunisia,36.8065,10.1815,SSH,2026-02-20 09:23:49,22.6,9,0,9,,0,0,none,0.7071067811865476,-0.7071067811865475,0.2531914893617021,0.0085106382978723,0.18210235404213776,0
PAM-01759,marc_netadmin,Network Admin,fw-edge-02,Tunisia,36.8065,10.1815,HTTPS,2026-02-20 09:40:40,14.3,9,0,4,,0,0,none,0.7071067811865476,-0.7071067811865475,0.7006237006237006,0.0103950103950103,0.19040837871432797,0
PAM-00917,sara_dba,DBA,prod-db-02,Tunisia,36.8065,10.1815,SSH,2026-02-20 10:03:41,23.0,10,0,7,,0,0,none,0.4999999999999999,-0.8660254037844387,0.9224318658280922,0.0188679245283018,0.12513338133225504,0
PAM-00526,marc_netadmin,Network Admin,fw-edge-01,Tunisia,36.8065,10.1815,HTTPS,2026-02-20 10:18:19,17.1,10,0,6,,0,0,none,0.4999999999999999,-0.8660254037844387,0.5405405405405406,0.0103950103950103,0.1956691344220815,0
PAM-01106,marc_netadmin,Network Admin,switch-core-01,Tunisia,36.8065,10.1815,HTTPS,2026-02-20 10:28:45,35.2,10,0,10,,0,0,none,0.4999999999999999,-0.8660254037844387,0.7733887733887734,0.0103950103950103,0.16077130544112395,0
PAM-01505,marc_netadmin,Network Admin,switch-core-01,Tunisia,36.8065,10.1815,HTTPS,2026-02-20 10:48:05,60.6,10,0,16,,0,0,none,0.4999999999999999,-0.8660254037844387,0.7733887733887734,0.0103950103950103,0.09558356240506655,0
PAM-01035,marc_netadmin,Network Admin,fw-edge-01,Tunisia,36.8065,10.1815,HTTPS,2026-02-20 12:52:46,36.1,12,0,6,,0,0,none,1.2246467991473532e-16,-1.0,0.5405405405405406,0.0103950103950103,0.16000422598162095,0
PAM-00080,sara_dba,DBA,backup-db,Tunisia,36.8065,10.1815,SSH,2026-02-20 14:37:54,20.8,14,0,4,,0,0,none,-0.4999999999999997,-0.8660254037844388,0.740041928721174,0.0188679245283018,0.15521417818427036,0
PAM-01290,sara_dba,DBA,prod-db-01,Tunisia,36.8065,10.1815,SSH,2026-02-20 16:08:49,19.4,16,0,6,,0,0,none,-0.8660254037844385,-0.5000000000000004,0.339622641509434,0.0188679245283018,0.13330157055699488,0
PAM-01057,crypto_bot,Service Account,backup-db,Tunisia,36.8065,10.1815,SSH,2026-02-21 02:16:22,43.8,2,1,12,,0,0,none,0.4999999999999999,0.8660254037844387,0.0106870229007633,0.0030534351145038,0.08471932137838939,0
PAM-00464,crypto_bot,Service Account,backup-db,Tunisia,36.8065,10.1815,SSH,2026-02-21 02:24:41,16.2,2,1,7,,0,0,none,0.4999999999999999,0.8660254037844387,0.0106870229007633,0.0030534351145038,0.12554240869457906,0
PAM-00203,crypto_bot,Service Account,backup-db,Tunisia,36.8065,10.1815,SSH,2026-02-21 02:27:14,13.4,2,1,3,,0,0,none,0.4999999999999999,0.8660254037844387,0.0106870229007633,0.0030534351145038,0.12983095337908668,0
PAM-00916,crypto_bot,Service Account,backup-db,Tunisia,36.8065,10.1815,SSH,2026-02-22 02:48:36,141.1,2,1,48,,0,1,unusual_duration,0.4999999999999999,0.8660254037844387,0.0106870229007633,0.0030534351145038,-0.10882940062862423,1
PAM-00295,crypto_bot,Service Account,backup-db,Tunisia,36.8065,10.1815,SSH,2026-02-22 02:56:32,15.2,2,1,3,,0,0,none,0.4999999999999999,0.8660254037844387,0.0106870229007633,0.0030534351145038,0.13086204290592157,0
PAM-01534,sara_dba,DBA,prod-db-01,Tunisia,36.8065,10.1815,SSH,2026-02-22 13:06:25,25.6,13,1,6,,0,0,none,-0.2588190451025208,-0.9659258262890684,0.339622641509434,0.0188679245283018,0.006193528260011294,0
PAM-01358,crypto_bot,Service Account,backup-db,Tunisia,36.8065,10.1815,SSH,2026-02-23 02:16:33,30.5,2,0,5,,0,0,none,0.4999999999999999,0.8660254037844387,0.0106870229007633,0.0030534351145038,0.1893112589927049,0
PAM-01473,crypto_bot,Service Account,backup-db,Tunisia,36.8065,10.1815,SSH,2026-02-23 02:22:52,31.5,2,0,12,,0,0,none,0.4999999999999999,0.8660254037844387,0.0106870229007633,0.0030534351145038,0.1653612226420112,0
PAM-01404,crypto_bot,Service Account,backup-db,Tunisia,36.8065,10.1815,SSH,2026-02-23 02:50:45,23.4,2,0,9,,0,0,none,0.4999999999999999,0.8660254037844387,0.0106870229007633,0.0030534351145038,0.1808083819848494,0
PAM-01366,crypto_bot,Service Account,backup-db,Tunisia,36.8065,10.1815,SSH,2026-02-23 02:59:47,35.8,2,0,5,,0,0,none,0.4999999999999999,0.8660254037844387,0.0106870229007633,0.0030534351145038,0.1774751428375964,0
PAM-00420,jean_dev,Developer,app-dev-01,Tunisia,36.8065,10.1815,SSH,2026-02-23 08:09:57,28.7,8,0,9,,0,0,none,0.8660254037844387,-0.4999999999999998,0.2531914893617021,0.0085106382978723,0.16459568789177959,0
PAM-01064,marc_netadmin,Network Admin,fw-edge-01,Tunisia,36.8065,10.1815,HTTPS,2026-02-23 08:37:27,7.8,8,0,3,,0,0,none,0.8660254037844387,-0.4999999999999998,0.5405405405405406,0.0103950103950103,0.16964811578591682,0
PAM-00064,marc_netadmin,Network Admin,switch-core-01,Tunisia,36.8065,10.1815,HTTPS,2026-02-23 08:50:56,24.2,8,0,6,,0,0,none,0.8660254037844387,-0.4999999999999998,0.7733887733887734,0.0103950103950103,0.17311035225712962,0
PAM-00434,marc_netadmin,Network Admin,switch-core-01,Tunisia,36.8065,10.1815,HTTPS,2026-02-23 09:43:29,17.4,9,0,4,,0,0,none,0.7071067811865476,-0.7071067811865475,0.7733887733887734,0.0103950103950103,0.1869941301232893,0
PAM-01282,jean_dev,Developer,app-dev-01,Tunisia,36.8065,10.1815,SSH,2026-02-23 11:37:53,19.8,11,0,9,,0,0,none,0.258819045102521,-0.9659258262890682,0.2531914893617021,0.0085106382978723,0.1779225134804714,0
PAM-01715,sara_dba,DBA,prod-db-01,Tunisia,36.8065,10.1815,SSH,2026-02-23 16:06:02,15.6,16,0,5,,0,0,none,-0.8660254037844385,-0.5000000000000004,0.339622641509434,0.0188679245283018,0.13609897775864765,0
PAM-01832,sara_dba,DBA,prod-db-01,Tunisia,36.8065,10.1815,SSH,2026-02-23 16:30:00,12.6,16,0,2,,0,0,none,-0.8660254037844385,-0.5000000000000004,0.339622641509434,0.0188679245283018,0.1282213402473883,0
PAM-00462,sara_dba,DBA,prod-db-01,Tunisia,36.8065,10.1815,SSH,2026-02-23 21:15:33,21.5,21,0,10,,0,0,none,-0.7071067811865477,0.7071067811865474,0.339622641509434,0.0188679245283018,0.04869301822818983,0
PAM-01356,crypto_bot,Service Account,backup-db,Tunisia,36.8065,10.1815,SSH,2026-02-24 01:34:46,7.5,1,0,2,,0,0,none,0.2588190451025207,0.9659258262890684,0.0106870229007633,0.0030534351145038,0.10733213483668003,0
PAM-02012,crypto_bot,Service Account,switch-core-01,Tunisia,36.8065,10.1815,SSH,2026-02-24 02:00:00,26.2,2,0,4,,0,1,unusual_asset,0.4999999999999999,0.8660254037844387,0.9969465648854962,0.0030534351145038,0.06959122911791982,0
PAM-01862,crypto_bot,Service Account,backup-db,Tunisia,36.8065,10.1815,SSH,2026-02-24 02:21:35,8.2,2,0,2,,0,0,none,0.4999999999999999,0.8660254037844387,0.0106870229007633,0.0030534351145038,0.18360805557820703,0
PAM-01319,crypto_bot,Service Account,backup-db,Tunisia,36.8065,10.1815,SSH,2026-02-24 02:28:01,22.8,2,0,4,,0,0,none,0.4999999999999999,0.8660254037844387,0.0106870229007633,0.0030534351145038,0.19841333062911998,0
PAM-00587,crypto_bot,Service Account,backup-db,Tunisia,36.8065,10.1815,SSH,2026-02-24 02:32:16,21.6,2,0,10,,0,0,none,0.4999999999999999,0.8660254037844387,0.0106870229007633,0.0030534351145038,0.17380975637357193,0
PAM-00140,crypto_bot,Service Account,backup-db,Tunisia,36.8065,10.1815,SSH,2026-02-24 02:38:27,26.2,2,0,5,,0,0,none,0.4999999999999999,0.8660254037844387,0.0106870229007633,0.0030534351145038,0.19635698509180693,0
PAM-01843,crypto_bot,Service Account,backup-db,Tunisia,36.8065,10.1815,SSH,2026-02-24 02:39:43,33.9,2,0,7,,0,0,none,0.4999999999999999,0.8660254037844387,0.0106870229007633,0.0030534351145038,0.18398826941798302,0
PAM-01461,crypto_bot,Service Account,backup-db,Tunisia,36.8065,10.1815,SSH,2026-02-24 03:52:22,20.7,3,0,5,,0,0,none,0.7071067811865476,0.7071067811865476,0.0106870229007633,0.0030534351145038,0.14034834351539044,0
PAM-02050,marc_netadmin,Network Admin,fw-edge-02,Tunisia,36.8065,10.1815,HTTPS,2026-02-24 06:31:57,39.1,6,0,12,,0,0,none,1.0,6.123233995736766e-17,0.7006237006237006,0.0103950103950103,0.09657335610923934,0
PAM-00360,marc_netadmin,Network Admin,fw-edge-02,Tunisia,36.8065,10.1815,HTTPS,2026-02-24 06:51:24,10.8,6,0,5,,0,0,none,1.0,6.123233995736766e-17,0.7006237006237006,0.0103950103950103,0.12763630455631259,0
PAM-00041,marc_netadmin,Network Admin,fw-edge-01,Tunisia,36.8065,10.1815,HTTPS,2026-02-24 07:00:05,31.7,7,0,10,,0,0,none,0.9659258262890684,-0.2588190451025206,0.5405405405405406,0.0103950103950103,0.140164365746887,0
PAM-01134,marc_netadmin,Network Admin,switch-core-01,Tunisia,36.8065,10.1815,HTTPS,2026-02-24 07:26:32,10.3,7,0,1,,0,0,none,0.9659258262890684,-0.2588190451025206,0.7733887733887734,0.0103950103950103,0.13470484283013112,0
PAM-00676,jean_dev,Developer,app-staging,Tunisia,36.8065,10.1815,SSH,2026-02-24 07:33:53,44.2,7,0,16,,0,0,none,0.9659258262890684,-0.2588190451025206,0.9659574468085106,0.0085106382978723,0.044938421691822494,0
PAM-01781,jean_dev,Developer,app-dev-01,Tunisia,36.8065,10.1815,SSH,2026-02-24 09:35:33,10.9,9,0,6,,0,0,none,0.7071067811865476,-0.7071067811865475,0.2531914893617021,0.0085106382978723,0.1827264418759088,0
PAM-00607,marc_netadmin,Network Admin,switch-core-01,Tunisia,36.8065,10.1815,HTTPS,2026-02-24 09:39:46,29.1,9,0,10,,0,0,none,0.7071067811865476,-0.7071067811865475,0.7733887733887734,0.0103950103950103,0.16177280568683478,0
PAM-01517,jean_dev,Developer,app-dev-01,Tunisia,36.8065,10.1815,SSH,2026-02-24 09:55:23,29.0,9,0,4,,0,0,none,0.7071067811865476,-0.7071067811865475,0.2531914893617021,0.0085106382978723,0.1872679083995069,0
PAM-00504,marc_netadmin,Network Admin,fw-edge-01,Tunisia,36.8065,10.1815,HTTPS,2026-02-24 11:04:40,18.2,11,0,6,,0,0,none,0.258819045102521,-0.9659258262890682,0.5405405405405406,0.0103950103950103,0.1893137478692254,0
PAM-00613,jean_dev,Developer,app-dev-01,Tunisia,36.8065,10.1815,SSH,2026-02-24 12:41:25,51.2,12,0,20,,0,0,none,1.2246467991473532e-16,-1.0,0.2531914893617021,0.0085106382978723,0.072181265796608,0
PAM-01479,sara_dba,DBA,backup-db,Tunisia,36.8065,10.1815,SSH,2026-02-24 14:07:50,25.8,14,0,9,,0,0,none,-0.4999999999999997,-0.8660254037844388,0.740041928721174,0.0188679245283018,0.13419511865571582,0
PAM-00793,sara_dba,DBA,prod-db-01,Tunisia,36.8065,10.1815,SSH,2026-02-24 14:10:23,8.3,14,0,1,,0,0,none,-0.4999999999999997,-0.8660254037844388,0.339622641509434,0.0188679245283018,0.15022737137789915,0
PAM-01047,sara_dba,DBA,backup-db,Tunisia,36.8065,10.1815,SSH,2026-02-24 16:28:18,24.0,16,0,10,,0,0,none,-0.8660254037844385,-0.5000000000000004,0.740041928721174,0.0188679245283018,0.08990146080683414,0
PAM-00552,sara_dba,DBA,prod-db-01,Tunisia,36.8065,10.1815,SSH,2026-02-24 16:36:04,18.6,16,0,4,,0,0,none,-0.8660254037844385,-0.5000000000000004,0.339622641509434,0.0188679245283018,0.13608968257760184,0
PAM-00303,crypto_bot,Service Account,backup-db,Tunisia,36.8065,10.1815,SSH,2026-02-25 02:10:24,66.7,2,0,21,,0,0,none,0.4999999999999999,0.8660254037844387,0.0106870229007633,0.0030534351145038,0.05786520126538608,0
PAM-01082,crypto_bot,Service Account,backup-db,Tunisia,36.8065,10.1815,SSH,2026-02-25 02:20:54,23.4,2,0,9,,0,0,none,0.4999999999999999,0.8660254037844387,0.0106870229007633,0.0030534351145038,0.1808083819848494,0
PAM-01984,crypto_bot,Service Account,backup-db,Tunisia,36.8065,10.1815,SSH,2026-02-25 02:39:05,26.9,2,0,3,,0,0,none,0.4999999999999999,0.8660254037844387,0.0106870229007633,0.0030534351145038,0.19185503906257972,0
PAM-01854,crypto_bot,Service Account,backup-db,Tunisia,36.8065,10.1815,SSH,2026-02-25 02:49:08,7.1,2,0,3,,0,0,none,0.4999999999999999,0.8660254037844387,0.0106870229007633,0.0030534351145038,0.1799115814245531,0
PAM-00810,crypto_bot,Service Account,backup-db,Tunisia,36.8065,10.1815,SSH,2026-02-25 02:53:47,13.7,2,0,3,,0,0,none,0.4999999999999999,0.8660254037844387,0.0106870229007633,0.0030534351145038,0.19746149825471482,0
PAM-00175,marc_netadmin,Network Admin,fw-edge-01,Tunisia,36.8065,10.1815,HTTPS,2026-02-25 03:32:55,51.3,3,0,12,,0,1,unusual_hour,0.7071067811865476,0.7071067811865476,0.5405405405405406,0.0103950103950103,0.06879174388046816,0
PAM-01216,marc_netadmin,Network Admin,fw-edge-01,Tunisia,36.8065,10.1815,HTTPS,2026-02-25 07:26:50,7.5,7,0,5,,0,0,none,0.9659258262890684,-0.2588190451025206,0.5405405405405406,0.0103950103950103,0.14027151909139063,0
PAM-00028,marc_netadmin,Network Admin,fw-edge-02,Tunisia,36.8065,10.1815,HTTPS,2026-02-25 07:43:45,20.2,7,0,8,,0,0,none,0.9659258262890684,-0.2588190451025206,0.7006237006237006,0.0103950103950103,0.14837253983242343,0
PAM-00146,marc_netadmin,Network Admin,fw-edge-01,Tunisia,36.8065,10.1815,HTTPS,2026-02-25 08:21:10,19.8,8,0,5,,0,0,none,0.8660254037844387,-0.4999999999999998,0.5405405405405406,0.0103950103950103,0.1854139671171114,0
PAM-00760,jean_dev,Developer,git-prod,Tunisia,36.8065,10.1815,SSH,2026-02-25 10:25:36,11.4,10,0,4,,0,0,none,0.4999999999999999,-0.8660254037844387,0.7851063829787234,0.0085106382978723,0.177750543997434,0
PAM-00249,marc_netadmin,Network Admin,fw-edge-01,Tunisia,36.8065,10.1815,HTTPS,2026-02-25 11:28:58,53.9,11,0,19,,0,0,none,0.258819045102521,-0.9659258262890682,0.5405405405405406,0.0103950103950103,0.08658111312211164,0
PAM-01294,sara_dba,DBA,prod-db-01,Tunisia,36.8065,10.1815,SSH,2026-02-25 11:46:12,27.1,11,0,11,,0,0,none,0.258819045102521,-0.9659258262890682,0.339622641509434,0.0188679245283018,0.14766606228518425,0
PAM-00674,marc_netadmin,Network Admin,fw-edge-02,Tunisia,36.8065,10.1815,HTTPS,2026-02-25 12:57:10,25.1,12,0,3,,0,0,none,1.2246467991473532e-16,-1.0,0.7006237006237006,0.0103950103950103,0.16544336371342339,0
PAM-00471,jean_dev,Developer,git-prod,Tunisia,36.8065,10.1815,SSH,2026-02-25 13:02:02,30.3,13,0,6,,0,0,none,-0.2588190451025208,-0.9659258262890684,0.7851063829787234,0.0085106382978723,0.132680908602815,0
PAM-01625,sara_dba,DBA,prod-db-01,Tunisia,36.8065,10.1815,SSH,2026-02-25 13:05:38,24.2,13,0,9,,0,0,none,-0.2588190451025208,-0.9659258262890684,0.339622641509434,0.0188679245283018,0.15181349962891466,0
PAM-00758,jean_dev,Developer,app-dev-01,Tunisia,36.8065,10.1815,SSH,2026-02-25 13:46:16,12.3,13,0,5,,0,0,none,-0.2588190451025208,-0.9659258262890684,0.2531914893617021,0.0085106382978723,0.1537876802361567,0
PAM-00164,jean_dev,Developer,app-dev-01,Tunisia,36.8065,10.1815,SSH,2026-02-25 14:18:46,31.8,14,0,7,,0,0,none,-0.4999999999999997,-0.8660254037844388,0.2531914893617021,0.0085106382978723,0.13371864267987366,0
PAM-01215,sara_dba,DBA,prod-db-01,Tunisia,36.8065,10.1815,SSH,2026-02-25 15:11:31,74.1,15,0,16,,0,1,unusual_duration,-0.7071067811865471,-0.7071067811865479,0.339622641509434,0.0188679245283018,0.04185121476216014,0
PAM-01406,sara_dba,DBA,prod-db-01,Tunisia,36.8065,10.1815,SSH,2026-02-25 18:23:41,39.0,18,0,5,,0,0,none,-1.0,-1.8369701987210294e-16,0.339622641509434,0.0188679245283018,0.06573804511835724,0
PAM-00518,crypto_bot,Service Account,backup-db,Tunisia,36.8065,10.1815,SSH,2026-02-26 02:12:10,17.8,2,0,6,,0,0,none,0.4999999999999999,0.8660254037844387,0.0106870229007633,0.0030534351145038,0.19732810598903067,0
PAM-01897,crypto_bot,Service Account,backup-db,Tunisia,36.8065,10.1815,SSH,2026-02-26 02:22:56,15.9,2,0,6,,0,0,none,0.4999999999999999,0.8660254037844387,0.0106870229007633,0.0030534351145038,0.19552730828682197,0
PAM-01676,crypto_bot,Service Account,backup-db,Tunisia,36.8065,10.1815,SSH,2026-02-26 02:28:54,39.6,2,0,12,,0,0,none,0.4999999999999999,0.8660254037844387,0.0106870229007633,0.0030534351145038,0.16101487441011003,0
PAM-00961,marc_netadmin,Network Admin,fw-edge-01,Tunisia,36.8065,10.1815,HTTPS,2026-02-26 08:05:08,8.7,8,0,2,,0,0,none,0.8660254037844387,-0.4999999999999998,0.5405405405405406,0.0103950103950103,0.17487738323597868,0
PAM-00419,marc_netadmin,Network Admin,switch-core-01,Tunisia,36.8065,10.1815,HTTPS,2026-02-26 08:49:19,26.9,8,0,7,,0,0,none,0.8660254037844387,-0.4999999999999998,0.7733887733887734,0.0103950103950103,0.16844893502455727,0
PAM-00130,marc_netadmin,Network Admin,fw-edge-01,Tunisia,36.8065,10.1815,HTTPS,2026-02-26 09:43:46,31.5,9,0,16,,0,0,none,0.7071067811865476,-0.7071067811865475,0.5405405405405406,0.0103950103950103,0.14271208443966277,0
PAM-00184,marc_netadmin,Network Admin,switch-core-01,Tunisia,36.8065,10.1815,HTTPS,2026-02-26 10:37:29,4.2,10,0,1,,0,0,none,0.4999999999999999,-0.8660254037844387,0.7733887733887734,0.0103950103950103,0.15795458808565271,0
PAM-01943,jean_dev,Developer,app-dev-01,Tunisia,36.8065,10.1815,SSH,2026-02-26 11:33:22,14.1,11,0,4,,0,0,none,0.258819045102521,-0.9659258262890682,0.2531914893617021,0.0085106382978723,0.19433757378378308,0
PAM-00223,sara_dba,DBA,prod-db-01,Tunisia,36.8065,10.1815,SSH,2026-02-26 14:01:19,12.7,14,0,2,,0,0,none,-0.4999999999999997,-0.8660254037844388,0.339622641509434,0.0188679245283018,0.1639123940708253,0
PAM-00603,sara_dba,DBA,prod-db-01,Tunisia,36.8065,10.1815,SSH,2026-02-26 14:57:44,9.0,14,0,4,,0,0,none,-0.4999999999999997,-0.8660254037844388,0.339622641509434,0.0188679245283018,0.16025895000490747,0
PAM-00866,sara_dba,DBA,backup-db,Tunisia,36.8065,10.1815,SSH,2026-02-26 17:21:10,64.9,17,0,12,,0,0,none,-0.9659258262890684,-0.2588190451025206,0.740041928721174,0.0188679245283018,0.021420999837951094,0
PAM-01460,crypto_bot,Service Account,backup-db,Tunisia,36.8065,10.1815,SSH,2026-02-27 02:15:17,10.0,2,0,1,,0,0,none,0.4999999999999999,0.8660254037844387,0.0106870229007633,0.0030534351145038,0.17999708938571612,0
PAM-01905,crypto_bot,Service Account,backup-db,Tunisia,36.8065,10.1815,SSH,2026-02-27 02:41:27,21.4,2,0,7,,0,0,none,0.4999999999999999,0.8660254037844387,0.0106870229007633,0.0030534351145038,0.19597376095411867,0
PAM-00761,crypto_bot,Service Account,backup-db,Tunisia,36.8065,10.1815,SSH,2026-02-27 02:41:39,18.6,2,0,7,,0,0,none,0.4999999999999999,0.8660254037844387,0.0106870229007633,0.0030534351145038,0.1947793656871431,0
PAM-00257,sara_dba,DBA,prod-db-01,Tunisia,36.8065,10.1815,SSH,2026-02-27 02:48:13,14.7,2,0,4,,0,1,unusual_hour,0.4999999999999999,0.8660254037844387,0.339622641509434,0.0188679245283018,0.10180720364316759,0
PAM-01610,marc_netadmin,Network Admin,switch-core-01,Tunisia,36.8065,10.1815,HTTPS,2026-02-27 08:39:36,15.6,8,0,1,,0,0,none,0.8660254037844387,-0.4999999999999998,0.7733887733887734,0.0103950103950103,0.16323064227485284,0
PAM-01753,marc_netadmin,Network Admin,fw-edge-01,Tunisia,36.8065,10.1815,HTTPS,2026-02-27 08:54:52,14.0,8,0,8,,0,0,none,0.8660254037844387,-0.4999999999999998,0.5405405405405406,0.0103950103950103,0.17077224885048364,0
PAM-01388,jean_dev,Developer,app-dev-01,Tunisia,36.8065,10.1815,SSH,2026-02-27 09:13:51,36.8,9,0,5,,0,0,none,0.7071067811865476,-0.7071067811865475,0.2531914893617021,0.0085106382978723,0.17805017667175765,0
PAM-00050,marc_netadmin,Network Admin,switch-core-01,Tunisia,36.8065,10.1815,HTTPS,2026-02-27 09:54:05,97.4,9,0,19,,0,0,none,0.7071067811865476,-0.7071067811865475,0.7733887733887734,0.0103950103950103,0.046604418391016145,0
PAM-00869,marc_netadmin,Network Admin,fw-edge-02,Tunisia,36.8065,10.1815,HTTPS,2026-02-27 10:07:52,13.7,10,0,4,,0,0,none,0.4999999999999999,-0.8660254037844387,0.7006237006237006,0.0103950103950103,0.19259809514888598,0
PAM-01607,marc_netadmin,Network Admin,fw-edge-02,Tunisia,36.8065,10.1815,HTTPS,2026-02-27 10:43:28,35.7,10,0,11,,0,0,none,0.4999999999999999,-0.8660254037844387,0.7006237006237006,0.0103950103950103,0.16137131801621546,0
PAM-00763,sara_dba,DBA,backup-db,Tunisia,36.8065,10.1815,SSH,2026-02-27 12:03:15,77.3,12,0,16,DELETE FROM users,1,1,sensitive_command,1.2246467991473532e-16,-1.0,0.740041928721174,0.0188679245283018,-0.08035259874215728,1
PAM-00812,jean_dev,Developer,git-prod,Tunisia,36.8065,10.1815,SSH,2026-02-27 12:21:21,32.9,12,0,8,,0,0,none,1.2246467991473532e-16,-1.0,0.7851063829787234,0.0085106382978723,0.14669365262557005,0
PAM-00453,jean_dev,Developer,app-dev-01,Tunisia,36.8065,10.1815,SSH,2026-02-27 13:44:45,16.8,13,0,2,,0,0,none,-0.2588190451025208,-0.9659258262890684,0.2531914893617021,0.0085106382978723,0.15537909532048216,0
PAM-01704,sara_dba,DBA,backup-db,Tunisia,36.8065,10.1815,SSH,2026-02-27 13:57:04,41.8,13,0,8,,0,0,none,-0.2588190451025208,-0.9659258262890684,0.740041928721174,0.0188679245283018,0.11954655764712935,0
PAM-01600,sara_dba,DBA,prod-db-01,Tunisia,36.8065,10.1815,SSH,2026-02-27 15:20:54,66.3,15,0,15,,0,0,none,-0.7071067811865471,-0.7071067811865479,0.339622641509434,0.0188679245283018,0.053110875121781254,0
PAM-01306,sara_dba,DBA,backup-db,Tunisia,36.8065,10.1815,SSH,2026-02-27 16:00:08,25.7,16,0,12,,0,0,none,-0.8660254037844385,-0.5000000000000004,0.740041928721174,0.0188679245283018,0.07848499786453123,0
PAM-00350,sara_dba,DBA,prod-db-02,Tunisia,36.8065,10.1815,SSH,2026-02-27 17:17:22,31.8,17,0,9,,0,0,none,-0.9659258262890684,-0.2588190451025206,0.9224318658280922,0.0188679245283018,0.03395845797287067,0
PAM-01498,crypto_bot,Service Account,backup-db,Tunisia,36.8065,10.1815,SSH,2026-02-28 02:51:32,25.0,2,1,8,,0,0,none,0.4999999999999999,0.8660254037844387,0.0106870229007633,0.0030534351145038,0.12722253381067272,0
PAM-00844,sara_dba,DBA,prod-db-01,Tunisia,36.8065,10.1815,SSH,2026-02-28 03:23:30,10.2,3,1,3,,0,1,unusual_hour,0.7071067811865476,0.7071067811865476,0.339622641509434,0.0188679245283018,-0.01751945658884524,1
PAM-00694,crypto_bot,Service Account,backup-db,Tunisia,36.8065,10.1815,SSH,2026-03-01 02:19:27,18.8,2,1,9,,0,0,none,0.4999999999999999,0.8660254037844387,0.0106870229007633,0.0030534351145038,0.11272452556248913,0
PAM-00215,crypto_bot,Service Account,backup-db,Tunisia,36.8065,10.1815,SSH,2026-03-01 02:52:00,26.9,2,1,8,,0,0,none,0.4999999999999999,0.8660254037844387,0.0106870229007633,0.0030534351145038,0.12492379024659933,0
PAM-00662,crypto_bot,Service Account,backup-db,Tunisia,36.8065,10.1815,SSH,2026-03-02 02:39:51,30.7,2,0,8,,0,0,none,0.4999999999999999,0.8660254037844387,0.0106870229007633,0.0030534351145038,0.1878771640426033,0
PAM-01665,crypto_bot,Service Account,backup-db,Tunisia,36.8065,10.1815,SSH,2026-03-02 02:55:15,6.3,2,0,2,,0,0,none,0.4999999999999999,0.8660254037844387,0.0106870229007633,0.0030534351145038,0.1762983095673185,0
PAM-01243,crypto_bot,Service Account,backup-db,Tunisia,36.8065,10.1815,SSH,2026-03-02 03:19:55,12.3,3,0,2,,0,0,none,0.7071067811865476,0.7071067811865476,0.0106870229007633,0.0030534351145038,0.13598895112814074,0
PAM-00832,marc_netadmin,Network Admin,fw-edge-01,Tunisia,36.8065,10.1815,HTTPS,2026-03-02 07:41:51,17.4,7,0,2,,0,0,none,0.9659258262890684,-0.2588190451025206,0.5405405405405406,0.0103950103950103,0.15474114316786491,0
PAM-01278,jean_dev,Developer,app-dev-01,Tunisia,36.8065,10.1815,SSH,2026-03-02 08:03:17,9.6,8,0,1,,0,0,none,0.8660254037844387,-0.4999999999999998,0.2531914893617021,0.0085106382978723,0.15631930998853283,0
PAM-00197,marc_netadmin,Network Admin,fw-edge-01,Tunisia,36.8065,10.1815,HTTPS,2026-03-02 08:36:35,25.6,8,0,9,,0,0,none,0.8660254037844387,-0.4999999999999998,0.5405405405405406,0.0103950103950103,0.16644401885477977,0
PAM-00092,marc_netadmin,Network Admin,switch-core-01,Tunisia,36.8065,10.1815,HTTPS,2026-03-02 09:00:34,15.6,9,0,3,,0,0,none,0.7071067811865476,-0.7071067811865475,0.7733887733887734,0.0103950103950103,0.18595360293023544,0
PAM-02002,jean_dev,Developer,app-dev-01,Tunisia,36.8065,10.1815,SSH,2026-03-02 09:30:35,11.9,9,0,2,,0,0,none,0.7071067811865476,-0.7071067811865475,0.2531914893617021,0.0085106382978723,0.18447077720367544,0
PAM-00886,marc_netadmin,Network Admin,fw-edge-02,Tunisia,36.8065,10.1815,HTTPS,2026-03-02 11:38:22,18.3,11,0,6,,0,0,none,0.258819045102521,-0.9659258262890682,0.7006237006237006,0.0103950103950103,0.18516510884259607,0
PAM-00250,jean_dev,Developer,app-dev-01,Tunisia,36.8065,10.1815,SSH,2026-03-02 12:10:40,12.0,12,0,1,,0,0,none,1.2246467991473532e-16,-1.0,0.2531914893617021,0.0085106382978723,0.16255770374081668,0
PAM-00891,sara_dba,DBA,prod-db-01,Tunisia,36.8065,10.1815,SSH,2026-03-02 14:16:31,39.0,14,0,13,,0,0,none,-0.4999999999999997,-0.8660254037844388,0.339622641509434,0.0188679245283018,0.11976012412260445,0
PAM-00422,sara_dba,DBA,prod-db-01,Tunisia,36.8065,10.1815,SSH,2026-03-02 14:38:52,51.6,14,0,17,,0,0,none,-0.4999999999999997,-0.8660254037844388,0.339622641509434,0.0188679245283018,0.0764443702289258,0
PAM-01947,sara_dba,DBA,backup-db,Tunisia,36.8065,10.1815,SSH,2026-03-02 14:45:46,17.5,14,0,4,,0,0,none,-0.4999999999999997,-0.8660254037844388,0.740041928721174,0.0188679245283018,0.15752065136266002,0
PAM-01087,jean_dev,Developer,git-prod,Tunisia,36.8065,10.1815,SSH,2026-03-02 16:07:26,44.7,16,0,8,,0,0,none,-0.8660254037844385,-0.5000000000000004,0.7851063829787234,0.0085106382978723,0.06618935907868562,0
PAM-01091,crypto_bot,Service Account,backup-db,Tunisia,36.8065,10.1815,SSH,2026-03-03 02:11:00,21.5,2,0,9,,0,0,none,0.4999999999999999,0.8660254037844387,0.0106870229007633,0.0030534351145038,0.17979017568856848,0
PAM-01209,crypto_bot,Service Account,backup-db,Tunisia,36.8065,10.1815,SSH,2026-03-03 02:16:25,27.3,2,0,9,,0,0,none,0.4999999999999999,0.8660254037844387,0.0106870229007633,0.0030534351145038,0.18072080248797334,0
PAM-01004,crypto_bot,Service Account,backup-db,Tunisia,36.8065,10.1815,SSH,2026-03-03 02:31:26,9.6,2,0,1,,0,0,none,0.4999999999999999,0.8660254037844387,0.0106870229007633,0.0030534351145038,0.1790955181851514,0
PAM-01856,crypto_bot,Service Account,backup-db,Tunisia,36.8065,10.1815,SSH,2026-03-03 02:54:38,54.3,2,0,22,,0,0,none,0.4999999999999999,0.8660254037844387,0.0106870229007633,0.0030534351145038,0.07177918292464358,0
PAM-01088,jean_dev,Developer,app-dev-01,Tunisia,36.8065,10.1815,SSH,2026-03-03 05:26:01,16.4,5,0,6,,0,0,none,0.9659258262890684,0.2588190451025207,0.2531914893617021,0.0085106382978723,0.12336892317751119,0
PAM-01606,marc_netadmin,Network Admin,fw-edge-02,Tunisia,36.8065,10.1815,HTTPS,2026-03-03 07:19:08,18.7,7,0,2,,0,0,none,0.9659258262890684,-0.2588190451025206,0.7006237006237006,0.0103950103950103,0.15248633210078844,0
PAM-01873,marc_netadmin,Network Admin,fw-edge-01,Tunisia,36.8065,10.1815,HTTPS,2026-03-03 07:32:48,25.0,7,0,6,,0,0,none,0.9659258262890684,-0.2588190451025206,0.5405405405405406,0.0103950103950103,0.15273303235759078,0
PAM-01041,marc_netadmin,Network Admin,switch-core-01,Tunisia,36.8065,10.1815,HTTPS,2026-03-03 07:53:52,24.2,7,0,4,,0,0,none,0.9659258262890684,-0.2588190451025206,0.7733887733887734,0.0103950103950103,0.146201146672906,0
PAM-00814,marc_netadmin,Network Admin,fw-edge-01,Tunisia,36.8065,10.1815,HTTPS,2026-03-03 08:28:54,12.5,8,0,6,,0,0,none,0.8660254037844387,-0.4999999999999998,0.5405405405405406,0.0103950103950103,0.17960873956300039,0
PAM-01025,jean_dev,Developer,app-staging,Tunisia,36.8065,10.1815,SSH,2026-03-03 08:44:15,6.4,8,0,1,,0,0,none,0.8660254037844387,-0.4999999999999998,0.9659574468085106,0.0085106382978723,0.09542852443825495,0
PAM-00161,jean_dev,Developer,app-dev-01,Tunisia,36.8065,10.1815,SSH,2026-03-03 08:46:22,10.0,8,0,1,,0,0,none,0.8660254037844387,-0.4999999999999998,0.2531914893617021,0.0085106382978723,0.15659895541257168,0
PAM-01858,jean_dev,Developer,app-dev-01,Tunisia,36.8065,10.1815,SSH,2026-03-03 09:24:03,9.5,9,0,2,,0,0,none,0.7071067811865476,-0.7071067811865475,0.2531914893617021,0.0085106382978723,0.18230719981858384,0
PAM-00536,marc_netadmin,Network Admin,fw-edge-02,Tunisia,36.8065,10.1815,HTTPS,2026-03-03 09:34:52,7.0,9,0,2,,0,0,none,0.7071067811865476,-0.7071067811865475,0.7006237006237006,0.0103950103950103,0.17169386057747432,0
PAM-00654,marc_netadmin,Network Admin,fw-edge-02,Tunisia,36.8065,10.1815,HTTPS,2026-03-03 09:36:18,9.1,9,0,1,,0,0,none,0.7071067811865476,-0.7071067811865475,0.7006237006237006,0.0103950103950103,0.17007465608055683,0
PAM-02076,jean_dev,Developer,app-dev-01,Tunisia,36.8065,10.1815,SSH,2026-03-03 11:17:24,9.7,11,0,3,,0,0,none,0.258819045102521,-0.9659258262890682,0.2531914893617021,0.0085106382978723,0.18939772244362896,0
PAM-00373,jean_dev,Developer,app-dev-01,Tunisia,36.8065,10.1815,SSH,2026-03-03 11:52:44,7.6,11,0,1,,0,0,none,0.258819045102521,-0.9659258262890682,0.2531914893617021,0.0085106382978723,0.1727059078751665,0
PAM-00996,jean_dev,Developer,git-prod,Tunisia,36.8065,10.1815,SSH,2026-03-03 12:34:24,35.3,12,0,5,,0,0,none,1.2246467991473532e-16,-1.0,0.7851063829787234,0.0085106382978723,0.1472431274406199,0
PAM-01267,sara_dba,DBA,prod-db-01,Tunisia,36.8065,10.1815,SSH,2026-03-03 13:06:32,36.9,13,0,5,,0,0,none,-0.2588190451025208,-0.9659258262890684,0.339622641509434,0.0188679245283018,0.15336679451268787,0
PAM-00480,marc_netadmin,Network Admin,fw-edge-01,Tunisia,36.8065,10.1815,HTTPS,2026-03-03 13:18:03,18.6,13,0,5,,0,0,none,-0.2588190451025208,-0.9659258262890684,0.5405405405405406,0.0103950103950103,0.157717437003076,0
PAM-01671,sara_dba,DBA,backup-db,Tunisia,36.8065,10.1815,SSH,2026-03-03 15:20:07,24.2,15,0,9,,0,0,none,-0.7071067811865471,-0.7071067811865479,0.740041928721174,0.0188679245283018,0.11504666727236262,0
PAM-00118,sara_dba,DBA,prod-db-01,Tunisia,36.8065,10.1815,SSH,2026-03-03 15:37:48,12.3,15,0,1,,0,0,none,-0.7071067811865471,-0.7071067811865479,0.339622641509434,0.0188679245283018,0.13557556885236122,0
PAM-01647,sara_dba,DBA,prod-db-01,Tunisia,36.8065,10.1815,SSH,2026-03-03 18:46:46,25.3,18,0,7,,0,0,none,-1.0,-1.8369701987210294e-16,0.339622641509434,0.0188679245283018,0.08225767404538087,0
PAM-01154,crypto_bot,Service Account,backup-db,Tunisia,36.8065,10.1815,SSH,2026-03-04 01:33:14,80.5,1,0,22,,0,0,none,0.2588190451025207,0.9659258262890684,0.0106870229007633,0.0030534351145038,-0.019619418028779312,1
PAM-00097,crypto_bot,Service Account,backup-db,Tunisia,36.8065,10.1815,SSH,2026-03-04 02:01:26,11.8,2,0,2,,0,0,none,0.4999999999999999,0.8660254037844387,0.0106870229007633,0.0030534351145038,0.19160460087832554,0
PAM-01683,crypto_bot,Service Account,backup-db,Tunisia,36.8065,10.1815,SSH,2026-03-04 02:29:48,9.9,2,0,2,,0,0,none,0.4999999999999999,0.8660254037844387,0.0106870229007633,0.0030534351145038,0.19010679932403807,0
PAM-00711,crypto_bot,Service Account,backup-db,Tunisia,36.8065,10.1815,SSH,2026-03-04 02:31:03,15.7,2,0,2,,0,0,none,0.4999999999999999,0.8660254037844387,0.0106870229007633,0.0030534351145038,0.19483104209890068,0
PAM-01994,crypto_bot,Service Account,backup-db,Tunisia,36.8065,10.1815,SSH,2026-03-04 02:39:41,43.7,2,0,15,,0,0,none,0.4999999999999999,0.8660254037844387,0.0106870229007633,0.0030534351145038,0.14620185401716618,0
PAM-01552,crypto_bot,Service Account,backup-db,Tunisia,36.8065,10.1815,SSH,2026-03-04 02:57:58,8.0,2,0,2,,0,0,none,0.4999999999999999,0.8660254037844387,0.0106870229007633,0.0030534351145038,0.18219699262864414,0
PAM-01459,crypto_bot,Service Account,backup-db,Tunisia,36.8065,10.1815,SSH,2026-03-04 03:35:55,111.8,3,0,31,passwd root,1,0,none,0.7071067811865476,0.7071067811865476,0.0106870229007633,0.0030534351145038,-0.13310953503802336,1
PAM-00327,jean_dev,Developer,app-dev-01,Tunisia,36.8065,10.1815,SSH,2026-03-04 06:55:43,32.0,6,0,9,,0,0,none,1.0,6.123233995736766e-17,0.2531914893617021,0.0085106382978723,0.12027740401539411,0
PAM-01674,jean_dev,Developer,app-dev-01,Tunisia,36.8065,10.1815,SSH,2026-03-04 07:40:39,31.2,7,0,7,,0,0,none,0.9659258262890684,-0.2588190451025206,0.2531914893617021,0.0085106382978723,0.13930616181554095,0
PAM-01940,marc_netadmin,Network Admin,fw-edge-01,Tunisia,36.8065,10.1815,HTTPS,2026-03-04 08:20:45,34.5,8,0,6,,0,0,none,0.8660254037844387,-0.4999999999999998,0.5405405405405406,0.0103950103950103,0.17135001857606053,0
PAM-00566,marc_netadmin,Network Admin,fw-edge-01,Tunisia,36.8065,10.1815,HTTPS,2026-03-04 09:20:11,10.4,9,0,4,,0,0,none,0.7071067811865476,-0.7071067811865475,0.5405405405405406,0.0103950103950103,0.1860283152757915,0
PAM-02046,marc_netadmin,Network Admin,switch-core-01,Tunisia,36.8065,10.1815,HTTPS,2026-03-04 12:50:26,25.6,12,0,3,,0,0,none,1.2246467991473532e-16,-1.0,0.7733887733887734,0.0103950103950103,0.16352038871967461,0
PAM-00467,sara_dba,DBA,prod-db-01,Tunisia,36.8065,10.1815,SSH,2026-03-04 14:01:29,9.3,14,0,1,,0,0,none,-0.4999999999999997,-0.8660254037844388,0.339622641509434,0.0188679245283018,0.1523560560923683,0
PAM-01371,sara_dba,DBA,prod-db-02,Tunisia,36.8065,10.1815,SSH,2026-03-04 14:31:53,6.6,14,0,1,,0,0,none,-0.4999999999999997,-0.8660254037844388,0.9224318658280922,0.0188679245283018,0.08328466366240783,0
PAM-01312,marc_netadmin,Network Admin,fw-edge-01,Tunisia,36.8065,10.1815,HTTPS,2026-03-05 06:13:20,297.4,6,0,65,,0,1,unusual_duration,1.0,6.123233995736766e-17,0.5405405405405406,0.0103950103950103,-0.10420858436997182,1
PAM-00923,marc_netadmin,Network Admin,fw-edge-02,Tunisia,36.8065,10.1815,HTTPS,2026-03-05 07:10:53,16.9,7,0,3,,0,0,none,0.9659258262890684,-0.2588190451025206,0.7006237006237006,0.0103950103950103,0.15468269272289253,0
PAM-00126,marc_netadmin,Network Admin,fw-edge-01,Tunisia,36.8065,10.1815,HTTPS,2026-03-05 09:12:18,39.5,9,0,11,,0,0,none,0.7071067811865476,-0.7071067811865475,0.5405405405405406,0.0103950103950103,0.16141740914674713,0
PAM-01307,jean_dev,Developer,app-dev-01,Tunisia,36.8065,10.1815,SSH,2026-03-05 09:57:31,18.4,9,0,7,,0,0,none,0.7071067811865476,-0.7071067811865475,0.2531914893617021,0.0085106382978723,0.18784989339017388,0
PAM-00243,marc_netadmin,Network Admin,fw-edge-02,Tunisia,36.8065,10.1815,HTTPS,2026-03-05 10:06:03,13.2,10,0,3,,0,0,none,0.4999999999999999,-0.8660254037844387,0.7006237006237006,0.0103950103950103,0.19235698845345717,0
PAM-00895,jean_dev,Developer,git-prod,Tunisia,36.8065,10.1815,SSH,2026-03-05 10:22:08,31.9,10,0,8,,0,0,none,0.4999999999999999,-0.8660254037844387,0.7851063829787234,0.0085106382978723,0.16816588722588016,0
PAM-01123,jean_dev,Developer,app-dev-01,Tunisia,36.8065,10.1815,SSH,2026-03-05 10:37:31,21.9,10,0,6,,0,0,none,0.4999999999999999,-0.8660254037844387,0.2531914893617021,0.0085106382978723,0.1971030455024838,0
PAM-00410,jean_dev,Developer,git-prod,Tunisia,36.8065,10.1815,SSH,2026-03-05 11:48:40,17.0,11,0,1,,0,0,none,0.258819045102521,-0.9659258262890682,0.7851063829787234,0.0085106382978723,0.16218992997772852,0
PAM-01351,jean_dev,Developer,app-dev-01,Tunisia,36.8065,10.1815,SSH,2026-03-05 12:04:23,12.4,12,0,1,,0,0,none,1.2246467991473532e-16,-1.0,0.2531914893617021,0.0085106382978723,0.16228506486288286,0
PAM-00903,sara_dba,DBA,prod-db-01,Tunisia,36.8065,10.1815,SSH,2026-03-05 12:05:56,7.2,12,0,1,,0,0,none,1.2246467991473532e-16,-1.0,0.339622641509434,0.0188679245283018,0.1471921785414123,0
PAM-01196,jean_dev,Developer,git-prod,Tunisia,36.8065,10.1815,SSH,2026-03-05 12:33:36,31.2,12,0,7,,0,0,none,1.2246467991473532e-16,-1.0,0.7851063829787234,0.0085106382978723,0.15022777637438028,0
PAM-00219,jean_dev,Developer,app-dev-01,Tunisia,36.8065,10.1815,SSH,2026-03-05 12:34:48,11.8,12,0,6,,0,0,none,1.2246467991473532e-16,-1.0,0.2531914893617021,0.0085106382978723,0.1766928030071967,0
PAM-01833,sara_dba,DBA,backup-db,Tunisia,36.8065,10.1815,SSH,2026-03-05 13:29:25,104.5,13,0,29,,0,0,none,-0.2588190451025208,-0.9659258262890684,0.740041928721174,0.0188679245283018,-0.03064033689549661,1
PAM-00522,sara_dba,DBA,prod-db-01,Tunisia,36.8065,10.1815,SSH,2026-03-05 14:42:48,11.1,14,0,3,,0,0,none,-0.4999999999999997,-0.8660254037844388,0.339622641509434,0.0188679245283018,0.16572850137161432,0
PAM-02035,marc_netadmin,Network Admin,fw-edge-02,Tunisia,36.8065,10.1815,HTTPS,2026-03-05 15:02:24,29.9,15,0,9,,0,0,none,-0.7071067811865471,-0.7071067811865479,0.7006237006237006,0.0103950103950103,0.11037861818941042,0
PAM-01692,sara_dba,DBA,prod-db-01,Russia,55.7558,37.6173,SSH,2026-03-05 16:05:26,20.4,16,0,3,,0,1,unusual_country,-0.8660254037844385,-0.5000000000000004,0.339622641509434,0.9958071278825996,-0.014837270257403223,1
PAM-00149,sara_dba,DBA,prod-db-01,Tunisia,36.8065,10.1815,SSH,2026-03-05 18:14:34,25.3,18,0,3,,0,0,none,-1.0,-1.8369701987210294e-16,0.339622641509434,0.0188679245283018,0.08340040801648752,0
PAM-01112,crypto_bot,Service Account,backup-db,Tunisia,36.8065,10.1815,SSH,2026-03-06 02:19:42,5.6,2,0,1,,0,0,none,0.4999999999999999,0.8660254037844387,0.0106870229007633,0.0030534351145038,0.16048698681349727,0
PAM-01986,crypto_bot,Service Account,backup-db,Tunisia,36.8065,10.1815,SSH,2026-03-06 02:42:13,17.2,2,0,3,,0,0,none,0.4999999999999999,0.8660254037844387,0.0106870229007633,0.0030534351145038,0.1974588952238172,0
PAM-01062,crypto_bot,Service Account,backup-db,Tunisia,36.8065,10.1815,SSH,2026-03-06 02:59:19,25.6,2,0,10,,0,0,none,0.4999999999999999,0.8660254037844387,0.0106870229007633,0.0030534351145038,0.17641526317239653,0
PAM-01344,jean_dev,Developer,git-prod,Tunisia,36.8065,10.1815,SSH,2026-03-06 08:41:32,34.5,8,0,10,,0,0,none,0.8660254037844387,-0.4999999999999998,0.7851063829787234,0.0085106382978723,0.14431912099021277,0
PAM-01131,marc_netadmin,Network Admin,fw-edge-01,Tunisia,36.8065,10.1815,HTTPS,2026-03-06 09:10:15,17.9,9,0,2,,0,0,none,0.7071067811865476,-0.7071067811865475,0.5405405405405406,0.0103950103950103,0.19027534432316262,0
PAM-01634,jean_dev,Developer,git-prod,Tunisia,36.8065,10.1815,SSH,2026-03-06 09:20:03,25.1,9,0,5,,0,0,none,0.7071067811865476,-0.7071067811865475,0.7851063829787234,0.0085106382978723,0.1775202251349628,0
PAM-01077,marc_netadmin,Network Admin,fw-edge-01,Tunisia,36.8065,10.1815,HTTPS,2026-03-06 09:33:12,29.6,9,0,10,,0,0,none,0.7071067811865476,-0.7071067811865475,0.5405405405405406,0.0103950103950103,0.17141211271884238,0
PAM-01252,jean_dev,Developer,git-prod,Tunisia,36.8065,10.1815,SSH,2026-03-06 09:44:58,19.5,9,0,8,,0,0,none,0.7071067811865476,-0.7071067811865475,0.7851063829787234,0.0085106382978723,0.16805505341938448,0
PAM-00477,jean_dev,Developer,git-prod,Tunisia,36.8065,10.1815,SSH,2026-03-06 10:06:44,30.4,10,0,6,,0,0,none,0.4999999999999999,-0.8660254037844387,0.7851063829787234,0.0085106382978723,0.1774951609639588,0
PAM-00669,jean_dev,Developer,app-dev-01,Tunisia,36.8065,10.1815,SSH,2026-03-06 10:28:27,32.0,10,0,7,,0,0,none,0.4999999999999999,-0.8660254037844387,0.2531914893617021,0.0085106382978723,0.1891758563793982,0
PAM-01007,marc_netadmin,Network Admin,switch-core-01,Tunisia,36.8065,10.1815,HTTPS,2026-03-06 10:46:47,25.3,10,0,2,,0,0,none,0.4999999999999999,-0.8660254037844387,0.7733887733887734,0.0103950103950103,0.18114774364316633,0
PAM-01689,jean_dev,Developer,git-prod,Tunisia,36.8065,10.1815,SSH,2026-03-06 10:51:37,39.4,10,0,8,,0,0,none,0.4999999999999999,-0.8660254037844387,0.7851063829787234,0.0085106382978723,0.1533237460204135,0
PAM-00057,jean_dev,Developer,app-dev-01,Tunisia,36.8065,10.1815,SSH,2026-03-06 11:46:02,25.4,11,0,6,,0,0,none,0.258819045102521,-0.9659258262890682,0.2531914893617021,0.0085106382978723,0.1929100046040022,0
PAM-01018,jean_dev,Developer,app-dev-01,Tunisia,36.8065,10.1815,SSH,2026-03-06 11:56:37,26.9,11,0,2,,0,0,none,0.258819045102521,-0.9659258262890682,0.2531914893617021,0.0085106382978723,0.18745203598944254,0
PAM-01005,jean_dev,Developer,app-dev-01,Tunisia,36.8065,10.1815,SSH,2026-03-06 12:30:45,31.2,12,0,10,,0,0,none,1.2246467991473532e-16,-1.0,0.2531914893617021,0.0085106382978723,0.15432656480040374,0
PAM-02005,marc_netadmin,Network Admin,fw-edge-01,Tunisia,36.8065,10.1815,HTTPS,2026-03-06 13:13:49,46.9,13,0,14,,0,0,none,-0.2588190451025208,-0.9659258262890684,0.5405405405405406,0.0103950103950103,0.09620136486333997,0
PAM-00011,jean_dev,Developer,git-prod,Tunisia,36.8065,10.1815,SSH,2026-03-06 13:38:35,31.7,13,0,5,rm -rf,1,1,sensitive_command,-0.2588190451025208,-0.9659258262890684,0.7851063829787234,0.0085106382978723,-0.021640871814424756,1
PAM-01998,sara_dba,DBA,prod-db-01,Tunisia,36.8065,10.1815,SSH,2026-03-06 13:48:19,22.6,13,0,5,,0,0,none,-0.2588190451025208,-0.9659258262890684,0.339622641509434,0.0188679245283018,0.16927669263063072,0
PAM-01229,sara_dba,DBA,backup-db,Tunisia,36.8065,10.1815,SSH,2026-03-06 14:11:40,8.1,14,0,1,rm -rf,1,0,none,-0.4999999999999997,-0.8660254037844388,0.740041928721174,0.0188679245283018,-0.0190169373216027,1
PAM-01430,sara_dba,DBA,backup-db,Tunisia,36.8065,10.1815,SSH,2026-03-06 17:43:39,32.8,17,0,6,,0,0,none,-0.9659258262890684,-0.2588190451025206,0.740041928721174,0.0188679245283018,0.0850425709519963,0
PAM-01361,crypto_bot,Service Account,backup-db,Tunisia,36.8065,10.1815,SSH,2026-03-07 02:15:45,28.5,2,1,5,,0,0,none,0.4999999999999999,0.8660254037844387,0.0106870229007633,0.0030534351145038,0.1283822692156691,0
PAM-01323,crypto_bot,Service Account,backup-db,Tunisia,36.8065,10.1815,SSH,2026-03-07 02:19:16,13.0,2,1,2,,0,0,none,0.4999999999999999,0.8660254037844387,0.0106870229007633,0.0030534351145038,0.1204006845790786,0
PAM-00778,crypto_bot,Service Account,backup-db,Tunisia,36.8065,10.1815,SSH,2026-03-07 02:30:52,34.3,2,1,10,,0,0,none,0.4999999999999999,0.8660254037844387,0.0106870229007633,0.0030534351145038,0.10514563245502473,0
PAM-00839,crypto_bot,Service Account,backup-db,Tunisia,36.8065,10.1815,SSH,2026-03-08 02:01:14,22.4,2,1,5,,0,0,none,0.4999999999999999,0.8660254037844387,0.0106870229007633,0.0030534351145038,0.13890560249033557,0
PAM-01180,crypto_bot,Service Account,backup-db,Tunisia,36.8065,10.1815,SSH,2026-03-08 02:16:01,27.1,2,1,6,,0,0,none,0.4999999999999999,0.8660254037844387,0.0106870229007633,0.0030534351145038,0.13105418943657654,0
PAM-00726,crypto_bot,Service Account,backup-db,Tunisia,36.8065,10.1815,SSH,2026-03-08 02:26:49,45.4,2,1,13,,0,0,none,0.4999999999999999,0.8660254037844387,0.0106870229007633,0.0030534351145038,0.0728586214507283,0
PAM-00125,crypto_bot,Service Account,backup-db,Tunisia,36.8065,10.1815,SSH,2026-03-08 02:36:13,37.2,2,1,10,,0,0,none,0.4999999999999999,0.8660254037844387,0.0106870229007633,0.0030534351145038,0.10384934734103868,0
PAM-00165,crypto_bot,Service Account,backup-db,Tunisia,36.8065,10.1815,SSH,2026-03-08 02:37:36,38.2,2,1,9,,0,0,none,0.4999999999999999,0.8660254037844387,0.0106870229007633,0.0030534351145038,0.10768097743157284,0
PAM-00256,crypto_bot,Service Account,backup-db,Tunisia,36.8065,10.1815,SSH,2026-03-08 02:40:06,17.7,2,1,3,,0,0,none,0.4999999999999999,0.8660254037844387,0.0106870229007633,0.0030534351145038,0.12983384928134378,0
PAM-00580,crypto_bot,Service Account,backup-db,Tunisia,36.8065,10.1815,SSH,2026-03-08 02:51:50,12.4,2,1,1,,0,0,none,0.4999999999999999,0.8660254037844387,0.0106870229007633,0.0030534351145038,0.10547589763262971,0
PAM-01776,crypto_bot,Service Account,backup-db,Tunisia,36.8065,10.1815,SSH,2026-03-09 01:19:37,15.1,1,0,6,,0,0,none,0.2588190451025207,0.9659258262890684,0.0106870229007633,0.0030534351145038,0.11466317912432994,0
PAM-00138,crypto_bot,Service Account,backup-db,Tunisia,36.8065,10.1815,SSH,2026-03-09 02:06:16,59.3,2,0,17,,0,0,none,0.4999999999999999,0.8660254037844387,0.0106870229007633,0.0030534351145038,0.09319018161060577,0
PAM-01483,crypto_bot,Service Account,backup-db,Tunisia,36.8065,10.1815,SSH,2026-03-09 02:09:52,23.7,2,0,12,,0,0,none,0.4999999999999999,0.8660254037844387,0.0106870229007633,0.0030534351145038,0.1633158847358238,0
PAM-01265,crypto_bot,Service Account,backup-db,Tunisia,36.8065,10.1815,SSH,2026-03-09 02:15:22,23.3,2,0,8,,0,0,none,0.4999999999999999,0.8660254037844387,0.0106870229007633,0.0030534351145038,0.18980107889708692,0
PAM-01036,crypto_bot,Service Account,backup-db,Tunisia,36.8065,10.1815,SSH,2026-03-09 02:30:57,9.5,2,0,2,,0,0,none,0.4999999999999999,0.8660254037844387,0.0106870229007633,0.0030534351145038,0.18901364172085955,0
PAM-00698,crypto_bot,Service Account,backup-db,Tunisia,36.8065,10.1815,SSH,2026-03-09 02:43:58,11.8,2,0,3,,0,0,none,0.4999999999999999,0.8660254037844387,0.0106870229007633,0.0030534351145038,0.1933920085249411,0
PAM-01797,marc_netadmin,Network Admin,fw-edge-02,Tunisia,36.8065,10.1815,HTTPS,2026-03-09 08:57:03,20.9,8,0,2,,0,0,none,0.8660254037844387,-0.4999999999999998,0.7006237006237006,0.0103950103950103,0.1781032718349026,0
PAM-00868,sara_dba,DBA,backup-db,Tunisia,36.8065,10.1815,SSH,2026-03-09 09:51:46,19.4,9,0,5,,0,0,none,0.7071067811865476,-0.7071067811865475,0.740041928721174,0.0188679245283018,0.16230432125799388,0
PAM-01818,marc_netadmin,Network Admin,switch-core-01,Tunisia,36.8065,10.1815,HTTPS,2026-03-09 10:04:59,12.6,10,0,3,,0,0,none,0.4999999999999999,-0.8660254037844387,0.7733887733887734,0.0103950103950103,0.18629883293019656,0
PAM-01167,marc_netadmin,Network Admin,fw-edge-01,Tunisia,36.8065,10.1815,HTTPS,2026-03-09 10:41:07,8.0,10,0,4,,0,0,none,0.4999999999999999,-0.8660254037844387,0.5405405405405406,0.0103950103950103,0.18088869329768825,0
PAM-00200,jean_dev,Developer,app-dev-01,Tunisia,36.8065,10.1815,SSH,2026-03-09 11:53:42,12.2,11,0,5,,0,0,none,0.258819045102521,-0.9659258262890682,0.2531914893617021,0.0085106382978723,0.19188620839432485,0
PAM-00824,marc_netadmin,Network Admin,fw-edge-02,Tunisia,36.8065,10.1815,HTTPS,2026-03-09 12:16:23,12.4,12,0,2,,0,0,none,1.2246467991473532e-16,-1.0,0.7006237006237006,0.0103950103950103,0.1650578217035179,0
PAM-01681,jean_dev,Developer,app-dev-01,Tunisia,36.8065,10.1815,SSH,2026-03-09 12:37:14,17.5,12,0,3,,0,0,none,1.2246467991473532e-16,-1.0,0.2531914893617021,0.0085106382978723,0.17800373294356048,0
PAM-00841,jean_dev,Developer,git-prod,Tunisia,36.8065,10.1815,SSH,2026-03-10 09:58:27,17.0,9,0,5,shutdown -h now,1,0,none,0.7071067811865476,-0.7071067811865475,0.7851063829787234,0.0085106382978723,0.01216773160982998,0
PAM-00163,jean_dev,Developer,app-dev-01,Tunisia,36.8065,10.1815,SSH,2026-03-10 10:39:38,12.3,10,0,2,,0,0,none,0.4999999999999999,-0.8660254037844387,0.2531914893617021,0.0085106382978723,0.19222516143105284,0
PAM-00133,jean_dev,Developer,app-dev-01,Tunisia,36.8065,10.1815,SSH,2026-03-10 12:08:04,18.5,12,0,4,,0,0,none,1.2246467991473532e-16,-1.0,0.2531914893617021,0.0085106382978723,0.1813659928775369,0
PAM-01083,jean_dev,Developer,app-dev-01,Tunisia,36.8065,10.1815,SSH,2026-03-10 13:12:02,7.9,13,0,3,,0,0,none,-0.2588190451025208,-0.9659258262890684,0.2531914893617021,0.0085106382978723,0.15090918458459374,0
PAM-01816,sara_dba,DBA,prod-db-01,Tunisia,36.8065,10.1815,SSH,2026-03-10 14:50:27,20.2,14,0,6,,0,0,none,-0.4999999999999997,-0.8660254037844388,0.339622641509434,0.0188679245283018,0.16806537129365035,0
PAM-01809,sara_dba,DBA,prod-db-01,Tunisia,36.8065,10.1815,SSH,2026-03-10 14:52:35,19.8,14,0,2,,0,0,none,-0.4999999999999997,-0.8660254037844388,0.339622641509434,0.0188679245283018,0.16629158376245795,0
PAM-01273,sara_dba,DBA,prod-db-01,Tunisia,36.8065,10.1815,SSH,2026-03-10 15:21:38,27.0,15,0,4,,0,0,none,-0.7071067811865471,-0.7071067811865479,0.339622641509434,0.0188679245283018,0.14453440935586342,0
PAM-01213,sara_dba,DBA,prod-db-01,Tunisia,36.8065,10.1815,SSH,2026-03-10 17:26:47,25.9,17,0,5,,0,0,none,-0.9659258262890684,-0.2588190451025206,0.339622641509434,0.0188679245283018,0.1095909031527128,0
PAM-01595,sara_dba,DBA,prod-db-01,Tunisia,36.8065,10.1815,SSH,2026-03-10 17:52:12,15.4,17,0,6,,0,0,none,-0.9659258262890684,-0.2588190451025206,0.339622641509434,0.0188679245283018,0.11061050272988182,0
PAM-00967,crypto_bot,Service Account,backup-db,Tunisia,36.8065,10.1815,SSH,2026-03-11 02:14:13,36.4,2,0,10,,0,0,none,0.4999999999999999,0.8660254037844387,0.0106870229007633,0.0030534351145038,0.17100038252470207,0
PAM-00399,crypto_bot,Service Account,backup-db,Tunisia,36.8065,10.1815,SSH,2026-03-11 02:33:56,28.4,2,0,8,DROP TABLE,1,0,none,0.4999999999999999,0.8660254037844387,0.0106870229007633,0.0030534351145038,0.00905445206671518,0
PAM-01268,crypto_bot,Service Account,backup-db,Tunisia,36.8065,10.1815,SSH,2026-03-11 02:46:35,31.1,2,0,7,,0,0,none,0.4999999999999999,0.8660254037844387,0.0106870229007633,0.0030534351145038,0.19134944821965305,0
PAM-00779,marc_netadmin,Network Admin,switch-core-01,Tunisia,36.8065,10.1815,HTTPS,2026-03-11 06:09:40,19.9,6,0,4,,0,0,none,1.0,6.123233995736766e-17,0.7733887733887734,0.0103950103950103,0.1256658885188574,0
PAM-01728,jean_dev,Developer,git-prod,Tunisia,36.8065,10.1815,SSH,2026-03-11 09:02:13,9.8,9,0,1,,0,0,none,0.7071067811865476,-0.7071067811865475,0.7851063829787234,0.0085106382978723,0.16040505423915974,0
PAM-00725,sara_dba,DBA,prod-db-02,Tunisia,36.8065,10.1815,SSH,2026-03-11 11:14:44,14.6,11,0,2,,0,0,none,0.258819045102521,-0.9659258262890682,0.9224318658280922,0.0188679245283018,0.12106873868107526,0
PAM-01716,sara_dba,DBA,prod-db-02,Tunisia,36.8065,10.1815,SSH,2026-03-11 11:17:15,16.4,11,0,5,,0,0,none,0.258819045102521,-0.9659258262890682,0.9224318658280922,0.0188679245283018,0.12635766623231176,0
PAM-00389,marc_netadmin,Network Admin,fw-edge-01,Tunisia,36.8065,10.1815,HTTPS,2026-03-11 11:54:30,19.0,11,0,4,,0,0,none,0.258819045102521,-0.9659258262890682,0.5405405405405406,0.0103950103950103,0.18906229287134663,0
PAM-01893,sara_dba,DBA,prod-db-01,Tunisia,36.8065,10.1815,SSH,2026-03-11 12:14:34,2.8,12,0,1,,0,0,none,1.2246467991473532e-16,-1.0,0.339622641509434,0.0188679245283018,0.14004328782909709,0
PAM-00109,sara_dba,DBA,prod-db-02,Tunisia,36.8065,10.1815,SSH,2026-03-11 12:28:22,13.6,12,0,4,,0,0,none,1.2246467991473532e-16,-1.0,0.9224318658280922,0.0188679245283018,0.11939126889595308,0
PAM-02038,sara_dba,DBA,backup-db,Tunisia,36.8065,10.1815,SSH,2026-03-11 16:14:06,32.0,16,0,7,,0,0,none,-0.8660254037844385,-0.5000000000000004,0.740041928721174,0.0188679245283018,0.10591107641525155,0
PAM-00111,sara_dba,DBA,backup-db,Tunisia,36.8065,10.1815,SSH,2026-03-11 17:55:51,5.8,17,0,1,,0,0,none,-0.9659258262890684,-0.2588190451025206,0.740041928721174,0.0188679245283018,0.06524735526747627,0
PAM-01944,crypto_bot,Service Account,backup-db,Tunisia,36.8065,10.1815,SSH,2026-03-12 01:38:58,13.2,1,0,4,,0,0,none,0.2588190451025207,0.9659258262890684,0.0106870229007633,0.0030534351145038,0.1214642698105114,0
PAM-00248,crypto_bot,Service Account,backup-db,Tunisia,36.8065,10.1815,SSH,2026-03-12 02:15:34,31.2,2,0,5,,0,0,none,0.4999999999999999,0.8660254037844387,0.0106870229007633,0.0030534351145038,0.18776086712522527,0
PAM-00673,crypto_bot,Service Account,backup-db,Tunisia,36.8065,10.1815,SSH,2026-03-12 02:31:33,49.5,2,0,10,,0,0,none,0.4999999999999999,0.8660254037844387,0.0106870229007633,0.0030534351145038,0.1455021645274751,0
PAM-00697,crypto_bot,Service Account,backup-db,Tunisia,36.8065,10.1815,SSH,2026-03-12 02:33:15,24.9,2,0,8,,0,0,none,0.4999999999999999,0.8660254037844387,0.0106870229007633,0.0030534351145038,0.19043779397243138,0
PAM-02068,marc_netadmin,Network Admin,fw-edge-01,Tunisia,36.8065,10.1815,HTTPS,2026-03-12 08:39:35,13.0,8,0,3,,0,0,none,0.8660254037844387,-0.4999999999999998,0.5405405405405406,0.0103950103950103,0.18370440850758535,0
PAM-00623,jean_dev,Developer,app-dev-01,Tunisia,36.8065,10.1815,SSH,2026-03-12 08:53:18,25.2,8,0,2,,0,0,none,0.8660254037844387,-0.4999999999999998,0.2531914893617021,0.0085106382978723,0.16785241472178414,0
PAM-01072,sara_dba,DBA,prod-db-01,North Korea,39.0392,125.7625,SSH,2026-03-12 09:20:02,53.9,9,0,14,,0,1,unusual_country,0.7071067811865476,-0.7071067811865475,0.339622641509434,0.9958071278825996,-0.026421518287834123,1
PAM-01851,jean_dev,Developer,git-prod,Tunisia,36.8065,10.1815,SSH,2026-03-12 09:44:03,35.5,9,0,10,,0,0,none,0.7071067811865476,-0.7071067811865475,0.7851063829787234,0.0085106382978723,0.15536155736968854,0
PAM-00393,jean_dev,Developer,app-dev-01,Tunisia,36.8065,10.1815,SSH,2026-03-12 10:05:36,17.9,10,0,3,,0,0,none,0.4999999999999999,-0.8660254037844387,0.2531914893617021,0.0085106382978723,0.19724230995250247,0
PAM-01543,marc_netadmin,Network Admin,switch-core-01,Tunisia,36.8065,10.1815,HTTPS,2026-03-12 11:18:40,5.7,11,0,1,,0,0,none,0.258819045102521,-0.9659258262890682,0.7733887733887734,0.0103950103950103,0.15431178054242256,0
PAM-01032,marc_netadmin,Network Admin,switch-core-01,Tunisia,36.8065,10.1815,HTTPS,2026-03-12 12:27:46,14.6,12,0,6,,0,0,none,1.2246467991473532e-16,-1.0,0.7733887733887734,0.0103950103950103,0.1678326608375877,0
PAM-00641,sara_dba,DBA,prod-db-01,Tunisia,36.8065,10.1815,SSH,2026-03-12 13:34:02,21.8,13,0,5,,0,0,none,-0.2588190451025208,-0.9659258262890684,0.339622641509434,0.0188679245283018,0.1701603065642074,0
PAM-00206,sara_dba,DBA,prod-db-01,Tunisia,36.8065,10.1815,SSH,2026-03-12 15:34:24,24.0,15,0,5,,0,0,none,-0.7071067811865471,-0.7071067811865479,0.339622641509434,0.0188679245283018,0.15085926617588247,0
PAM-00424,sara_dba,DBA,prod-db-01,Tunisia,36.8065,10.1815,SSH,2026-03-12 16:35:52,9.4,16,0,1,,0,0,none,-0.8660254037844385,-0.5000000000000004,0.339622641509434,0.0188679245283018,0.11628416179413731,0
PAM-01392,crypto_bot,Service Account,backup-db,Tunisia,36.8065,10.1815,SSH,2026-03-13 02:28:31,17.6,2,0,3,,0,0,none,0.4999999999999999,0.8660254037844387,0.0106870229007633,0.0030534351145038,0.19737984311782047,0
PAM-01298,crypto_bot,Service Account,backup-db,Tunisia,36.8065,10.1815,SSH,2026-03-13 02:35:45,41.2,2,0,12,,0,0,none,0.4999999999999999,0.8660254037844387,0.0106870229007633,0.0030534351145038,0.1599361555729779,0
PAM-01494,crypto_bot,Service Account,backup-db,Tunisia,36.8065,10.1815,SSH,2026-03-13 03:57:49,9.9,3,0,2,,0,0,none,0.7071067811865476,0.7071067811865476,0.0106870229007633,0.0030534351145038,0.13292841616860163,0
PAM-01099,marc_netadmin,Network Admin,fw-edge-01,Tunisia,36.8065,10.1815,HTTPS,2026-03-13 09:11:19,22.2,9,0,7,,0,0,none,0.7071067811865476,-0.7071067811865475,0.5405405405405406,0.0103950103950103,0.1896318183501065,0
PAM-00688,sara_dba,DBA,prod-db-01,Tunisia,36.8065,10.1815,SSH,2026-03-13 09:16:48,16.0,9,0,7,,0,0,none,0.7071067811865476,-0.7071067811865475,0.339622641509434,0.0188679245283018,0.1551338292147038,0
PAM-00107,jean_dev,Developer,app-dev-01,Tunisia,36.8065,10.1815,SSH,2026-03-13 10:00:54,13.0,10,0,4,,0,0,none,0.4999999999999999,-0.8660254037844387,0.2531914893617021,0.0085106382978723,0.1954147298816628,0
PAM-00974,jean_dev,Developer,app-dev-01,Tunisia,36.8065,10.1815,SSH,2026-03-13 11:39:56,46.4,11,0,10,,0,0,none,0.258819045102521,-0.9659258262890682,0.2531914893617021,0.0085106382978723,0.15471220111467343,0
PAM-00418,sara_dba,DBA,backup-db,Tunisia,36.8065,10.1815,SSH,2026-03-13 13:06:06,32.1,13,0,10,,0,0,none,-0.2588190451025208,-0.9659258262890684,0.740041928721174,0.0188679245283018,0.125938381314734,0
PAM-01204,crypto_bot,Service Account,backup-db,Tunisia,36.8065,10.1815,SSH,2026-03-14 01:01:16,21.1,1,1,6,,0,1,unusual_hour,0.2588190451025207,0.9659258262890684,0.0106870229007633,0.0030534351145038,0.03744947658683184,0
PAM-00137,crypto_bot,Service Account,backup-db,Tunisia,36.8065,10.1815,SSH,2026-03-14 02:03:58,27.3,2,1,10,,0,0,none,0.4999999999999999,0.8660254037844387,0.0106870229007633,0.0030534351145038,0.11032541147582298,0
PAM-01894,crypto_bot,Service Account,backup-db,Tunisia,36.8065,10.1815,SSH,2026-03-14 02:57:23,44.8,2,1,7,,0,0,none,0.4999999999999999,0.8660254037844387,0.0106870229007633,0.0030534351145038,0.09971261900222794,0
PAM-01807,marc_netadmin,Network Admin,backup-db,Tunisia,36.8065,10.1815,HTTPS,2026-03-14 10:33:29,14.5,10,1,5,,0,1,unusual_asset,0.4999999999999999,-0.8660254037844387,0.997920997920998,0.0103950103950103,-0.006349483303252468,1
PAM-00503,crypto_bot,Service Account,backup-db,Tunisia,36.8065,10.1815,SSH,2026-03-15 02:37:38,40.8,2,1,15,,0,0,none,0.4999999999999999,0.8660254037844387,0.0106870229007633,0.0030534351145038,0.06160711784074946,0
PAM-00829,crypto_bot,Service Account,backup-db,Tunisia,36.8065,10.1815,SSH,2026-03-15 02:43:47,5.9,2,1,2,,0,0,none,0.4999999999999999,0.8660254037844387,0.0106870229007633,0.0030534351145038,0.08920542318853952,0
PAM-00124,marc_netadmin,Network Admin,switch-core-01,Tunisia,36.8065,10.1815,HTTPS,2026-03-15 06:53:02,33.6,6,1,15,,0,0,none,1.0,6.123233995736766e-17,0.7733887733887734,0.0103950103950103,-0.03677933950863721,1
PAM-00229,marc_netadmin,Network Admin,fw-edge-01,Tunisia,36.8065,10.1815,HTTPS,2026-03-15 09:17:43,12.7,9,1,4,,0,0,none,0.7071067811865476,-0.7071067811865475,0.5405405405405406,0.0103950103950103,0.029129371826092876,0
PAM-00966,sara_dba,DBA,prod-db-01,Tunisia,36.8065,10.1815,SSH,2026-03-15 17:33:07,53.7,17,1,12,,0,0,none,-0.9659258262890684,-0.2588190451025206,0.339622641509434,0.0188679245283018,-0.055165889690606984,1
PAM-00174,crypto_bot,Service Account,backup-db,Tunisia,36.8065,10.1815,SSH,2026-03-16 01:45:43,26.4,1,0,8,,0,0,none,0.2588190451025207,0.9659258262890684,0.0106870229007633,0.0030534351145038,0.10796613240549535,0
PAM-01791,crypto_bot,Service Account,backup-db,Tunisia,36.8065,10.1815,SSH,2026-03-16 02:16:17,31.7,2,0,11,,0,0,none,0.4999999999999999,0.8660254037844387,0.0106870229007633,0.0030534351145038,0.16889180180967028,0
PAM-01440,crypto_bot,Service Account,backup-db,Tunisia,36.8065,10.1815,SSH,2026-03-16 02:17:17,24.4,2,0,6,,0,0,none,0.4999999999999999,0.8660254037844387,0.0106870229007633,0.0030534351145038,0.19676064370748614,0
PAM-00255,crypto_bot,Service Account,backup-db,Tunisia,36.8065,10.1815,SSH,2026-03-16 02:18:30,14.5,2,0,6,,0,0,none,0.4999999999999999,0.8660254037844387,0.0106870229007633,0.0030534351145038,0.19455104752242897,0
PAM-00459,crypto_bot,Service Account,backup-db,Tunisia,36.8065,10.1815,SSH,2026-03-16 02:25:11,7.3,2,0,2,,0,0,none,0.4999999999999999,0.8660254037844387,0.0106870229007633,0.0030534351145038,0.17913108432723768,0
PAM-00442,crypto_bot,Service Account,backup-db,Tunisia,36.8065,10.1815,SSH,2026-03-16 02:46:24,22.2,2,0,8,,0,0,none,0.4999999999999999,0.8660254037844387,0.0106870229007633,0.0030534351145038,0.19061976586286145,0
PAM-00581,marc_netadmin,Network Admin,switch-core-01,Tunisia,36.8065,10.1815,HTTPS,2026-03-16 06:50:01,41.5,6,0,14,,0,0,none,1.0,6.123233995736766e-17,0.7733887733887734,0.0103950103950103,0.0743004078191668,0
PAM-00276,marc_netadmin,Network Admin,fw-edge-01,Tunisia,36.8065,10.1815,HTTPS,2026-03-16 09:07:25,68.9,9,0,21,,0,0,none,0.7071067811865476,-0.7071067811865475,0.5405405405405406,0.0103950103950103,0.07085649425956908,0
PAM-00598,marc_netadmin,Network Admin,fw-edge-02,Tunisia,36.8065,10.1815,HTTPS,2026-03-16 09:31:18,15.4,9,0,2,,0,0,none,0.7071067811865476,-0.7071067811865475,0.7006237006237006,0.0103950103950103,0.18729252493842252,0
PAM-00769,marc_netadmin,Network Admin,app-dev-01,Tunisia,36.8065,10.1815,HTTPS,2026-03-16 11:22:18,13.9,11,0,8,,0,1,unusual_asset,0.258819045102521,-0.9659258262890682,0.997920997920998,0.0103950103950103,0.10784664801460331,0
PAM-00225,marc_netadmin,Network Admin,fw-edge-02,Tunisia,36.8065,10.1815,HTTPS,2026-03-16 12:04:11,4.6,12,0,2,,0,0,none,1.2246467991473532e-16,-1.0,0.7006237006237006,0.0103950103950103,0.1497857171551652,0
PAM-00715,jean_dev,Developer,app-dev-01,Tunisia,36.8065,10.1815,SSH,2026-03-16 12:24:43,9.4,12,0,4,,0,0,none,1.2246467991473532e-16,-1.0,0.2531914893617021,0.0085106382978723,0.17397456580950033,0
PAM-00790,sara_dba,DBA,backup-db,Tunisia,36.8065,10.1815,SSH,2026-03-16 14:35:14,19.3,14,0,6,,0,0,none,-0.4999999999999997,-0.8660254037844388,0.740041928721174,0.0188679245283018,0.15419021243432174,0
PAM-00395,sara_dba,DBA,backup-db,Tunisia,36.8065,10.1815,SSH,2026-03-16 14:47:52,47.3,14,0,10,,0,0,none,-0.4999999999999997,-0.8660254037844388,0.740041928721174,0.0188679245283018,0.10778134336377132,0
PAM-00275,sara_dba,DBA,prod-db-01,Tunisia,36.8065,10.1815,SSH,2026-03-16 14:56:51,21.2,14,0,4,,0,0,none,-0.4999999999999997,-0.8660254037844388,0.339622641509434,0.0188679245283018,0.16831365269621545,0
PAM-00827,sara_dba,DBA,prod-db-01,Tunisia,36.8065,10.1815,SSH,2026-03-16 15:35:14,10.1,15,0,1,,0,0,none,-0.7071067811865471,-0.7071067811865479,0.339622641509434,0.0188679245283018,0.13207071599514858,0
PAM-01630,crypto_bot,Service Account,backup-db,Tunisia,36.8065,10.1815,SSH,2026-03-17 02:03:41,8.4,2,0,3,,0,0,none,0.4999999999999999,0.8660254037844387,0.0106870229007633,0.0030534351145038,0.18593985069765617,0
PAM-01802,crypto_bot,Service Account,backup-db,Tunisia,36.8065,10.1815,SSH,2026-03-17 03:28:14,12.3,3,0,2,,0,0,none,0.7071067811865476,0.7071067811865476,0.0106870229007633,0.0030534351145038,0.13598895112814074,0
PAM-01960,jean_dev,Developer,app-dev-01,Tunisia,36.8065,10.1815,SSH,2026-03-17 11:06:18,42.8,11,0,13,,0,0,none,0.258819045102521,-0.9659258262890682,0.2531914893617021,0.0085106382978723,0.14830086427399014,0
PAM-01130,sara_dba,DBA,backup-db,Tunisia,36.8065,10.1815,SSH,2026-03-17 11:06:39,9.5,11,0,5,,0,0,none,0.258819045102521,-0.9659258262890682,0.740041928721174,0.0188679245283018,0.15963651014387648,0
PAM-00604,jean_dev,Developer,app-dev-01,Tunisia,36.8065,10.1815,SSH,2026-03-17 11:09:46,42.1,11,0,6,,0,0,none,0.258819045102521,-0.9659258262890682,0.2531914893617021,0.0085106382978723,0.16230999079163888,0
PAM-00954,sara_dba,DBA,prod-db-01,Tunisia,36.8065,10.1815,SSH,2026-03-17 12:25:29,506.8,12,0,129,,0,1,unusual_duration,1.2246467991473532e-16,-1.0,0.339622641509434,0.0188679245283018,-0.12602903544639765,1
PAM-00498,sara_dba,DBA,prod-db-01,Tunisia,36.8065,10.1815,SSH,2026-03-17 12:45:37,15.6,12,0,6,,0,0,none,1.2246467991473532e-16,-1.0,0.339622641509434,0.0188679245283018,0.16735952616894834,0
PAM-00380,crypto_bot,Service Account,backup-db,Tunisia,36.8065,10.1815,SSH,2026-03-18 01:16:25,18.0,1,0,4,,0,0,none,0.2588190451025207,0.9659258262890684,0.0106870229007633,0.0030534351145038,0.12100820720903838,0
PAM-01908,crypto_bot,Service Account,backup-db,Tunisia,36.8065,10.1815,SSH,2026-03-18 02:00:23,11.9,2,0,4,,0,0,none,0.4999999999999999,0.8660254037844387,0.0106870229007633,0.0030534351145038,0.19427005058019092,0
PAM-00546,crypto_bot,Service Account,backup-db,Tunisia,36.8065,10.1815,SSH,2026-03-18 02:00:49,29.8,2,0,4,,0,0,none,0.4999999999999999,0.8660254037844387,0.0106870229007633,0.0030534351145038,0.19130860593684623,0
PAM-00952,crypto_bot,Service Account,backup-db,Tunisia,36.8065,10.1815,SSH,2026-03-18 02:08:11,9.0,2,0,7,,0,0,none,0.4999999999999999,0.8660254037844387,0.0106870229007633,0.0030534351145038,0.180829732596197,0
PAM-01846,crypto_bot,Service Account,backup-db,Tunisia,36.8065,10.1815,SSH,2026-03-18 02:22:04,16.7,2,0,4,,0,0,none,0.4999999999999999,0.8660254037844387,0.0106870229007633,0.0030534351145038,0.2000061482961904,0
PAM-00567,crypto_bot,Service Account,backup-db,Tunisia,36.8065,10.1815,SSH,2026-03-18 02:29:42,33.0,2,0,5,,0,0,none,0.4999999999999999,0.8660254037844387,0.0106870229007633,0.0030534351145038,0.18304688432808536,0
PAM-01385,crypto_bot,Service Account,backup-db,Tunisia,36.8065,10.1815,SSH,2026-03-18 02:34:58,14.7,2,0,4,,0,0,none,0.4999999999999999,0.8660254037844387,0.0106870229007633,0.0030534351145038,0.1989045777339748,0
PAM-01511,marc_netadmin,Network Admin,fw-edge-02,Tunisia,36.8065,10.1815,HTTPS,2026-03-18 04:42:55,19.4,4,0,7,,0,0,none,0.8660254037844386,0.5000000000000001,0.7006237006237006,0.0103950103950103,0.10452160071907624,0
PAM-01081,marc_netadmin,Network Admin,fw-edge-01,Tunisia,36.8065,10.1815,HTTPS,2026-03-18 09:20:53,31.1,9,0,8,,0,0,none,0.7071067811865476,-0.7071067811865475,0.5405405405405406,0.0103950103950103,0.1830396487059836,0
PAM-01563,jean_dev,Developer,git-prod,Tunisia,36.8065,10.1815,SSH,2026-03-18 10:32:45,6.5,10,0,3,,0,0,none,0.4999999999999999,-0.8660254037844387,0.7851063829787234,0.0085106382978723,0.1655042610001659,0
PAM-00670,jean_dev,Developer,app-dev-01,Tunisia,36.8065,10.1815,SSH,2026-03-18 10:53:47,16.9,10,0,6,,0,0,none,0.4999999999999999,-0.8660254037844387,0.2531914893617021,0.0085106382978723,0.1983676703283545,0
PAM-00657,sara_dba,DBA,backup-db,Tunisia,36.8065,10.1815,SSH,2026-03-18 11:06:39,14.9,11,0,2,,0,0,none,0.258819045102521,-0.9659258262890682,0.740041928721174,0.0188679245283018,0.16147590522862487,0
PAM-02059,sara_dba,DBA,prod-db-01,Tunisia,36.8065,10.1815,SSH,2026-03-18 11:19:46,25.1,11,0,6,,0,0,none,0.258819045102521,-0.9659258262890682,0.339622641509434,0.0188679245283018,0.1754643993886949,0
PAM-00321,sara_dba,DBA,prod-db-01,Tunisia,36.8065,10.1815,SSH,2026-03-18 12:02:07,12.2,12,0,1,,0,0,none,1.2246467991473532e-16,-1.0,0.339622641509434,0.0188679245283018,0.15401595820367414,0
PAM-00735,sara_dba,DBA,prod-db-01,Tunisia,36.8065,10.1815,SSH,2026-03-18 13:00:50,21.3,13,0,3,,0,0,none,-0.2588190451025208,-0.9659258262890684,0.339622641509434,0.0188679245283018,0.16939577817953771,0
PAM-00774,sara_dba,DBA,backup-db,Tunisia,36.8065,10.1815,SSH,2026-03-18 15:36:24,29.1,15,0,6,,0,0,none,-0.7071067811865471,-0.7071067811865479,0.740041928721174,0.0188679245283018,0.13085910700773162,0
PAM-00830,sara_dba,DBA,backup-db,Tunisia,36.8065,10.1815,SSH,2026-03-18 15:49:01,9.5,15,0,2,,0,0,none,-0.7071067811865471,-0.7071067811865479,0.740041928721174,0.0188679245283018,0.12182116819943245,0
PAM-00687,crypto_bot,Service Account,backup-db,Tunisia,36.8065,10.1815,SSH,2026-03-19 01:44:22,17.6,1,0,6,,0,0,none,0.2588190451025207,0.9659258262890684,0.0106870229007633,0.0030534351145038,0.11533566528036382,0
PAM-01773,crypto_bot,Service Account,backup-db,Tunisia,36.8065,10.1815,SSH,2026-03-19 02:54:30,21.4,2,0,3,,0,0,none,0.4999999999999999,0.8660254037844387,0.0106870229007633,0.0030534351145038,0.19584853591230472,0
PAM-00290,crypto_bot,Service Account,backup-db,Tunisia,36.8065,10.1815,SSH,2026-03-19 03:07:42,21.2,3,0,6,,0,0,none,0.7071067811865476,0.7071067811865476,0.0106870229007633,0.0030534351145038,0.13998213352953992,0
PAM-00983,jean_dev,Developer,app-dev-01,Tunisia,36.8065,10.1815,SSH,2026-03-19 08:00:38,19.7,8,0,4,,0,0,none,0.8660254037844387,-0.4999999999999998,0.2531914893617021,0.0085106382978723,0.1745562605003309,0
PAM-01045,marc_netadmin,Network Admin,fw-edge-01,Tunisia,36.8065,10.1815,HTTPS,2026-03-19 08:37:34,36.8,8,0,4,,0,0,none,0.8660254037844387,-0.4999999999999998,0.5405405405405406,0.0103950103950103,0.16877798966284602,0
PAM-01533,marc_netadmin,Network Admin,fw-edge-01,Tunisia,36.8065,10.1815,HTTPS,2026-03-19 09:45:39,21.5,9,0,5,,0,0,none,0.7071067811865476,-0.7071067811865475,0.5405405405405406,0.0103950103950103,0.19157904798778919,0
PAM-01468,marc_netadmin,Network Admin,fw-edge-02,Tunisia,36.8065,10.1815,HTTPS,2026-03-19 09:56:15,9.5,9,0,2,,0,0,none,0.7071067811865476,-0.7071067811865475,0.7006237006237006,0.0103950103950103,0.18178902279560377,0
PAM-01346,sara_dba,DBA,backup-db,Tunisia,36.8065,10.1815,SSH,2026-03-19 15:48:21,28.2,15,0,7,,0,0,none,-0.7071067811865471,-0.7071067811865479,0.740041928721174,0.0188679245283018,0.12820812157641936,0
PAM-01065,sara_dba,DBA,prod-db-01,Tunisia,36.8065,10.1815,SSH,2026-03-19 16:29:14,29.3,16,0,6,,0,0,none,-0.8660254037844385,-0.5000000000000004,0.339622641509434,0.0188679245283018,0.12692490687374486,0
PAM-01668,jean_dev,Developer,app-dev-01,Tunisia,36.8065,10.1815,SSH,2026-03-20 03:51:27,12.1,3,0,3,,0,1,unusual_hour,0.7071067811865476,0.7071067811865476,0.2531914893617021,0.0085106382978723,0.11705291405165047,0
PAM-00693,jean_dev,Developer,app-dev-01,Tunisia,36.8065,10.1815,SSH,2026-03-20 08:40:50,55.4,8,0,8,,0,0,none,0.8660254037844387,-0.4999999999999998,0.2531914893617021,0.0085106382978723,0.12291923787997872,0
PAM-00132,jean_dev,Developer,app-dev-01,Tunisia,36.8065,10.1815,SSH,2026-03-20 09:14:32,24.6,9,0,5,,0,0,none,0.7071067811865476,-0.7071067811865475,0.2531914893617021,0.0085106382978723,0.18891107870650964,0
PAM-00382,marc_netadmin,Network Admin,switch-core-01,Tunisia,36.8065,10.1815,HTTPS,2026-03-20 09:51:36,45.3,9,0,13,,0,0,none,0.7071067811865476,-0.7071067811865475,0.7733887733887734,0.0103950103950103,0.13397850705404063,0
PAM-01394,jean_dev,Developer,app-dev-01,Tunisia,36.8065,10.1815,SSH,2026-03-20 09:58:27,43.8,9,0,7,,0,0,none,0.7071067811865476,-0.7071067811865475,0.2531914893617021,0.0085106382978723,0.16372902629031744,0
PAM-01967,sara_dba,DBA,backup-db,Tunisia,36.8065,10.1815,SSH,2026-03-20 11:13:56,22.9,11,0,4,,0,0,none,0.258819045102521,-0.9659258262890682,0.740041928721174,0.0188679245283018,0.1645539611200253,0
PAM-01164,marc_netadmin,Network Admin,switch-core-01,Tunisia,36.8065,10.1815,HTTPS,2026-03-20 12:53:03,36.0,12,0,5,,0,0,none,1.2246467991473532e-16,-1.0,0.7733887733887734,0.0103950103950103,0.15253127468271788,0
PAM-01727,jean_dev,Developer,app-dev-01,Tunisia,36.8065,10.1815,SSH,2026-03-20 14:01:35,24.9,14,0,6,,0,0,none,-0.4999999999999997,-0.8660254037844388,0.2531914893617021,0.0085106382978723,0.14443518693210272,0
PAM-01693,sara_dba,DBA,backup-db,Tunisia,36.8065,10.1815,SSH,2026-03-20 14:13:40,10.3,14,0,1,shutdown -h now,1,1,sensitive_command,-0.4999999999999997,-0.8660254037844388,0.740041928721174,0.0188679245283018,-0.017021656921130668,1
PAM-01663,crypto_bot,Service Account,backup-db,Tunisia,36.8065,10.1815,SSH,2026-03-21 01:58:23,12.1,1,1,2,,0,0,none,0.2588190451025207,0.9659258262890684,0.0106870229007633,0.0030534351145038,0.02941013614918686,0
PAM-02032,crypto_bot,Service Account,backup-db,Tunisia,36.8065,10.1815,SSH,2026-03-21 02:16:22,10.4,2,1,6,,0,0,none,0.4999999999999999,0.8660254037844387,0.0106870229007633,0.0030534351145038,0.11849985727912504,0
PAM-01343,crypto_bot,Service Account,backup-db,Tunisia,36.8065,10.1815,SSH,2026-03-22 02:30:12,17.9,2,1,4,,0,0,none,0.4999999999999999,0.8660254037844387,0.0106870229007633,0.0030534351145038,0.13555489290903278,0
PAM-01992,crypto_bot,Service Account,prod-db-01,Tunisia,36.8065,10.1815,SSH,2026-03-22 02:35:55,26.7,2,1,8,,0,1,unusual_asset,0.4999999999999999,0.8660254037844387,0.998473282442748,0.0030534351145038,0.003602701219588611,0
PAM-01017,crypto_bot,Service Account,backup-db,Tunisia,36.8065,10.1815,SSH,2026-03-23 02:05:50,17.6,2,0,2,,0,0,none,0.4999999999999999,0.8660254037844387,0.0106870229007633,0.0030534351145038,0.19319489578633092,0
PAM-01465,crypto_bot,Service Account,backup-db,Tunisia,36.8065,10.1815,SSH,2026-03-23 02:16:24,15.8,2,0,3,,0,0,none,0.4999999999999999,0.8660254037844387,0.0106870229007633,0.0030534351145038,0.19882979062191725,0
PAM-01966,crypto_bot,Service Account,backup-db,Tunisia,36.8065,10.1815,SSH,2026-03-23 02:54:25,20.7,2,0,10,passwd root,1,0,none,0.4999999999999999,0.8660254037844387,0.0106870229007633,0.0030534351145038,-0.0022990002114187114,1
PAM-00921,crypto_bot,Service Account,backup-db,Tunisia,36.8065,10.1815,SSH,2026-03-23 03:10:24,13.0,3,0,4,,0,0,none,0.7071067811865476,0.7071067811865476,0.0106870229007633,0.0030534351145038,0.1402070585581895,0
PAM-01800,sara_dba,DBA,backup-db,Tunisia,36.8065,10.1815,SSH,2026-03-23 08:11:10,27.3,8,0,7,,0,0,none,0.8660254037844387,-0.4999999999999998,0.740041928721174,0.0188679245283018,0.14501706439142376,0
PAM-01872,marc_netadmin,Network Admin,fw-edge-01,Tunisia,36.8065,10.1815,HTTPS,2026-03-23 08:25:56,26.0,8,0,4,,0,0,none,0.8660254037844387,-0.4999999999999998,0.5405405405405406,0.0103950103950103,0.17946207834264866,0
PAM-01170,sara_dba,DBA,prod-db-01,Tunisia,36.8065,10.1815,SSH,2026-03-23 08:47:35,29.2,8,0,9,,0,0,none,0.8660254037844387,-0.4999999999999998,0.339622641509434,0.0188679245283018,0.13686796052276412,0
PAM-00780,jean_dev,Developer,app-dev-01,Tunisia,36.8065,10.1815,SSH,2026-03-23 09:43:22,10.0,9,0,1,chmod 777,1,0,none,0.7071067811865476,-0.7071067811865475,0.2531914893617021,0.0085106382978723,0.004295025601655289,0
PAM-01724,jean_dev,Developer,app-dev-01,Tunisia,36.8065,10.1815,SSH,2026-03-23 10:03:27,46.8,10,0,9,,0,0,none,0.4999999999999999,-0.8660254037844387,0.2531914893617021,0.0085106382978723,0.16114119108052005,0
PAM-00155,sara_dba,DBA,prod-db-01,Tunisia,36.8065,10.1815,SSH,2026-03-23 10:13:28,23.5,10,0,9,,0,0,none,0.4999999999999999,-0.8660254037844387,0.339622641509434,0.0188679245283018,0.15624160299873346,0
PAM-02016,jean_dev,Developer,app-dev-01,Tunisia,36.8065,10.1815,SSH,2026-03-23 10:42:30,27.8,10,0,8,,0,0,none,0.4999999999999999,-0.8660254037844387,0.2531914893617021,0.0085106382978723,0.1879274788230375,0
PAM-00481,jean_dev,Developer,app-dev-01,Tunisia,36.8065,10.1815,SSH,2026-03-23 11:07:38,13.4,11,0,5,,0,0,none,0.258819045102521,-0.9659258262890682,0.2531914893617021,0.0085106382978723,0.1942960424837521,0
PAM-00785,sara_dba,DBA,backup-db,Tunisia,36.8065,10.1815,SSH,2026-03-23 11:15:53,130.5,11,0,25,,0,1,unusual_duration,0.258819045102521,-0.9659258262890682,0.740041928721174,0.0188679245283018,-0.03224206692589937,1
PAM-00051,marc_netadmin,Network Admin,fw-edge-02,Tunisia,36.8065,10.1815,HTTPS,2026-03-23 12:21:15,45.5,12,0,15,,0,0,none,1.2246467991473532e-16,-1.0,0.7006237006237006,0.0103950103950103,0.10196551012176353,0
PAM-01202,sara_dba,DBA,prod-db-02,Tunisia,36.8065,10.1815,SSH,2026-03-23 12:44:19,24.4,12,0,2,,0,0,none,1.2246467991473532e-16,-1.0,0.9224318658280922,0.0188679245283018,0.10950113291486413,0
PAM-00578,jean_dev,Developer,app-dev-01,Tunisia,36.8065,10.1815,SSH,2026-03-23 12:55:45,25.8,12,0,8,,0,0,none,1.2246467991473532e-16,-1.0,0.2531914893617021,0.0085106382978723,0.1703922537787539,0
PAM-01733,sara_dba,DBA,prod-db-01,Tunisia,36.8065,10.1815,SSH,2026-03-23 14:15:47,8.4,14,0,3,,0,0,none,-0.4999999999999997,-0.8660254037844388,0.339622641509434,0.0188679245283018,0.16124953724153562,0
PAM-00058,sara_dba,DBA,backup-db,Tunisia,36.8065,10.1815,SSH,2026-03-23 14:17:30,19.4,14,0,5,,0,0,none,-0.4999999999999997,-0.8660254037844388,0.740041928721174,0.0188679245283018,0.1561946104471491,0
PAM-00334,crypto_bot,Service Account,backup-db,Tunisia,36.8065,10.1815,SSH,2026-03-24 02:11:49,32.0,2,0,9,,0,0,none,0.4999999999999999,0.8660254037844387,0.0106870229007633,0.0030534351145038,0.17739710517964413,0
PAM-01490,crypto_bot,Service Account,backup-db,Tunisia,36.8065,10.1815,SSH,2026-03-24 02:30:22,11.5,2,0,2,shutdown -h now,1,1,sensitive_command,0.4999999999999999,0.8660254037844387,0.0106870229007633,0.0030534351145038,0.011457106587305255,0
PAM-01199,marc_netadmin,Network Admin,fw-edge-02,Tunisia,36.8065,10.1815,HTTPS,2026-03-24 07:01:26,12.6,7,0,1,,0,0,none,0.9659258262890684,-0.2588190451025206,0.7006237006237006,0.0103950103950103,0.1421435064828106,0
PAM-01003,marc_netadmin,Network Admin,fw-edge-01,Tunisia,36.8065,10.1815,HTTPS,2026-03-24 10:35:08,13.3,10,0,6,,0,0,none,0.4999999999999999,-0.8660254037844387,0.5405405405405406,0.0103950103950103,0.19378582098515812,0
PAM-01068,jean_dev,Developer,app-dev-01,Tunisia,36.8065,10.1815,SSH,2026-03-24 11:10:46,21.2,11,0,12,,0,0,none,0.258819045102521,-0.9659258262890682,0.2531914893617021,0.0085106382978723,0.16267687780086731,0
PAM-00485,jean_dev,Developer,git-prod,Tunisia,36.8065,10.1815,SSH,2026-03-24 11:19:05,9.7,11,0,2,,0,0,none,0.258819045102521,-0.9659258262890682,0.7851063829787234,0.0085106382978723,0.17225502445208468,0
PAM-01443,marc_netadmin,Network Admin,fw-edge-01,Tunisia,36.8065,10.1815,HTTPS,2026-03-24 11:23:08,17.5,11,0,6,,0,0,none,0.258819045102521,-0.9659258262890682,0.5405405405405406,0.0103950103950103,0.1894199693166453,0
PAM-00349,jean_dev,Developer,git-prod,Tunisia,36.8065,10.1815,SSH,2026-03-24 11:26:14,19.6,11,0,4,,0,0,none,0.258819045102521,-0.9659258262890682,0.7851063829787234,0.0085106382978723,0.17893411731852754,0
PAM-01946,sara_dba,DBA,prod-db-01,Tunisia,36.8065,10.1815,SSH,2026-03-24 11:33:26,34.0,11,0,9,,0,0,none,0.258819045102521,-0.9659258262890682,0.339622641509434,0.0188679245283018,0.15604350219787094,0
PAM-01847,jean_dev,Developer,app-dev-01,Tunisia,36.8065,10.1815,SSH,2026-03-24 12:21:41,57.2,12,0,13,,0,0,none,1.2246467991473532e-16,-1.0,0.2531914893617021,0.0085106382978723,0.09741190527771876,0
PAM-00529,sara_dba,DBA,backup-db,Tunisia,36.8065,10.1815,SSH,2026-03-24 13:01:00,67.9,13,0,17,,0,0,none,-0.2588190451025208,-0.9659258262890684,0.740041928721174,0.0188679245283018,0.043638945843477495,0
PAM-01297,jean_dev,Developer,git-prod,Tunisia,36.8065,10.1815,SSH,2026-03-24 16:33:15,37.2,16,0,8,,0,0,none,-0.8660254037844385,-0.5000000000000004,0.7851063829787234,0.0085106382978723,0.08078916987091378,0
PAM-01310,crypto_bot,Service Account,backup-db,Tunisia,36.8065,10.1815,SSH,2026-03-25 02:55:26,32.4,2,0,7,,0,0,none,0.4999999999999999,0.8660254037844387,0.0106870229007633,0.0030534351145038,0.18857931548990997,0
PAM-00329,marc_netadmin,Network Admin,fw-edge-01,Tunisia,36.8065,10.1815,HTTPS,2026-03-25 06:09:46,20.2,6,0,8,,0,0,none,1.0,6.123233995736766e-17,0.5405405405405406,0.0103950103950103,0.13058256130764473,0
PAM-01512,jean_dev,Developer,git-prod,Tunisia,36.8065,10.1815,SSH,2026-03-25 09:06:29,32.8,9,0,6,,0,0,none,0.7071067811865476,-0.7071067811865475,0.7851063829787234,0.0085106382978723,0.1706341549712569,0
PAM-00220,marc_netadmin,Network Admin,fw-edge-02,Tunisia,36.8065,10.1815,HTTPS,2026-03-25 09:20:53,39.3,9,0,8,,0,0,none,0.7071067811865476,-0.7071067811865475,0.7006237006237006,0.0103950103950103,0.1659093366830292,0
PAM-01191,marc_netadmin,Network Admin,fw-edge-01,Tunisia,36.8065,10.1815,HTTPS,2026-03-25 10:37:30,9.6,10,0,1,,0,0,none,0.4999999999999999,-0.8660254037844387,0.5405405405405406,0.0103950103950103,0.1771316879356622,0
PAM-02022,jean_dev,Developer,app-dev-01,Tunisia,36.8065,10.1815,SSH,2026-03-25 10:49:27,17.4,10,0,6,,0,0,none,0.4999999999999999,-0.8660254037844387,0.2531914893617021,0.0085106382978723,0.1983676703283545,0
PAM-01812,marc_netadmin,Network Admin,fw-edge-01,Tunisia,36.8065,10.1815,HTTPS,2026-03-25 12:01:30,18.0,12,0,2,,0,0,none,1.2246467991473532e-16,-1.0,0.5405405405405406,0.0103950103950103,0.17073565110859235,0
PAM-01015,jean_dev,Developer,app-dev-01,Tunisia,36.8065,10.1815,SSH,2026-03-25 12:13:12,34.5,12,0,8,,0,0,none,1.2246467991473532e-16,-1.0,0.2531914893617021,0.0085106382978723,0.163681720027269,0
PAM-00788,sara_dba,DBA,prod-db-01,Tunisia,36.8065,10.1815,SSH,2026-03-25 12:45:56,13.3,12,0,2,,0,0,none,1.2246467991473532e-16,-1.0,0.339622641509434,0.0188679245283018,0.1660936520231483,0
PAM-00998,sara_dba,DBA,prod-db-01,Tunisia,36.8065,10.1815,SSH,2026-03-25 13:27:56,4.6,13,0,1,,0,0,none,-0.2588190451025208,-0.9659258262890684,0.339622641509434,0.0188679245283018,0.14470226286636084,0
PAM-01469,sara_dba,DBA,prod-db-01,Tunisia,36.8065,10.1815,SSH,2026-03-25 13:28:25,43.3,13,0,11,,0,0,none,-0.2588190451025208,-0.9659258262890684,0.339622641509434,0.0188679245283018,0.12565960846812907,0
PAM-00723,marc_netadmin,Network Admin,switch-core-01,Tunisia,36.8065,10.1815,HTTPS,2026-03-25 13:33:55,36.1,13,0,8,,0,0,none,-0.2588190451025208,-0.9659258262890684,0.7733887733887734,0.0103950103950103,0.13051793304269976,0
PAM-01556,sara_dba,DBA,prod-db-01,Tunisia,36.8065,10.1815,SSH,2026-03-25 14:20:24,19.2,14,0,3,,0,0,none,-0.4999999999999997,-0.8660254037844388,0.339622641509434,0.0188679245283018,0.16842891814113864,0
PAM-01113,sara_dba,DBA,backup-db,Tunisia,36.8065,10.1815,SSH,2026-03-25 15:27:10,21.7,15,0,9,,0,0,none,-0.7071067811865471,-0.7071067811865479,0.740041928721174,0.0188679245283018,0.114303765418588,0
PAM-02058,sara_dba,DBA,prod-db-01,Tunisia,36.8065,10.1815,SSH,2026-03-25 17:50:09,21.3,17,0,4,,0,0,none,-0.9659258262890684,-0.2588190451025206,0.339622641509434,0.0188679245283018,0.11501778288245446,0
PAM-00001,crypto_bot,Service Account,backup-db,Tunisia,36.8065,10.1815,SSH,2026-03-26 01:29:00,30.4,1,0,12,,0,0,none,0.2588190451025207,0.9659258262890684,0.0106870229007633,0.0030534351145038,0.08601058303985926,0
PAM-01837,crypto_bot,Service Account,backup-db,Tunisia,36.8065,10.1815,SSH,2026-03-26 02:03:24,13.0,2,0,2,,0,0,none,0.4999999999999999,0.8660254037844387,0.0106870229007633,0.0030534351145038,0.1921940109550575,0
PAM-01001,crypto_bot,Service Account,backup-db,Tunisia,36.8065,10.1815,SSH,2026-03-26 03:00:16,24.6,3,0,9,,0,0,none,0.7071067811865476,0.7071067811865476,0.0106870229007633,0.0030534351145038,0.12410410453720572,0
PAM-00159,marc_netadmin,Network Admin,switch-core-01,Tunisia,36.8065,10.1815,HTTPS,2026-03-26 10:07:36,25.7,10,0,6,,0,0,none,0.4999999999999999,-0.8660254037844387,0.7733887733887734,0.0103950103950103,0.18511862135811602,0
PAM-01328,jean_dev,Developer,app-dev-01,Tunisia,36.8065,10.1815,SSH,2026-03-26 10:21:18,39.7,10,0,10,,0,0,none,0.4999999999999999,-0.8660254037844387,0.2531914893617021,0.0085106382978723,0.16843187828911432,0
PAM-01260,jean_dev,Developer,app-dev-01,Tunisia,36.8065,10.1815,SSH,2026-03-26 11:09:03,35.4,11,0,15,,0,0,none,0.258819045102521,-0.9659258262890682,0.2531914893617021,0.0085106382978723,0.1454958714072761,0
PAM-01646,sara_dba,DBA,backup-db,Tunisia,36.8065,10.1815,SSH,2026-03-26 12:15:50,26.5,12,0,8,,0,0,none,1.2246467991473532e-16,-1.0,0.740041928721174,0.0188679245283018,0.14546627274319085,0
PAM-01270,sara_dba,DBA,prod-db-01,Tunisia,36.8065,10.1815,SSH,2026-03-26 12:57:30,10.1,12,0,2,,0,0,none,1.2246467991473532e-16,-1.0,0.339622641509434,0.0188679245283018,0.16237158499880322,0
PAM-01713,crypto_bot,Service Account,backup-db,Tunisia,36.8065,10.1815,SSH,2026-03-27 02:29:30,39.4,2,0,14,,0,0,none,0.4999999999999999,0.8660254037844387,0.0106870229007633,0.0030534351145038,0.15482113329115782,0
PAM-00545,crypto_bot,Service Account,backup-db,Tunisia,36.8065,10.1815,SSH,2026-03-27 02:43:58,42.0,2,0,11,,0,0,none,0.4999999999999999,0.8660254037844387,0.0106870229007633,0.0030534351145038,0.16043222768652415,0
PAM-01477,crypto_bot,Service Account,backup-db,Tunisia,36.8065,10.1815,SSH,2026-03-27 02:57:27,21.1,2,0,9,,0,0,none,0.4999999999999999,0.8660254037844387,0.0106870229007633,0.0030534351145038,0.17864782794992168,0
PAM-01794,marc_netadmin,Network Admin,fw-edge-02,Tunisia,36.8065,10.1815,HTTPS,2026-03-27 08:33:58,15.6,8,0,2,,0,0,none,0.8660254037844387,-0.4999999999999998,0.7006237006237006,0.0103950103950103,0.18076262010813626,0
PAM-00686,jean_dev,Developer,app-dev-01,Tunisia,36.8065,10.1815,SSH,2026-03-27 10:06:40,19.8,10,0,6,,0,0,none,0.4999999999999999,-0.8660254037844387,0.2531914893617021,0.0085106382978723,0.19792291691959313,0
PAM-01234,sara_dba,DBA,prod-db-01,Tunisia,36.8065,10.1815,SSH,2026-03-27 11:33:56,21.6,11,0,9,,0,0,none,0.258819045102521,-0.9659258262890682,0.339622641509434,0.0188679245283018,0.1628613964026705,0
PAM-01401,sara_dba,DBA,prod-db-01,Tunisia,36.8065,10.1815,SSH,2026-03-27 12:47:05,49.9,12,0,6,rm -rf,1,1,sensitive_command,1.2246467991473532e-16,-1.0,0.339622641509434,0.0188679245283018,-0.03820376589829744,1
PAM-00032,marc_netadmin,Network Admin,fw-edge-01,Tunisia,36.8065,10.1815,HTTPS,2026-03-27 15:57:08,53.4,15,0,15,,0,0,none,-0.7071067811865471,-0.7071067811865479,0.5405405405405406,0.0103950103950103,0.07299041837002496,0
PAM-00062,sara_dba,DBA,backup-db,Tunisia,36.8065,10.1815,SSH,2026-03-27 16:32:36,19.6,16,0,4,,0,0,none,-0.8660254037844385,-0.5000000000000004,0.740041928721174,0.0188679245283018,0.11815676648203416,0
PAM-02008,sara_dba,DBA,prod-db-01,Tunisia,36.8065,10.1815,SSH,2026-03-27 17:52:43,21.2,17,0,4,,0,0,none,-0.9659258262890684,-0.2588190451025206,0.339622641509434,0.0188679245283018,0.11501778288245446,0
PAM-01760,sara_dba,DBA,prod-db-01,Tunisia,36.8065,10.1815,SSH,2026-03-27 19:27:01,41.1,19,0,16,,0,0,none,-0.9659258262890684,0.2588190451025203,0.339622641509434,0.0188679245283018,0.024265366261079224,0
PAM-00444,sara_dba,DBA,prod-db-01,Tunisia,36.8065,10.1815,SSH,2026-03-27 19:28:20,46.5,19,0,12,,0,0,none,-0.9659258262890684,0.2588190451025203,0.339622641509434,0.0188679245283018,0.030267005369630784,0
PAM-01352,marc_netadmin,Network Admin,fw-edge-01,Tunisia,36.8065,10.1815,HTTPS,2026-03-28 12:50:29,16.0,12,1,1,,0,0,none,1.2246467991473532e-16,-1.0,0.5405405405405406,0.0103950103950103,0.005203179645098088,0
PAM-01381,crypto_bot,Service Account,backup-db,Tunisia,36.8065,10.1815,SSH,2026-03-29 02:43:35,18.0,2,1,7,,0,0,none,0.4999999999999999,0.8660254037844387,0.0106870229007633,0.0030534351145038,0.12772042331534633,0
PAM-00081,crypto_bot,Service Account,backup-db,Tunisia,36.8065,10.1815,SSH,2026-03-29 02:44:14,14.1,2,1,9,,0,0,none,0.4999999999999999,0.8660254037844387,0.0106870229007633,0.0030534351145038,0.1067278986163897,0
PAM-01746,marc_netadmin,Network Admin,git-prod,Tunisia,36.8065,10.1815,HTTPS,2026-03-29 07:21:11,37.8,7,1,17,,0,1,unusual_asset,0.9659258262890684,-0.2588190451025206,0.997920997920998,0.0103950103950103,-0.06000398510070426,1
PAM-00798,crypto_bot,Service Account,backup-db,Tunisia,36.8065,10.1815,SSH,2026-03-30 02:42:34,48.3,2,0,14,,0,0,none,0.4999999999999999,0.8660254037844387,0.0106870229007633,0.0030534351145038,0.14235186860972837,0
PAM-01567,crypto_bot,Service Account,backup-db,Tunisia,36.8065,10.1815,SSH,2026-03-30 02:58:02,29.6,2,0,7,,0,0,none,0.4999999999999999,0.8660254037844387,0.0106870229007633,0.0030534351145038,0.19160709019112726,0
PAM-00919,crypto_bot,Service Account,backup-db,Tunisia,36.8065,10.1815,SSH,2026-03-30 03:26:20,10.1,3,0,2,,0,0,none,0.7071067811865476,0.7071067811865476,0.0106870229007633,0.0030534351145038,0.13292841616860163,0
PAM-00181,marc_netadmin,Network Admin,switch-core-01,Tunisia,36.8065,10.1815,HTTPS,2026-03-30 09:01:58,104.9,9,0,24,,0,0,none,0.7071067811865476,-0.7071067811865475,0.7733887733887734,0.0103950103950103,0.008306316530372504,0
PAM-00065,jean_dev,Developer,app-dev-01,Tunisia,36.8065,10.1815,SSH,2026-03-30 09:45:40,8.0,9,0,3,,0,0,none,0.7071067811865476,-0.7071067811865475,0.2531914893617021,0.0085106382978723,0.1770580615038932,0
PAM-00696,jean_dev,Developer,app-dev-01,Tunisia,36.8065,10.1815,SSH,2026-03-30 09:45:55,40.5,9,0,7,,0,0,none,0.7071067811865476,-0.7071067811865475,0.2531914893617021,0.0085106382978723,0.16836354812063797,0
PAM-02017,marc_netadmin,Network Admin,fw-edge-02,Tunisia,36.8065,10.1815,HTTPS,2026-03-30 10:14:33,32.5,10,0,4,,0,0,none,0.4999999999999999,-0.8660254037844387,0.7006237006237006,0.0103950103950103,0.18027370968576817,0
PAM-00209,jean_dev,Developer,app-dev-01,Tunisia,36.8065,10.1815,SSH,2026-03-30 11:14:37,8.6,11,0,5,,0,0,none,0.258819045102521,-0.9659258262890682,0.2531914893617021,0.0085106382978723,0.18658487302520116,0
PAM-00856,marc_netadmin,Network Admin,fw-edge-01,Tunisia,36.8065,10.1815,HTTPS,2026-03-30 11:17:48,15.8,11,0,4,,0,0,none,0.258819045102521,-0.9659258262890682,0.5405405405405406,0.0103950103950103,0.1887564474750506,0
PAM-02074,jean_dev,Developer,app-dev-01,Tunisia,36.8065,10.1815,SSH,2026-03-30 11:38:44,7.6,11,0,2,,0,0,none,0.258819045102521,-0.9659258262890682,0.2531914893617021,0.0085106382978723,0.18223182493801288,0
PAM-00391,marc_netadmin,Network Admin,fw-edge-02,Tunisia,36.8065,10.1815,HTTPS,2026-03-30 12:43:20,36.3,12,0,7,,0,0,none,1.2246467991473532e-16,-1.0,0.7006237006237006,0.0103950103950103,0.15531375558258587,0
PAM-01165,sara_dba,DBA,backup-db,Tunisia,36.8065,10.1815,SSH,2026-03-30 13:07:18,25.8,13,0,8,,0,0,none,-0.2588190451025208,-0.9659258262890684,0.740041928721174,0.0188679245283018,0.14132858129361536,0
PAM-01246,sara_dba,DBA,prod-db-01,Tunisia,36.8065,10.1815,SSH,2026-03-30 13:40:33,16.2,13,0,2,,0,0,none,-0.2588190451025208,-0.9659258262890684,0.339622641509434,0.0188679245283018,0.167055413440944,0
PAM-01586,crypto_bot,Service Account,backup-db,Tunisia,36.8065,10.1815,SSH,2026-03-31 02:14:29,8.4,2,0,1,,0,0,none,0.4999999999999999,0.8660254037844387,0.0106870229007633,0.0030534351145038,0.17538434562451105,0
PAM-01695,crypto_bot,Service Account,backup-db,Tunisia,36.8065,10.1815,SSH,2026-03-31 02:15:18,33.9,2,0,12,,0,0,none,0.4999999999999999,0.8660254037844387,0.0106870229007633,0.0030534351145038,0.1636633288747843,0
PAM-01941,crypto_bot,Service Account,backup-db,Tunisia,36.8065,10.1815,SSH,2026-03-31 02:26:58,13.4,2,0,2,,0,0,none,0.4999999999999999,0.8660254037844387,0.0106870229007633,0.0030534351145038,0.19310845969074064,0
PAM-00427,crypto_bot,Service Account,backup-db,Tunisia,36.8065,10.1815,SSH,2026-03-31 02:30:29,31.0,2,0,3,,0,0,none,0.4999999999999999,0.8660254037844387,0.0106870229007633,0.0030534351145038,0.18363800388680357,0
PAM-01126,crypto_bot,Service Account,backup-db,Tunisia,36.8065,10.1815,SSH,2026-03-31 02:36:33,26.5,2,0,3,,0,0,none,0.4999999999999999,0.8660254037844387,0.0106870229007633,0.0030534351145038,0.19185503906257972,0
PAM-01056,crypto_bot,Service Account,backup-db,Tunisia,36.8065,10.1815,SSH,2026-03-31 03:42:57,15.6,3,0,7,,0,0,none,0.7071067811865476,0.7071067811865476,0.0106870229007633,0.0030534351145038,0.1364646698918639,0
PAM-01988,marc_netadmin,Network Admin,switch-core-01,Tunisia,36.8065,10.1815,HTTPS,2026-03-31 06:51:23,18.1,6,0,2,,0,0,none,1.0,6.123233995736766e-17,0.7733887733887734,0.0103950103950103,0.12678626071219706,0
PAM-01428,jean_dev,Developer,app-dev-01,Tunisia,36.8065,10.1815,SSH,2026-03-31 12:29:28,20.2,12,0,7,,0,0,none,1.2246467991473532e-16,-1.0,0.2531914893617021,0.0085106382978723,0.173832650109977,0
PAM-01703,sara_dba,DBA,prod-db-01,Tunisia,36.8065,10.1815,SSH,2026-03-31 12:39:23,19.9,12,0,10,,0,0,none,1.2246467991473532e-16,-1.0,0.339622641509434,0.0188679245283018,0.1422440364153253,0
PAM-01181,sara_dba,DBA,prod-db-01,Tunisia,36.8065,10.1815,SSH,2026-03-31 13:33:01,17.9,13,0,5,,0,0,none,-0.2588190451025208,-0.9659258262890684,0.339622641509434,0.0188679245283018,0.17170337829414445,0
PAM-00756,jean_dev,Developer,app-dev-01,Tunisia,36.8065,10.1815,SSH,2026-03-31 13:58:38,12.4,13,0,1,,0,0,none,-0.2588190451025208,-0.9659258262890684,0.2531914893617021,0.0085106382978723,0.14579153552792873,0
PAM-00732,sara_dba,DBA,backup-db,Tunisia,36.8065,10.1815,SSH,2026-03-31 15:37:03,11.6,15,0,3,,0,0,none,-0.7071067811865471,-0.7071067811865479,0.740041928721174,0.0188679245283018,0.1312827139717861,0
PAM-01276,sara_dba,DBA,prod-db-01,Tunisia,36.8065,10.1815,SSH,2026-03-31 16:33:20,30.7,16,0,11,,0,0,none,-0.8660254037844385,-0.5000000000000004,0.339622641509434,0.0188679245283018,0.10071953842187159,0
PAM-01673,crypto_bot,Service Account,backup-db,Tunisia,36.8065,10.1815,SSH,2026-04-01 02:28:53,9.2,2,0,1,,0,0,none,0.4999999999999999,0.8660254037844387,0.0106870229007633,0.0030534351145038,0.1775950130534122,0
PAM-01208,crypto_bot,Service Account,backup-db,Tunisia,36.8065,10.1815,SSH,2026-04-01 02:37:13,76.3,2,0,14,,0,0,none,0.4999999999999999,0.8660254037844387,0.0106870229007633,0.0030534351145038,0.08540987942749162,0
PAM-01084,crypto_bot,Service Account,backup-db,Tunisia,36.8065,10.1815,SSH,2026-04-01 03:11:55,42.1,3,0,12,,0,0,none,0.7071067811865476,0.7071067811865476,0.0106870229007633,0.0030534351145038,0.09650353774525616,0
PAM-01751,jean_dev,Developer,app-staging,Tunisia,36.8065,10.1815,SSH,2026-04-01 06:16:10,28.8,6,0,6,,0,0,none,1.0,6.123233995736766e-17,0.9659574468085106,0.0085106382978723,0.07331156594076327,0
PAM-01144,marc_netadmin,Network Admin,fw-edge-01,Tunisia,36.8065,10.1815,HTTPS,2026-04-01 09:01:34,19.0,9,0,1,,0,0,none,0.7071067811865476,-0.7071067811865475,0.5405405405405406,0.0103950103950103,0.1763892467146036,0
PAM-01916,marc_netadmin,Network Admin,fw-edge-01,Tunisia,36.8065,10.1815,HTTPS,2026-04-01 09:40:08,81.1,9,0,24,,0,0,none,0.7071067811865476,-0.7071067811865475,0.5405405405405406,0.0103950103950103,0.044071614308711204,0
PAM-01506,marc_netadmin,Network Admin,fw-edge-01,Tunisia,36.8065,10.1815,HTTPS,2026-04-01 10:06:28,15.5,10,0,7,,0,0,none,0.4999999999999999,-0.8660254037844387,0.5405405405405406,0.0103950103950103,0.19163713901784962,0
PAM-00667,jean_dev,Developer,app-dev-01,Tunisia,36.8065,10.1815,SSH,2026-04-01 10:38:54,24.1,10,0,7,,0,0,none,0.4999999999999999,-0.8660254037844387,0.2531914893617021,0.0085106382978723,0.19242349789248192,0
PAM-00530,sara_dba,DBA,prod-db-01,Tunisia,36.8065,10.1815,SSH,2026-04-01 11:07:59,23.0,11,0,6,,0,0,none,0.258819045102521,-0.9659258262890682,0.339622641509434,0.0188679245283018,0.1766971824131222,0
PAM-01403,sara_dba,DBA,prod-db-01,Tunisia,36.8065,10.1815,SSH,2026-04-01 11:50:26,15.5,11,0,3,,0,0,none,0.258819045102521,-0.9659258262890682,0.339622641509434,0.0188679245283018,0.17501349918806397,0
PAM-01329,jean_dev,Developer,app-dev-01,Tunisia,36.8065,10.1815,SSH,2026-04-01 12:11:59,34.5,12,0,14,,0,0,none,1.2246467991473532e-16,-1.0,0.2531914893617021,0.0085106382978723,0.12932268416637666,0
PAM-01205,jean_dev,Developer,app-dev-01,Tunisia,36.8065,10.1815,SSH,2026-04-01 12:49:58,18.9,12,0,4,,0,0,none,1.2246467991473532e-16,-1.0,0.2531914893617021,0.0085106382978723,0.1813659928775369,0
PAM-01935,marc_netadmin,Network Admin,fw-edge-01,Tunisia,36.8065,10.1815,HTTPS,2026-04-01 13:17:16,54.4,13,0,16,,0,0,none,-0.2588190451025208,-0.9659258262890684,0.5405405405405406,0.0103950103950103,0.07844480685880051,0
PAM-01831,sara_dba,DBA,backup-db,Tunisia,36.8065,10.1815,SSH,2026-04-01 19:29:11,18.2,19,0,6,,0,0,none,-0.9659258262890684,0.2588190451025203,0.740041928721174,0.0188679245283018,0.05517865585017934,0
PAM-00492,crypto_bot,Service Account,backup-db,Tunisia,36.8065,10.1815,SSH,2026-04-02 02:13:07,5.3,2,0,1,,0,0,none,0.4999999999999999,0.8660254037844387,0.0106870229007633,0.0030534351145038,0.15888563061554956,0
PAM-00616,crypto_bot,Service Account,backup-db,Tunisia,36.8065,10.1815,SSH,2026-04-02 02:17:34,56.3,2,0,14,,0,0,none,0.4999999999999999,0.8660254037844387,0.0106870229007633,0.0030534351145038,0.11854837964869391,0
PAM-01633,crypto_bot,Service Account,backup-db,Tunisia,36.8065,10.1815,SSH,2026-04-02 02:34:52,17.5,2,0,2,,0,0,none,0.4999999999999999,0.8660254037844387,0.0106870229007633,0.0030534351145038,0.19319489578633092,0
PAM-00542,crypto_bot,Service Account,backup-db,Tunisia,36.8065,10.1815,SSH,2026-04-02 02:47:55,11.1,2,0,5,,0,0,none,0.4999999999999999,0.8660254037844387,0.0106870229007633,0.0030534351145038,0.1918350543599467,0
PAM-01528,crypto_bot,Service Account,backup-db,Tunisia,36.8065,10.1815,SSH,2026-04-02 02:53:00,9.3,2,0,1,,0,0,none,0.4999999999999999,0.8660254037844387,0.0106870229007633,0.0030534351145038,0.17826891097286623,0
PAM-01659,crypto_bot,Service Account,backup-db,Tunisia,36.8065,10.1815,SSH,2026-04-02 02:54:09,39.6,2,0,15,,0,0,none,0.4999999999999999,0.8660254037844387,0.0106870229007633,0.0030534351145038,0.1504735113021043,0
PAM-00722,jean_dev,Developer,app-dev-01,Tunisia,36.8065,10.1815,SSH,2026-04-02 07:46:54,23.9,7,0,4,,0,0,none,0.9659258262890684,-0.2588190451025206,0.2531914893617021,0.0085106382978723,0.14211058283739775,0
PAM-00951,marc_netadmin,Network Admin,fw-edge-01,Tunisia,36.8065,10.1815,HTTPS,2026-04-02 08:18:53,60.4,8,0,18,,0,0,none,0.8660254037844387,-0.4999999999999998,0.5405405405405406,0.0103950103950103,0.08510829498938982,0
PAM-01726,marc_netadmin,Network Admin,fw-edge-02,Tunisia,36.8065,10.1815,HTTPS,2026-04-02 09:01:29,21.7,9,0,2,,0,0,none,0.7071067811865476,-0.7071067811865475,0.7006237006237006,0.0103950103950103,0.18528109669862625,0
PAM-00244,jean_dev,Developer,git-prod,Tunisia,36.8065,10.1815,SSH,2026-04-02 09:14:46,15.0,9,0,5,,0,0,none,0.7071067811865476,-0.7071067811865475,0.7851063829787234,0.0085106382978723,0.1788117116517377,0
PAM-00716,jean_dev,Developer,app-dev-01,Tunisia,36.8065,10.1815,SSH,2026-04-02 09:36:39,14.1,9,0,8,,0,0,none,0.7071067811865476,-0.7071067811865475,0.2531914893617021,0.0085106382978723,0.18137584719603528,0
PAM-01286,marc_netadmin,Network Admin,fw-edge-01,Tunisia,36.8065,10.1815,HTTPS,2026-04-02 09:52:33,24.5,9,0,6,,0,0,none,0.7071067811865476,-0.7071067811865475,0.5405405405405406,0.0103950103950103,0.19057361336393885,0
PAM-00183,jean_dev,Developer,app-dev-01,Tunisia,36.8065,10.1815,SSH,2026-04-02 10:17:00,44.9,10,0,14,DELETE FROM users,1,0,none,0.4999999999999999,-0.8660254037844387,0.2531914893617021,0.0085106382978723,-0.007447379161771073,1
PAM-01374,jean_dev,Developer,app-dev-01,Tunisia,36.8065,10.1815,SSH,2026-04-02 10:43:26,17.6,10,0,5,,0,0,none,0.4999999999999999,-0.8660254037844387,0.2531914893617021,0.0085106382978723,0.19829714725486064,0
PAM-00535,marc_netadmin,Network Admin,fw-edge-01,Tunisia,36.8065,10.1815,HTTPS,2026-04-02 11:09:46,12.4,11,0,3,,0,0,none,0.258819045102521,-0.9659258262890682,0.5405405405405406,0.0103950103950103,0.18542782867468338,0
PAM-00345,jean_dev,Developer,app-dev-01,Tunisia,36.8065,10.1815,SSH,2026-04-02 11:58:41,48.7,11,0,12,,0,0,none,0.258819045102521,-0.9659258262890682,0.2531914893617021,0.0085106382978723,0.14926849201286746,0
PAM-00771,jean_dev,Developer,app-dev-01,Tunisia,36.8065,10.1815,SSH,2026-04-02 12:24:44,8.6,12,0,4,,0,0,none,1.2246467991473532e-16,-1.0,0.2531914893617021,0.0085106382978723,0.17397456580950033,0
PAM-01342,sara_dba,DBA,prod-db-01,Tunisia,36.8065,10.1815,SSH,2026-04-02 13:57:34,50.1,13,0,11,,0,0,none,-0.2588190451025208,-0.9659258262890684,0.339622641509434,0.0188679245283018,0.11882521116804601,0
PAM-01895,sara_dba,DBA,backup-db,Tunisia,36.8065,10.1815,SSH,2026-04-02 14:08:29,18.6,14,0,6,,0,0,none,-0.4999999999999997,-0.8660254037844388,0.740041928721174,0.0188679245283018,0.15472325375591184,0
PAM-00965,sara_dba,DBA,prod-db-02,Tunisia,36.8065,10.1815,SSH,2026-04-02 16:19:38,15.4,16,0,2,,0,0,none,-0.8660254037844385,-0.5000000000000004,0.9224318658280922,0.0188679245283018,0.07204539444656777,0
PAM-00405,sara_dba,DBA,backup-db,Tunisia,36.8065,10.1815,SSH,2026-04-02 17:27:04,16.6,17,0,8,,0,0,none,-0.9659258262890684,-0.2588190451025206,0.740041928721174,0.0188679245283018,0.07798305505171199,0
PAM-01814,crypto_bot,Service Account,backup-db,Tunisia,36.8065,10.1815,SSH,2026-04-03 02:01:40,19.0,2,0,6,,0,0,none,0.4999999999999999,0.8660254037844387,0.0106870229007633,0.0030534351145038,0.1982006877573006,0
PAM-00019,crypto_bot,Service Account,backup-db,Tunisia,36.8065,10.1815,SSH,2026-04-03 02:03:12,19.0,2,0,5,,0,0,none,0.4999999999999999,0.8660254037844387,0.0106870229007633,0.0030534351145038,0.20039956769167627,0
PAM-00949,crypto_bot,Service Account,backup-db,Tunisia,36.8065,10.1815,SSH,2026-04-03 02:26:29,8.4,2,0,3,,0,0,none,0.4999999999999999,0.8660254037844387,0.0106870229007633,0.0030534351145038,0.18593985069765617,0
PAM-01491,crypto_bot,Service Account,backup-db,Tunisia,36.8065,10.1815,SSH,2026-04-03 02:50:30,40.7,2,0,14,,0,0,none,0.4999999999999999,0.8660254037844387,0.0106870229007633,0.0030534351145038,0.15378146732856207,0
PAM-00439,jean_dev,Developer,app-dev-01,Tunisia,36.8065,10.1815,SSH,2026-04-03 08:28:46,22.2,8,0,4,,0,0,none,0.8660254037844387,-0.4999999999999998,0.2531914893617021,0.0085106382978723,0.17423307147321326,0
PAM-00411,marc_netadmin,Network Admin,fw-edge-01,Tunisia,36.8065,10.1815,HTTPS,2026-04-03 09:15:19,19.2,9,0,2,,0,0,none,0.7071067811865476,-0.7071067811865475,0.5405405405405406,0.0103950103950103,0.1889566619422462,0
PAM-00493,jean_dev,Developer,app-dev-01,Tunisia,36.8065,10.1815,SSH,2026-04-03 10:03:23,14.2,10,0,5,,0,0,none,0.4999999999999999,-0.8660254037844387,0.2531914893617021,0.0085106382978723,0.19707598592635345,0
PAM-01285,jean_dev,Developer,git-prod,Tunisia,36.8065,10.1815,SSH,2026-04-03 11:38:25,23.5,11,0,3,,0,0,none,0.258819045102521,-0.9659258262890682,0.7851063829787234,0.0085106382978723,0.17608497863867778,0
PAM-01588,jean_dev,Developer,app-dev-01,Tunisia,36.8065,10.1815,SSH,2026-04-03 11:46:36,63.2,11,0,14,,0,0,none,0.258819045102521,-0.9659258262890682,0.2531914893617021,0.0085106382978723,0.09904877790310551,0
PAM-00911,marc_netadmin,Network Admin,fw-edge-01,Tunisia,36.8065,10.1815,HTTPS,2026-04-03 12:08:30,35.9,12,0,12,,0,0,none,1.2246467991473532e-16,-1.0,0.5405405405405406,0.0103950103950103,0.1363897221566252,0
PAM-01178,jean_dev,Developer,app-dev-01,Tunisia,36.8065,10.1815,SSH,2026-04-03 12:35:47,34.3,12,0,7,,0,0,none,1.2246467991473532e-16,-1.0,0.2531914893617021,0.0085106382978723,0.16467745323698674,0
PAM-00848,sara_dba,DBA,prod-db-01,Tunisia,36.8065,10.1815,SSH,2026-04-03 15:47:16,25.9,15,0,13,,0,0,none,-0.7071067811865471,-0.7071067811865479,0.339622641509434,0.0188679245283018,0.10962456717072977,0
PAM-00435,sara_dba,DBA,prod-db-01,Tunisia,36.8065,10.1815,SSH,2026-04-03 15:52:08,13.6,15,0,2,,0,0,none,-0.7071067811865471,-0.7071067811865479,0.339622641509434,0.0188679245283018,0.14603253566760294,0
PAM-00999,sara_dba,DBA,prod-db-01,Tunisia,36.8065,10.1815,SSH,2026-04-03 16:35:28,92.8,16,0,20,,0,0,none,-0.8660254037844385,-0.5000000000000004,0.339622641509434,0.0188679245283018,-0.007339241823402731,1
PAM-01089,sara_dba,DBA,prod-db-01,Tunisia,36.8065,10.1815,SSH,2026-04-03 16:43:14,17.1,16,0,2,,0,0,none,-0.8660254037844385,-0.5000000000000004,0.339622641509434,0.0188679245283018,0.1288961540160372,0
PAM-00922,crypto_bot,Service Account,backup-db,Tunisia,36.8065,10.1815,SSH,2026-04-04 02:37:42,47.1,2,1,13,,0,0,none,0.4999999999999999,0.8660254037844387,0.0106870229007633,0.0030534351145038,0.06862872480969573,0
PAM-00251,crypto_bot,Service Account,backup-db,Tunisia,36.8065,10.1815,SSH,2026-04-04 02:52:52,8.9,2,1,1,,0,0,none,0.4999999999999999,0.8660254037844387,0.0106870229007633,0.0030534351145038,0.09113813831990758,0
PAM-00274,crypto_bot,Service Account,backup-db,Tunisia,36.8065,10.1815,SSH,2026-04-04 02:55:16,30.1,2,1,7,,0,0,none,0.4999999999999999,0.8660254037844387,0.0106870229007633,0.0030534351145038,0.12486056229809178,0
PAM-01326,jean_dev,Developer,app-dev-01,Tunisia,36.8065,10.1815,SSH,2026-04-04 09:17:02,60.3,9,1,18,,0,0,none,0.7071067811865476,-0.7071067811865475,0.2531914893617021,0.0085106382978723,-0.02560422943099694,1
PAM-00040,marc_netadmin,Network Admin,fw-edge-01,Brazil,-15.7939,-47.8828,HTTPS,2026-04-04 09:57:55,32.1,9,1,9,,0,1,unusual_country,0.7071067811865476,-0.7071067811865475,0.5405405405405406,0.9937629937629936,-0.0832694096221227,1
PAM-01678,crypto_bot,Service Account,backup-db,Tunisia,36.8065,10.1815,SSH,2026-04-05 02:03:25,26.2,2,1,8,,0,0,none,0.4999999999999999,0.8660254037844387,0.0106870229007633,0.0030534351145038,0.1268179937862393,0
PAM-01731,crypto_bot,Service Account,backup-db,Tunisia,36.8065,10.1815,SSH,2026-04-05 02:42:01,17.9,2,1,9,,0,0,none,0.4999999999999999,0.8660254037844387,0.0106870229007633,0.0030534351145038,0.11212351192345643,0
PAM-00592,crypto_bot,Service Account,backup-db,Tunisia,36.8065,10.1815,SSH,2026-04-05 02:49:30,41.7,2,1,9,,0,0,none,0.4999999999999999,0.8660254037844387,0.0106870229007633,0.0030534351145038,0.10293739958589615,0
PAM-00368,crypto_bot,Service Account,backup-db,Tunisia,36.8065,10.1815,SSH,2026-04-05 02:52:15,52.9,2,1,12,,0,0,none,0.4999999999999999,0.8660254037844387,0.0106870229007633,0.0030534351145038,0.06297705828007105,0
PAM-01256,crypto_bot,Service Account,backup-db,Tunisia,36.8065,10.1815,SSH,2026-04-06 02:03:19,10.3,2,0,3,,0,0,none,0.4999999999999999,0.8660254037844387,0.0106870229007633,0.0030534351145038,0.1917132312061976,0
PAM-01609,crypto_bot,Service Account,backup-db,Tunisia,36.8065,10.1815,SSH,2026-04-06 02:27:23,45.8,2,0,18,,0,0,none,0.4999999999999999,0.8660254037844387,0.0106870229007633,0.0030534351145038,0.11684521821276683,0
PAM-01480,crypto_bot,Service Account,backup-db,Tunisia,36.8065,10.1815,SSH,2026-04-06 02:53:36,3.4,2,0,1,,0,0,none,0.4999999999999999,0.8660254037844387,0.0106870229007633,0.0030534351145038,0.15484721426642867,0
PAM-00655,crypto_bot,Service Account,backup-db,Tunisia,36.8065,10.1815,SSH,2026-04-06 02:55:38,26.4,2,0,8,,0,0,none,0.4999999999999999,0.8660254037844387,0.0106870229007633,0.0030534351145038,0.18981251814771238,0
PAM-00789,crypto_bot,Service Account,backup-db,Tunisia,36.8065,10.1815,SSH,2026-04-06 02:56:46,19.5,2,0,4,,0,0,none,0.4999999999999999,0.8660254037844387,0.0106870229007633,0.0030534351145038,0.19991024886518627,0
PAM-00326,marc_netadmin,Network Admin,fw-edge-02,Tunisia,36.8065,10.1815,HTTPS,2026-04-06 07:24:11,14.2,7,0,7,,0,0,none,0.9659258262890684,-0.2588190451025206,0.7006237006237006,0.0103950103950103,0.1515768505258141,0
PAM-00863,marc_netadmin,Network Admin,fw-edge-02,Tunisia,36.8065,10.1815,HTTPS,2026-04-06 07:40:41,9.5,7,0,2,,0,0,none,0.9659258262890684,-0.2588190451025206,0.7006237006237006,0.0103950103950103,0.15013446207400888,0
PAM-00875,marc_netadmin,Network Admin,fw-edge-02,Tunisia,36.8065,10.1815,HTTPS,2026-04-06 08:37:19,18.0,8,0,1,,0,0,none,0.8660254037844387,-0.4999999999999998,0.7006237006237006,0.0103950103950103,0.1670499067624952,0
PAM-00343,jean_dev,Developer,app-dev-01,Tunisia,36.8065,10.1815,SSH,2026-04-06 10:51:08,13.6,10,0,2,,0,0,none,0.4999999999999999,-0.8660254037844387,0.2531914893617021,0.0085106382978723,0.19410655766857932,0
PAM-01488,marc_netadmin,Network Admin,switch-core-01,Tunisia,36.8065,10.1815,HTTPS,2026-04-06 11:44:46,28.1,11,0,10,,0,0,none,0.258819045102521,-0.9659258262890682,0.7733887733887734,0.0103950103950103,0.1569873504169727,0
PAM-01500,jean_dev,Developer,git-prod,Tunisia,36.8065,10.1815,SSH,2026-04-06 12:19:57,23.9,12,0,7,,0,0,none,1.2246467991473532e-16,-1.0,0.7851063829787234,0.0085106382978723,0.15634351668793345,0
PAM-00187,sara_dba,DBA,prod-db-01,Tunisia,36.8065,10.1815,SSH,2026-04-06 12:38:22,21.6,12,0,8,,0,0,none,1.2246467991473532e-16,-1.0,0.339622641509434,0.0188679245283018,0.1617588902522647,0
PAM-00787,jean_dev,Developer,app-dev-01,Tunisia,36.8065,10.1815,SSH,2026-04-06 12:45:53,22.5,12,0,6,,0,0,none,1.2246467991473532e-16,-1.0,0.2531914893617021,0.0085106382978723,0.17857498142131728,0
PAM-02066,marc_netadmin,Network Admin,fw-edge-02,Tunisia,36.8065,10.1815,HTTPS,2026-04-06 12:49:52,21.7,12,0,11,,0,0,none,1.2246467991473532e-16,-1.0,0.7006237006237006,0.0103950103950103,0.1362496914439298,0
PAM-00972,sara_dba,DBA,prod-db-01,Tunisia,36.8065,10.1815,SSH,2026-04-06 14:58:33,7.2,14,0,1,,0,0,none,-0.4999999999999997,-0.8660254037844388,0.339622641509434,0.0188679245283018,0.14584111538526073,0
PAM-01879,sara_dba,DBA,backup-db,Tunisia,36.8065,10.1815,SSH,2026-04-06 16:58:51,15.3,16,0,7,,0,0,none,-0.8660254037844385,-0.5000000000000004,0.740041928721174,0.0188679245283018,0.108543985451518,0
PAM-00344,sara_dba,DBA,prod-db-01,Tunisia,36.8065,10.1815,SSH,2026-04-06 17:51:56,15.4,17,0,2,,0,0,none,-0.9659258262890684,-0.2588190451025206,0.339622641509434,0.0188679245283018,0.1079660860194645,0
PAM-01155,sara_dba,DBA,prod-db-01,Tunisia,36.8065,10.1815,SSH,2026-04-06 19:41:53,41.5,19,0,9,,0,0,none,-0.9659258262890684,0.2588190451025203,0.339622641509434,0.0188679245283018,0.0412632857529317,0
PAM-00263,crypto_bot,Service Account,backup-db,Tunisia,36.8065,10.1815,SSH,2026-04-07 01:13:01,26.0,1,0,7,,0,0,none,0.2588190451025207,0.9659258262890684,0.0106870229007633,0.0030534351145038,0.1145192343149517,0
PAM-00845,crypto_bot,Service Account,backup-db,Tunisia,36.8065,10.1815,SSH,2026-04-07 01:16:46,25.8,1,0,7,,0,0,none,0.2588190451025207,0.9659258262890684,0.0106870229007633,0.0030534351145038,0.1145192343149517,0
PAM-01749,crypto_bot,Service Account,backup-db,Tunisia,36.8065,10.1815,SSH,2026-04-07 02:12:38,41.4,2,0,5,,0,0,none,0.4999999999999999,0.8660254037844387,0.0106870229007633,0.0030534351145038,0.1662755561394877,0
PAM-00982,crypto_bot,Service Account,backup-db,Tunisia,36.8065,10.1815,SSH,2026-04-07 02:19:40,30.1,2,0,10,,0,0,none,0.4999999999999999,0.8660254037844387,0.0106870229007633,0.0030534351145038,0.1754606322684127,0
PAM-01249,crypto_bot,Service Account,backup-db,Tunisia,36.8065,10.1815,SSH,2026-04-07 02:30:03,10.0,2,0,2,,0,0,none,0.4999999999999999,0.8660254037844387,0.0106870229007633,0.0030534351145038,0.19010679932403807,0
PAM-00937,crypto_bot,Service Account,backup-db,Tunisia,36.8065,10.1815,SSH,2026-04-07 02:37:44,21.5,2,0,4,,0,0,none,0.4999999999999999,0.8660254037844387,0.0106870229007633,0.0030534351145038,0.19884907483334535,0
PAM-00823,crypto_bot,Service Account,backup-db,Tunisia,36.8065,10.1815,SSH,2026-04-07 02:57:37,11.9,2,0,1,,0,0,none,0.4999999999999999,0.8660254037844387,0.0106870229007633,0.0030534351145038,0.18120395055130484,0
PAM-01028,crypto_bot,Service Account,backup-db,Tunisia,36.8065,10.1815,SSH,2026-04-07 03:31:09,16.7,3,0,5,,0,0,none,0.7071067811865476,0.7071067811865476,0.0106870229007633,0.0030534351145038,0.14337554484516413,0
PAM-00154,marc_netadmin,Network Admin,fw-edge-02,Tunisia,36.8065,10.1815,HTTPS,2026-04-07 08:54:22,65.4,8,0,15,,0,0,none,0.8660254037844387,-0.4999999999999998,0.7006237006237006,0.0103950103950103,0.08878007813199135,0
PAM-00989,jean_dev,Developer,app-dev-01,Tunisia,36.8065,10.1815,SSH,2026-04-07 08:57:24,11.8,8,0,9,,0,0,none,0.8660254037844387,-0.4999999999999998,0.2531914893617021,0.0085106382978723,0.15411055674071256,0
PAM-01348,jean_dev,Developer,app-dev-01,Tunisia,36.8065,10.1815,SSH,2026-04-07 09:37:33,21.6,9,0,6,,0,0,none,0.7071067811865476,-0.7071067811865475,0.2531914893617021,0.0085106382978723,0.19187073921533004,0
PAM-00962,marc_netadmin,Network Admin,fw-edge-01,Tunisia,36.8065,10.1815,HTTPS,2026-04-07 10:13:50,22.4,10,0,8,,0,0,none,0.4999999999999999,-0.8660254037844387,0.5405405405405406,0.0103950103950103,0.18592737924253278,0
PAM-00571,marc_netadmin,Network Admin,fw-edge-02,Tunisia,36.8065,10.1815,HTTPS,2026-04-07 10:15:02,27.1,10,0,3,,0,0,none,0.4999999999999999,-0.8660254037844387,0.7006237006237006,0.0103950103950103,0.18573729523051163,0
PAM-00991,jean_dev,Developer,app-dev-01,Tunisia,36.8065,10.1815,SSH,2026-04-07 10:19:10,24.8,10,0,4,,0,0,none,0.4999999999999999,-0.8660254037844387,0.2531914893617021,0.0085106382978723,0.19296038228445156,0
PAM-00984,marc_netadmin,Network Admin,switch-core-01,Tunisia,36.8065,10.1815,HTTPS,2026-04-07 11:16:44,11.2,11,0,1,,0,0,none,0.258819045102521,-0.9659258262890682,0.7733887733887734,0.0103950103950103,0.16550759825305994,0
PAM-01175,crypto_bot,Service Account,backup-db,Tunisia,36.8065,10.1815,SSH,2026-04-08 02:07:32,32.4,2,0,9,,0,0,none,0.4999999999999999,0.8660254037844387,0.0106870229007633,0.0030534351145038,0.17739710517964413,0
PAM-01014,crypto_bot,Service Account,backup-db,Tunisia,36.8065,10.1815,SSH,2026-04-08 02:54:35,16.8,2,0,6,,0,0,none,0.4999999999999999,0.8660254037844387,0.0106870229007633,0.0030534351145038,0.19576451320311394,0
PAM-01820,crypto_bot,Service Account,backup-db,Tunisia,36.8065,10.1815,SSH,2026-04-08 03:30:26,18.8,3,0,2,,0,0,none,0.7071067811865476,0.7071067811865476,0.0106870229007633,0.0030534351145038,0.13807361323630346,0
PAM-01587,marc_netadmin,Network Admin,fw-edge-02,Tunisia,36.8065,10.1815,HTTPS,2026-04-08 07:36:06,13.2,7,0,4,,0,0,none,0.9659258262890684,-0.2588190451025206,0.7006237006237006,0.0103950103950103,0.15598072578463484,0
PAM-01767,marc_netadmin,Network Admin,fw-edge-01,Tunisia,36.8065,10.1815,HTTPS,2026-04-08 08:22:58,44.8,8,0,7,,0,0,none,0.8660254037844387,-0.4999999999999998,0.5405405405405406,0.0103950103950103,0.15124002632141426,0
PAM-01906,jean_dev,Developer,app-dev-01,Tunisia,36.8065,10.1815,SSH,2026-04-08 09:11:53,33.2,9,0,5,,0,0,none,0.7071067811865476,-0.7071067811865475,0.2531914893617021,0.0085106382978723,0.18319866765114484,0
PAM-01365,marc_netadmin,Network Admin,fw-edge-02,Tunisia,36.8065,10.1815,HTTPS,2026-04-08 09:12:21,24.3,9,0,9,,0,0,none,0.7071067811865476,-0.7071067811865475,0.7006237006237006,0.0103950103950103,0.17303831924318575,0
PAM-02053,jean_dev,Developer,app-dev-01,Tunisia,36.8065,10.1815,SSH,2026-04-08 10:09:19,24.4,10,0,5,,0,0,none,0.4999999999999999,-0.8660254037844387,0.2531914893617021,0.0085106382978723,0.19394715766783138,0
PAM-00254,jean_dev,Developer,app-dev-01,Tunisia,36.8065,10.1815,SSH,2026-04-08 10:09:40,10.3,10,0,1,,0,0,none,0.4999999999999999,-0.8660254037844387,0.2531914893617021,0.0085106382978723,0.181320062257517,0
PAM-00359,marc_netadmin,Network Admin,fw-edge-01,Tunisia,36.8065,10.1815,HTTPS,2026-04-08 10:50:21,8.6,10,0,1,,0,0,none,0.4999999999999999,-0.8660254037844387,0.5405405405405406,0.0103950103950103,0.1733305570556017,0
PAM-01094,sara_dba,DBA,prod-db-01,Tunisia,36.8065,10.1815,SSH,2026-04-08 11:17:41,16.8,11,0,3,,0,0,none,0.258819045102521,-0.9659258262890682,0.339622641509434,0.0188679245283018,0.1753834647489495,0
PAM-00234,jean_dev,Developer,app-dev-01,Tunisia,36.8065,10.1815,SSH,2026-04-08 11:30:31,16.9,11,0,5,,0,0,none,0.258819045102521,-0.9659258262890682,0.2531914893617021,0.0085106382978723,0.1956846340509868,0
PAM-01980,sara_dba,DBA,backup-db,Tunisia,36.8065,10.1815,SSH,2026-04-08 13:43:45,11.8,13,0,3,,0,0,none,-0.2588190451025208,-0.9659258262890684,0.740041928721174,0.0188679245283018,0.1484145277529078,0
PAM-00156,sara_dba,DBA,prod-db-01,Tunisia,36.8065,10.1815,SSH,2026-04-08 19:42:48,68.4,19,0,22,,0,0,none,-0.9659258262890684,0.2588190451025203,0.339622641509434,0.0188679245283018,-0.02800613077467362,1
PAM-00341,crypto_bot,Service Account,backup-db,Tunisia,36.8065,10.1815,SSH,2026-04-09 02:12:21,22.3,2,0,8,,0,0,none,0.4999999999999999,0.8660254037844387,0.0106870229007633,0.0030534351145038,0.19042579046634295,0
PAM-01675,crypto_bot,Service Account,backup-db,Tunisia,36.8065,10.1815,SSH,2026-04-09 02:15:35,8.8,2,0,3,,0,0,none,0.4999999999999999,0.8660254037844387,0.0106870229007633,0.0030534351145038,0.18739084058091415,0
PAM-01769,crypto_bot,Service Account,backup-db,Tunisia,36.8065,10.1815,SSH,2026-04-09 02:29:28,10.8,2,0,1,,0,0,none,0.4999999999999999,0.8660254037844387,0.0106870229007633,0.0030534351145038,0.17988513528231426,0
PAM-01857,crypto_bot,Service Account,backup-db,Tunisia,36.8065,10.1815,SSH,2026-04-09 02:49:49,8.3,2,0,2,,0,0,none,0.4999999999999999,0.8660254037844387,0.0106870229007633,0.0030534351145038,0.18433187019161074,0
PAM-01637,marc_netadmin,Network Admin,fw-edge-01,Tunisia,36.8065,10.1815,HTTPS,2026-04-09 08:53:14,23.8,8,0,4,,0,0,none,0.8660254037844387,-0.4999999999999998,0.5405405405405406,0.0103950103950103,0.18127365363388614,0
PAM-01219,marc_netadmin,Network Admin,fw-edge-01,Tunisia,36.8065,10.1815,HTTPS,2026-04-09 09:30:48,13.5,9,0,5,,0,0,none,0.7071067811865476,-0.7071067811865475,0.5405405405405406,0.0103950103950103,0.19190137587595685,0
PAM-00042,marc_netadmin,Network Admin,fw-edge-01,Tunisia,36.8065,10.1815,HTTPS,2026-04-09 09:41:50,13.8,9,0,3,,0,0,none,0.7071067811865476,-0.7071067811865475,0.5405405405405406,0.0103950103950103,0.19222184690182154,0
PAM-02071,jean_dev,Developer,app-dev-01,Tunisia,36.8065,10.1815,SSH,2026-04-09 10:03:24,31.6,10,0,6,,0,0,none,0.4999999999999999,-0.8660254037844387,0.2531914893617021,0.0085106382978723,0.19032820163989678,0
PAM-01866,jean_dev,Developer,app-dev-01,Nigeria,9.0765,7.3986,SSH,2026-04-09 10:04:38,17.2,10,0,7,,0,1,unusual_country,0.4999999999999999,-0.8660254037844387,0.2531914893617021,0.997872340425532,0.0194553982985467,0
PAM-01875,jean_dev,Developer,git-prod,Tunisia,36.8065,10.1815,SSH,2026-04-09 12:13:08,33.1,12,0,4,,0,0,none,1.2246467991473532e-16,-1.0,0.7851063829787234,0.0085106382978723,0.15257602919645702,0
PAM-01092,jean_dev,Developer,git-prod,Tunisia,36.8065,10.1815,SSH,2026-04-09 12:18:29,28.3,12,0,9,,0,0,none,1.2246467991473532e-16,-1.0,0.7851063829787234,0.0085106382978723,0.14235011506870937,0
PAM-00734,sara_dba,DBA,backup-db,Tunisia,36.8065,10.1815,SSH,2026-04-09 18:57:13,39.3,18,0,12,,0,0,none,-1.0,-1.8369701987210294e-16,0.740041928721174,0.0188679245283018,0.03089981194799618,0
PAM-01140,crypto_bot,Service Account,prod-db-02,Tunisia,36.8065,10.1815,SSH,2026-04-10 02:15:58,27.5,2,0,8,,0,1,unusual_asset,0.4999999999999999,0.8660254037844387,0.9969465648854962,0.0030534351145038,0.06398721451507738,0
PAM-01334,jean_dev,Developer,app-dev-01,Tunisia,36.8065,10.1815,SSH,2026-04-10 07:07:12,16.0,7,0,5,,0,0,none,0.9659258262890684,-0.2588190451025206,0.2531914893617021,0.0085106382978723,0.1415486045526927,0
PAM-00527,jean_dev,Developer,git-prod,Tunisia,36.8065,10.1815,SSH,2026-04-10 08:17:33,8.7,8,0,2,,0,0,none,0.8660254037844387,-0.4999999999999998,0.7851063829787234,0.0085106382978723,0.16051314738354405,0
PAM-00631,jean_dev,Developer,app-dev-01,Tunisia,36.8065,10.1815,SSH,2026-04-10 09:43:58,5.3,9,0,1,,0,0,none,0.7071067811865476,-0.7071067811865475,0.2531914893617021,0.0085106382978723,0.15728520533921442,0
PAM-01363,jean_dev,Developer,app-dev-01,Tunisia,36.8065,10.1815,SSH,2026-04-10 09:54:30,26.4,9,0,4,,0,0,none,0.7071067811865476,-0.7071067811865475,0.2531914893617021,0.0085106382978723,0.18761431256910205,0
PAM-01110,marc_netadmin,Network Admin,switch-core-01,Tunisia,36.8065,10.1815,HTTPS,2026-04-10 09:57:18,9.5,9,0,2,,0,0,none,0.7071067811865476,-0.7071067811865475,0.7733887733887734,0.0103950103950103,0.17852743275857602,0
PAM-01657,marc_netadmin,Network Admin,fw-edge-01,Tunisia,36.8065,10.1815,HTTPS,2026-04-10 10:53:44,21.0,10,0,1,,0,0,none,0.4999999999999999,-0.8660254037844387,0.5405405405405406,0.0103950103950103,0.1791666860065605,0
PAM-00437,jean_dev,Developer,app-dev-01,Tunisia,36.8065,10.1815,SSH,2026-04-10 12:18:44,46.5,12,0,12,,0,0,none,1.2246467991473532e-16,-1.0,0.2531914893617021,0.0085106382978723,0.12653434766698896,0
PAM-01822,jean_dev,Developer,app-dev-01,Tunisia,36.8065,10.1815,SSH,2026-04-10 12:32:58,7.0,12,0,1,,0,0,none,1.2246467991473532e-16,-1.0,0.2531914893617021,0.0085106382978723,0.1539840441861065,0
PAM-00505,sara_dba,DBA,backup-db,Tunisia,36.8065,10.1815,SSH,2026-04-10 13:00:44,7.3,13,0,1,,0,0,none,-0.2588190451025208,-0.9659258262890684,0.740041928721174,0.0188679245283018,0.126131284372543,0
PAM-01206,sara_dba,DBA,prod-db-01,Tunisia,36.8065,10.1815,SSH,2026-04-10 18:26:12,41.7,18,0,11,,0,0,none,-1.0,-1.8369701987210294e-16,0.339622641509434,0.0188679245283018,0.05157643607176565,0
PAM-01063,crypto_bot,Service Account,backup-db,Tunisia,36.8065,10.1815,SSH,2026-04-11 02:11:50,13.5,2,1,1,,0,0,none,0.4999999999999999,0.8660254037844387,0.0106870229007633,0.0030534351145038,0.10666340597983931,0
PAM-00562,crypto_bot,Service Account,backup-db,Tunisia,36.8065,10.1815,SSH,2026-04-11 02:19:59,50.0,2,1,17,,0,0,none,0.4999999999999999,0.8660254037844387,0.0106870229007633,0.0030534351145038,0.03661173302524057,0
PAM-00478,crypto_bot,Service Account,backup-db,Tunisia,36.8065,10.1815,SSH,2026-04-11 02:29:45,15.6,2,1,1,,0,0,none,0.4999999999999999,0.8660254037844387,0.0106870229007633,0.0030534351145038,0.10712188307098774,0
PAM-01958,crypto_bot,Service Account,backup-db,Tunisia,36.8065,10.1815,SSH,2026-04-12 02:03:55,14.2,2,1,1,,0,0,none,0.4999999999999999,0.8660254037844387,0.0106870229007633,0.0030534351145038,0.10662652329660466,0
PAM-01898,crypto_bot,Service Account,backup-db,Tunisia,36.8065,10.1815,SSH,2026-04-12 02:13:04,17.9,2,1,4,,0,0,none,0.4999999999999999,0.8660254037844387,0.0106870229007633,0.0030534351145038,0.13555489290903278,0
PAM-01300,crypto_bot,Service Account,backup-db,Tunisia,36.8065,10.1815,SSH,2026-04-12 02:33:20,11.8,2,1,7,passwd root,1,1,sensitive_command,0.4999999999999999,0.8660254037844387,0.0106870229007633,0.0030534351145038,-0.01540699032641768,1
PAM-00348,crypto_bot,Service Account,backup-db,Tunisia,36.8065,10.1815,SSH,2026-04-12 02:47:43,22.1,2,1,4,,0,0,none,0.4999999999999999,0.8660254037844387,0.0106870229007633,0.0030534351145038,0.13671460944971348,0
PAM-00283,crypto_bot,Service Account,backup-db,Tunisia,36.8065,10.1815,SSH,2026-04-13 02:05:35,10.2,2,0,2,,0,0,none,0.4999999999999999,0.8660254037844387,0.0106870229007633,0.0030534351145038,0.19010679932403807,0
PAM-00816,crypto_bot,Service Account,backup-db,Tunisia,36.8065,10.1815,SSH,2026-04-13 02:24:37,6.2,2,0,2,,0,0,none,0.4999999999999999,0.8660254037844387,0.0106870229007633,0.0030534351145038,0.17536277547982632,0
PAM-01937,crypto_bot,Service Account,backup-db,Tunisia,36.8065,10.1815,SSH,2026-04-13 02:38:06,72.2,2,0,23,,0,0,none,0.4999999999999999,0.8660254037844387,0.0106870229007633,0.0030534351145038,0.03841691143736237,0
PAM-01414,crypto_bot,Service Account,backup-db,Tunisia,36.8065,10.1815,SSH,2026-04-13 02:51:47,41.2,2,0,7,,0,0,none,0.4999999999999999,0.8660254037844387,0.0106870229007633,0.0030534351145038,0.17019502076434478,0
PAM-01410,jean_dev,Developer,app-dev-01,Tunisia,36.8065,10.1815,SSH,2026-04-13 05:28:02,7.5,5,0,4,,0,1,unusual_hour,0.9659258262890684,0.2588190451025207,0.2531914893617021,0.0085106382978723,0.11254701845071413,0
PAM-00233,jean_dev,Developer,app-dev-01,Tunisia,36.8065,10.1815,SSH,2026-04-13 07:01:49,15.9,7,0,2,,0,0,none,0.9659258262890684,-0.2588190451025206,0.2531914893617021,0.0085106382978723,0.14335133542238193,0
PAM-01093,jean_dev,Developer,app-dev-01,Tunisia,36.8065,10.1815,SSH,2026-04-13 07:03:09,22.7,7,0,7,,0,0,none,0.9659258262890684,-0.2588190451025206,0.2531914893617021,0.0085106382978723,0.14223771081446446,0
PAM-00406,jean_dev,Developer,app-dev-01,Tunisia,36.8065,10.1815,SSH,2026-04-13 09:15:26,23.2,9,0,7,,0,0,none,0.7071067811865476,-0.7071067811865475,0.2531914893617021,0.0085106382978723,0.18899704112124238,0
PAM-01808,jean_dev,Developer,git-prod,Tunisia,36.8065,10.1815,SSH,2026-04-13 09:19:28,9.5,9,0,1,,0,0,none,0.7071067811865476,-0.7071067811865475,0.7851063829787234,0.0085106382978723,0.16008766187911538,0
PAM-00644,marc_netadmin,Network Admin,fw-edge-01,Tunisia,36.8065,10.1815,HTTPS,2026-04-13 09:21:33,21.9,9,0,6,,0,0,none,0.7071067811865476,-0.7071067811865475,0.5405405405405406,0.0103950103950103,0.19228546154863202,0
PAM-01377,marc_netadmin,Network Admin,switch-core-01,Tunisia,36.8065,10.1815,HTTPS,2026-04-13 09:33:28,10.0,9,0,2,,0,0,none,0.7071067811865476,-0.7071067811865475,0.7733887733887734,0.0103950103950103,0.1799014897107023,0
PAM-01579,jean_dev,Developer,app-dev-01,Tunisia,36.8065,10.1815,SSH,2026-04-13 10:40:06,19.0,10,0,5,,0,0,none,0.4999999999999999,-0.8660254037844387,0.2531914893617021,0.0085106382978723,0.19773173530539573,0
PAM-01380,sara_dba,DBA,prod-db-02,Tunisia,36.8065,10.1815,SSH,2026-04-13 11:11:27,6.1,11,0,5,,0,0,none,0.258819045102521,-0.9659258262890682,0.9224318658280922,0.0188679245283018,0.11088949071240412,0
PAM-01462,jean_dev,Developer,app-dev-01,Tunisia,36.8065,10.1815,SSH,2026-04-13 11:12:03,14.5,11,0,7,,0,0,none,0.258819045102521,-0.9659258262890682,0.2531914893617021,0.0085106382978723,0.1886293299257305,0
PAM-01955,sara_dba,DBA,prod-db-01,Tunisia,36.8065,10.1815,SSH,2026-04-13 13:40:24,17.1,13,0,2,,0,0,none,-0.2588190451025208,-0.9659258262890684,0.339622641509434,0.0188679245283018,0.16796769166338815,0
PAM-01133,sara_dba,DBA,prod-db-01,Tunisia,36.8065,10.1815,SSH,2026-04-13 15:15:00,11.2,15,0,1,,0,0,none,-0.7071067811865471,-0.7071067811865479,0.339622641509434,0.0188679245283018,0.1349825529868776,0
PAM-00195,jean_dev,Developer,app-dev-01,Tunisia,36.8065,10.1815,SSH,2026-04-14 01:14:24,15.6,1,0,2,,0,1,unusual_hour,0.2588190451025207,0.9659258262890684,0.2531914893617021,0.0085106382978723,0.10535559080936974,0
PAM-01189,crypto_bot,Service Account,backup-db,Tunisia,36.8065,10.1815,SSH,2026-04-14 01:46:38,4.7,1,0,1,,0,0,none,0.2588190451025207,0.9659258262890684,0.0106870229007633,0.0030534351145038,0.09002279241018901,0
PAM-00640,crypto_bot,Service Account,backup-db,Tunisia,36.8065,10.1815,SSH,2026-04-14 02:03:34,15.7,2,0,5,,0,0,none,0.4999999999999999,0.8660254037844387,0.0106870229007633,0.0030534351145038,0.19825881844153365,0
PAM-00828,crypto_bot,Service Account,backup-db,Tunisia,36.8065,10.1815,SSH,2026-04-14 02:05:00,40.0,2,0,11,chmod 777,1,1,sensitive_command,0.4999999999999999,0.8660254037844387,0.0106870229007633,0.0030534351145038,-0.0034146097128913144,1
PAM-00412,crypto_bot,Service Account,backup-db,Tunisia,36.8065,10.1815,SSH,2026-04-14 02:33:13,9.3,2,0,2,,0,0,none,0.4999999999999999,0.8660254037844387,0.0106870229007633,0.0030534351145038,0.18807317807865298,0
PAM-01993,crypto_bot,Service Account,backup-db,Tunisia,36.8065,10.1815,SSH,2026-04-14 02:44:12,14.0,2,0,3,,0,0,none,0.4999999999999999,0.8660254037844387,0.0106870229007633,0.0030534351145038,0.19807741809160367,0
PAM-01578,marc_netadmin,Network Admin,fw-edge-01,Tunisia,36.8065,10.1815,HTTPS,2026-04-14 06:42:07,43.8,6,0,9,,0,0,none,1.0,6.123233995736766e-17,0.5405405405405406,0.0103950103950103,0.10319722302574313,0
PAM-01449,marc_netadmin,Network Admin,fw-edge-01,Tunisia,36.8065,10.1815,HTTPS,2026-04-14 08:28:50,15.1,8,0,4,,0,0,none,0.8660254037844387,-0.4999999999999998,0.5405405405405406,0.0103950103950103,0.1862151994470742,0
PAM-00885,jean_dev,Developer,git-prod,Tunisia,36.8065,10.1815,SSH,2026-04-14 08:36:46,22.5,8,0,4,,0,0,none,0.8660254037844387,-0.4999999999999998,0.7851063829787234,0.0085106382978723,0.16999981468545633,0
PAM-02056,jean_dev,Developer,app-staging,Tunisia,36.8065,10.1815,SSH,2026-04-14 09:28:10,46.0,9,0,6,,0,0,none,0.7071067811865476,-0.7071067811865475,0.9659574468085106,0.0085106382978723,0.10398007771963474,0
PAM-00180,marc_netadmin,Network Admin,fw-edge-02,Tunisia,36.8065,10.1815,HTTPS,2026-04-14 10:29:30,16.5,10,0,4,,0,0,none,0.4999999999999999,-0.8660254037844387,0.7006237006237006,0.0103950103950103,0.192583423495787,0
PAM-01717,jean_dev,Developer,app-dev-01,Tunisia,36.8065,10.1815,SSH,2026-04-14 10:56:42,29.9,10,0,10,,0,0,none,0.4999999999999999,-0.8660254037844387,0.2531914893617021,0.0085106382978723,0.1786116207990685,0
PAM-00606,jean_dev,Developer,app-staging,Tunisia,36.8065,10.1815,SSH,2026-04-14 11:01:38,12.6,11,0,4,,0,0,none,0.258819045102521,-0.9659258262890682,0.9659574468085106,0.0085106382978723,0.12466528681658723,0
PAM-01743,crypto_bot,Service Account,backup-db,Tunisia,36.8065,10.1815,SSH,2026-04-15 02:09:14,24.6,2,0,8,,0,0,none,0.4999999999999999,0.8660254037844387,0.0106870229007633,0.0030534351145038,0.19043779397243138,0
PAM-01756,crypto_bot,Service Account,backup-db,Tunisia,36.8065,10.1815,SSH,2026-04-15 03:34:58,30.1,3,0,13,,0,0,none,0.7071067811865476,0.7071067811865476,0.0106870229007633,0.0030534351145038,0.10209481621473437,0
PAM-01922,marc_netadmin,Network Admin,fw-edge-01,Tunisia,36.8065,10.1815,HTTPS,2026-04-15 08:32:54,18.7,8,0,2,,0,0,none,0.8660254037844387,-0.4999999999999998,0.5405405405405406,0.0103950103950103,0.18301640281346898,0
PAM-00452,marc_netadmin,Network Admin,switch-core-01,Tunisia,36.8065,10.1815,HTTPS,2026-04-15 09:26:10,18.2,9,0,6,,0,0,none,0.7071067811865476,-0.7071067811865475,0.7733887733887734,0.0103950103950103,0.18533135114520205,0
PAM-01789,marc_netadmin,Network Admin,fw-edge-02,Tunisia,36.8065,10.1815,HTTPS,2026-04-15 09:47:55,20.3,9,0,2,,0,0,none,0.7071067811865476,-0.7071067811865475,0.7006237006237006,0.0103950103950103,0.1855609385240095,0
PAM-00318,sara_dba,DBA,backup-db,Tunisia,36.8065,10.1815,SSH,2026-04-15 13:10:33,28.8,13,0,5,,0,0,none,-0.2588190451025208,-0.9659258262890684,0.740041928721174,0.0188679245283018,0.1471893632990049,0
PAM-00702,sara_dba,DBA,prod-db-01,Tunisia,36.8065,10.1815,SSH,2026-04-15 13:57:15,19.6,13,0,3,,0,0,none,-0.2588190451025208,-0.9659258262890684,0.339622641509434,0.0188679245283018,0.17081788376171914,0
PAM-00871,sara_dba,DBA,prod-db-01,Tunisia,36.8065,10.1815,SSH,2026-04-15 14:39:04,24.0,14,0,9,,0,0,none,-0.4999999999999997,-0.8660254037844388,0.339622641509434,0.0188679245283018,0.1516980363961079,0
PAM-01838,sara_dba,DBA,backup-db,Tunisia,36.8065,10.1815,SSH,2026-04-15 16:15:17,13.6,16,0,3,,0,0,none,-0.8660254037844385,-0.5000000000000004,0.740041928721174,0.0188679245283018,0.11306612376797492,0
PAM-01643,sara_dba,DBA,backup-db,Tunisia,36.8065,10.1815,SSH,2026-04-15 17:43:43,28.6,17,0,3,,0,0,none,-0.9659258262890684,-0.2588190451025206,0.740041928721174,0.0188679245283018,0.08667152537078998,0
PAM-01804,sara_dba,DBA,prod-db-01,Tunisia,36.8065,10.1815,SSH,2026-04-15 19:58:40,42.5,19,0,12,,0,0,none,-0.9659258262890684,0.2588190451025203,0.339622641509434,0.0188679245283018,0.03282238917484093,0
PAM-01013,crypto_bot,Service Account,backup-db,Tunisia,36.8065,10.1815,SSH,2026-04-16 02:07:29,10.8,2,0,4,,0,0,none,0.4999999999999999,0.8660254037844387,0.0106870229007633,0.0030534351145038,0.1924770420070761,0
PAM-00484,crypto_bot,Service Account,backup-db,Tunisia,36.8065,10.1815,SSH,2026-04-16 02:24:04,70.6,2,0,21,,0,0,none,0.4999999999999999,0.8660254037844387,0.0106870229007633,0.0030534351145038,0.05100242019011747,0
PAM-01333,crypto_bot,Service Account,backup-db,Tunisia,36.8065,10.1815,SSH,2026-04-16 02:24:30,26.0,2,0,1,,0,0,none,0.4999999999999999,0.8660254037844387,0.0106870229007633,0.0030534351145038,0.17458478344174383,0
PAM-02007,crypto_bot,Service Account,backup-db,Tunisia,36.8065,10.1815,SSH,2026-04-16 02:25:09,8.9,2,0,1,,0,0,none,0.4999999999999999,0.8660254037844387,0.0106870229007633,0.0030534351145038,0.17647406713048813,0
PAM-01223,crypto_bot,Service Account,backup-db,Tunisia,36.8065,10.1815,SSH,2026-04-16 02:57:13,8.6,2,0,2,,0,0,none,0.4999999999999999,0.8660254037844387,0.0106870229007633,0.0030534351145038,0.1846537138418341,0
PAM-00565,crypto_bot,Service Account,backup-db,Tunisia,36.8065,10.1815,SSH,2026-04-16 03:05:52,13.9,3,0,4,,0,0,none,0.7071067811865476,0.7071067811865476,0.0106870229007633,0.0030534351145038,0.1423576181949967,0
PAM-01277,crypto_bot,Service Account,backup-db,Tunisia,36.8065,10.1815,SSH,2026-04-16 03:44:12,15.9,3,0,3,,0,0,none,0.7071067811865476,0.7071067811865476,0.0106870229007633,0.0030534351145038,0.14182873823726821,0
PAM-00021,marc_netadmin,Network Admin,fw-edge-02,Tunisia,36.8065,10.1815,HTTPS,2026-04-16 10:37:39,15.4,10,0,3,,0,0,none,0.4999999999999999,-0.8660254037844387,0.7006237006237006,0.0103950103950103,0.19343378871664946,0
PAM-01653,sara_dba,DBA,prod-db-01,Tunisia,36.8065,10.1815,SSH,2026-04-16 11:23:31,22.2,11,0,2,,0,0,none,0.258819045102521,-0.9659258262890682,0.339622641509434,0.0188679245283018,0.17198994148011487,0
PAM-01432,sara_dba,DBA,prod-db-01,Tunisia,36.8065,10.1815,SSH,2026-04-16 12:15:50,27.5,12,0,10,,0,0,none,1.2246467991473532e-16,-1.0,0.339622641509434,0.0188679245283018,0.1419731463342463,0
PAM-01200,marc_netadmin,Network Admin,fw-edge-01,Tunisia,36.8065,10.1815,HTTPS,2026-04-16 12:30:19,11.5,12,0,2,,0,0,none,1.2246467991473532e-16,-1.0,0.5405405405405406,0.0103950103950103,0.16662551632681222,0
PAM-01582,sara_dba,DBA,backup-db,Tunisia,36.8065,10.1815,SSH,2026-04-16 12:41:32,10.3,12,0,1,,0,0,none,1.2246467991473532e-16,-1.0,0.740041928721174,0.0188679245283018,0.1369879742952793,0
PAM-00858,sara_dba,DBA,prod-db-01,Tunisia,36.8065,10.1815,SSH,2026-04-16 14:30:25,17.6,14,0,3,,0,0,none,-0.4999999999999997,-0.8660254037844388,0.339622641509434,0.0188679245283018,0.1690879357686575,0
PAM-00237,jean_dev,Developer,app-dev-01,Tunisia,36.8065,10.1815,SSH,2026-04-16 14:55:35,23.6,14,0,2,,0,0,none,-0.4999999999999997,-0.8660254037844388,0.2531914893617021,0.0085106382978723,0.141906443976055,0
PAM-00849,sara_dba,DBA,prod-db-01,Tunisia,36.8065,10.1815,SSH,2026-04-16 16:28:25,9.6,16,0,1,,0,0,none,-0.8660254037844385,-0.5000000000000004,0.339622641509434,0.0188679245283018,0.11628416179413731,0
PAM-00822,sara_dba,DBA,backup-db,Tunisia,36.8065,10.1815,SSH,2026-04-16 18:35:36,4.2,18,0,2,,0,0,none,-1.0,-1.8369701987210294e-16,0.740041928721174,0.0188679245283018,0.05368805525866782,0
PAM-01407,sara_dba,DBA,prod-db-01,Tunisia,36.8065,10.1815,SSH,2026-04-16 18:56:44,28.2,18,0,9,,0,0,none,-1.0,-1.8369701987210294e-16,0.339622641509434,0.0188679245283018,0.06807618126063397,0
PAM-00413,crypto_bot,Service Account,backup-db,Tunisia,36.8065,10.1815,SSH,2026-04-17 01:47:13,23.4,1,0,5,,0,0,none,0.2588190451025207,0.9659258262890684,0.0106870229007633,0.0030534351145038,0.11979954858624725,0
PAM-00362,crypto_bot,Service Account,backup-db,Tunisia,36.8065,10.1815,SSH,2026-04-17 02:00:46,22.8,2,0,6,,0,0,none,0.4999999999999999,0.8660254037844387,0.0106870229007633,0.0030534351145038,0.19779700293796065,0
PAM-01632,crypto_bot,Service Account,backup-db,Tunisia,36.8065,10.1815,SSH,2026-04-17 02:25:20,27.7,2,0,7,,0,0,none,0.4999999999999999,0.8660254037844387,0.0106870229007633,0.0030534351145038,0.19421516792475485,0
PAM-00377,crypto_bot,Service Account,backup-db,Tunisia,36.8065,10.1815,SSH,2026-04-17 02:38:47,19.1,2,0,5,,0,0,none,0.4999999999999999,0.8660254037844387,0.0106870229007633,0.0030534351145038,0.20039956769167627,0
PAM-01975,crypto_bot,Service Account,backup-db,Tunisia,36.8065,10.1815,SSH,2026-04-17 02:59:03,9.4,2,0,6,,0,0,none,0.4999999999999999,0.8660254037844387,0.0106870229007633,0.0030534351145038,0.1853050966463779,0
PAM-00018,crypto_bot,Service Account,backup-db,Tunisia,36.8065,10.1815,SSH,2026-04-17 03:00:53,9.9,3,0,5,,0,0,none,0.7071067811865476,0.7071067811865476,0.0106870229007633,0.0030534351145038,0.1322539641048151,0
PAM-01712,crypto_bot,Service Account,backup-db,Tunisia,36.8065,10.1815,SSH,2026-04-17 03:52:42,8.7,3,0,2,,0,0,none,0.7071067811865476,0.7071067811865476,0.0106870229007633,0.0030534351145038,0.12938724394235868,0
PAM-01485,marc_netadmin,Network Admin,fw-edge-01,Tunisia,36.8065,10.1815,HTTPS,2026-04-17 05:45:48,81.0,5,0,28,,0,0,none,0.9659258262890684,0.2588190451025207,0.5405405405405406,0.0103950103950103,-0.012151935325552587,1
PAM-00605,jean_dev,Developer,git-prod,Tunisia,36.8065,10.1815,SSH,2026-04-17 08:53:04,7.9,8,0,1,,0,0,none,0.8660254037844387,-0.4999999999999998,0.7851063829787234,0.0085106382978723,0.14656957999281617,0
PAM-00487,marc_netadmin,Network Admin,fw-edge-02,Tunisia,36.8065,10.1815,HTTPS,2026-04-17 09:15:28,11.9,9,0,2,,0,0,none,0.7071067811865476,-0.7071067811865475,0.7006237006237006,0.0103950103950103,0.18494689834609845,0
PAM-01553,jean_dev,Developer,fw-edge-01,Tunisia,36.8065,10.1815,SSH,2026-04-17 09:56:32,21.1,9,0,5,,0,1,unusual_asset,0.7071067811865476,-0.7071067811865475,0.997872340425532,0.0085106382978723,0.12204574416598551,0
PAM-00277,sara_dba,DBA,prod-db-01,Tunisia,36.8065,10.1815,SSH,2026-04-17 10:42:03,31.2,10,0,9,,0,0,none,0.4999999999999999,-0.8660254037844387,0.339622641509434,0.0188679245283018,0.15517579850994984,0
PAM-00648,jean_dev,Developer,app-dev-01,Tunisia,36.8065,10.1815,SSH,2026-04-17 10:43:36,15.6,10,0,4,,0,0,none,0.4999999999999999,-0.8660254037844387,0.2531914893617021,0.0085106382978723,0.19729818910973385,0
PAM-01654,marc_netadmin,Network Admin,switch-core-01,Tunisia,36.8065,10.1815,HTTPS,2026-04-17 10:55:54,36.7,10,0,13,,0,0,none,0.4999999999999999,-0.8660254037844387,0.7733887733887734,0.0103950103950103,0.14842149115324976,0
PAM-00570,marc_netadmin,Network Admin,fw-edge-01,Tunisia,36.8065,10.1815,HTTPS,2026-04-17 11:31:03,24.8,11,0,4,,0,0,none,0.258819045102521,-0.9659258262890682,0.5405405405405406,0.0103950103950103,0.18540431702076243,0
PAM-01186,jean_dev,Developer,app-dev-01,Tunisia,36.8065,10.1815,SSH,2026-04-17 11:49:27,12.2,11,0,1,,0,0,none,0.258819045102521,-0.9659258262890682,0.2531914893617021,0.0085106382978723,0.18073059826256133,0
PAM-01127,sara_dba,DBA,backup-db,Tunisia,36.8065,10.1815,SSH,2026-04-17 14:40:45,34.7,14,0,10,,0,0,none,-0.4999999999999997,-0.8660254037844388,0.740041928721174,0.0188679245283018,0.1284391113895194,0
PAM-01801,sara_dba,DBA,prod-db-01,Tunisia,36.8065,10.1815,SSH,2026-04-17 15:16:51,21.5,15,0,5,,0,0,none,-0.7071067811865471,-0.7071067811865479,0.339622641509434,0.0188679245283018,0.151692132556015,0
PAM-00177,sara_dba,DBA,prod-db-01,Tunisia,36.8065,10.1815,SSH,2026-04-17 15:18:14,21.9,15,0,5,,0,0,none,-0.7071067811865471,-0.7071067811865479,0.339622641509434,0.0188679245283018,0.15185602639423285,0
PAM-01971,sara_dba,DBA,prod-db-01,Tunisia,36.8065,10.1815,SSH,2026-04-17 16:44:44,38.8,16,0,6,,0,0,none,-0.8660254037844385,-0.5000000000000004,0.339622641509434,0.0188679245283018,0.10613005674835141,0
PAM-01107,crypto_bot,Service Account,backup-db,Tunisia,36.8065,10.1815,SSH,2026-04-18 02:16:40,28.1,2,1,6,,0,0,none,0.4999999999999999,0.8660254037844387,0.0106870229007633,0.0030534351145038,0.12982135130047345,0
PAM-00495,crypto_bot,Service Account,backup-db,Tunisia,36.8065,10.1815,SSH,2026-04-18 02:22:21,15.6,2,1,4,,0,0,none,0.4999999999999999,0.8660254037844387,0.0106870229007633,0.0030534351145038,0.13517650958939365,0
PAM-00003,sara_dba,DBA,backup-db,China,39.9042,116.4074,SSH,2026-04-18 16:03:48,54.1,16,1,16,,0,1,unusual_country,-0.8660254037844385,-0.5000000000000004,0.740041928721174,0.9979035639412998,-0.13454875594298954,1
PAM-01981,crypto_bot,Service Account,backup-db,Tunisia,36.8065,10.1815,SSH,2026-04-19 02:01:47,13.3,2,1,3,,0,0,none,0.4999999999999999,0.8660254037844387,0.0106870229007633,0.0030534351145038,0.12983095337908668,0
PAM-01158,crypto_bot,Service Account,backup-db,Tunisia,36.8065,10.1815,SSH,2026-04-19 02:03:16,7.0,2,1,4,,0,0,none,0.4999999999999999,0.8660254037844387,0.0106870229007633,0.0030534351145038,0.10607841571350607,0
PAM-01709,crypto_bot,Service Account,backup-db,Tunisia,36.8065,10.1815,SSH,2026-04-19 02:21:44,13.3,2,1,4,,0,0,none,0.4999999999999999,0.8660254037844387,0.0106870229007633,0.0030534351145038,0.13326956111888294,0
PAM-01786,crypto_bot,Service Account,backup-db,Tunisia,36.8065,10.1815,SSH,2026-04-19 02:35:35,14.2,2,1,5,,0,0,none,0.4999999999999999,0.8660254037844387,0.0106870229007633,0.0030534351145038,0.13436772813892572,0
PAM-00699,crypto_bot,Service Account,backup-db,Tunisia,36.8065,10.1815,SSH,2026-04-19 02:48:09,9.5,2,1,3,,0,0,none,0.4999999999999999,0.8660254037844387,0.0106870229007633,0.0030534351145038,0.1152351448220213,0
PAM-01292,jean_dev,Developer,app-dev-01,Tunisia,36.8065,10.1815,SSH,2026-04-19 11:16:12,26.5,11,1,6,,0,0,none,0.258819045102521,-0.9659258262890682,0.2531914893617021,0.0085106382978723,0.043082442935219234,0
PAM-00331,crypto_bot,Service Account,backup-db,Tunisia,36.8065,10.1815,SSH,2026-04-20 02:00:24,22.2,2,0,2,,0,0,none,0.4999999999999999,0.8660254037844387,0.0106870229007633,0.0030534351145038,0.19090621113427697,0
PAM-01936,crypto_bot,Service Account,backup-db,Tunisia,36.8065,10.1815,SSH,2026-04-20 02:22:08,102.7,2,0,26,,0,0,none,0.4999999999999999,0.8660254037844387,0.0106870229007633,0.0030534351145038,-0.018624296500865722,1
PAM-00013,marc_netadmin,Network Admin,switch-core-01,Tunisia,36.8065,10.1815,HTTPS,2026-04-20 07:00:38,12.6,7,0,1,,0,0,none,0.9659258262890684,-0.2588190451025206,0.7733887733887734,0.0103950103950103,0.1377626542470164,0
PAM-02075,jean_dev,Developer,git-prod,Tunisia,36.8065,10.1815,SSH,2026-04-20 08:01:40,33.6,8,0,9,,0,0,none,0.8660254037844387,-0.4999999999999998,0.7851063829787234,0.0085106382978723,0.15018313000532624,0
PAM-00336,jean_dev,Developer,app-dev-01,Tunisia,36.8065,10.1815,SSH,2026-04-20 09:02:43,30.8,9,0,5,,0,0,none,0.7071067811865476,-0.7071067811865475,0.2531914893617021,0.0085106382978723,0.18756929396993888,0
PAM-00705,marc_netadmin,Network Admin,fw-edge-01,Tunisia,36.8065,10.1815,HTTPS,2026-04-20 10:17:36,25.1,10,0,5,,0,0,none,0.4999999999999999,-0.8660254037844387,0.5405405405405406,0.0103950103950103,0.19062651096766237,0
PAM-00692,marc_netadmin,Network Admin,fw-edge-01,Tunisia,36.8065,10.1815,HTTPS,2026-04-20 10:46:44,9.1,10,0,2,,0,0,none,0.4999999999999999,-0.8660254037844387,0.5405405405405406,0.0103950103950103,0.1851565336304834,0
PAM-00690,marc_netadmin,Network Admin,fw-edge-02,Tunisia,36.8065,10.1815,HTTPS,2026-04-20 11:27:41,15.9,11,0,5,,0,0,none,0.258819045102521,-0.9659258262890682,0.7006237006237006,0.0103950103950103,0.18579080165112377,0
PAM-00457,sara_dba,DBA,backup-db,Tunisia,36.8065,10.1815,SSH,2026-04-20 11:50:32,21.6,11,0,3,,0,0,none,0.258819045102521,-0.9659258262890682,0.740041928721174,0.0188679245283018,0.16527154697168167,0
PAM-00455,jean_dev,Developer,app-dev-01,Tunisia,36.8065,10.1815,SSH,2026-04-20 12:07:28,54.9,12,0,11,,0,0,none,1.2246467991473532e-16,-1.0,0.2531914893617021,0.0085106382978723,0.1070116736518687,0
PAM-01576,marc_netadmin,Network Admin,fw-edge-02,Tunisia,36.8065,10.1815,HTTPS,2026-04-20 12:31:47,43.4,12,0,14,,0,0,none,1.2246467991473532e-16,-1.0,0.7006237006237006,0.0103950103950103,0.10919522555062172,0
PAM-00850,jean_dev,Developer,app-dev-01,Tunisia,36.8065,10.1815,SSH,2026-04-20 12:46:31,18.9,12,0,3,,0,0,none,1.2246467991473532e-16,-1.0,0.2531914893617021,0.0085106382978723,0.17789861548461738,0
PAM-01921,sara_dba,DBA,prod-db-01,Tunisia,36.8065,10.1815,SSH,2026-04-20 13:22:29,16.4,13,0,4,,0,0,none,-0.2588190451025208,-0.9659258262890684,0.339622641509434,0.0188679245283018,0.16919856957426138,0
PAM-01590,marc_netadmin,Network Admin,fw-edge-01,Tunisia,36.8065,10.1815,HTTPS,2026-04-20 13:51:44,9.0,13,0,3,,0,0,none,-0.2588190451025208,-0.9659258262890684,0.5405405405405406,0.0103950103950103,0.14988681947224225,0
PAM-02026,sara_dba,DBA,prod-db-01,Tunisia,36.8065,10.1815,SSH,2026-04-20 15:32:40,12.2,15,0,5,,0,0,none,-0.7071067811865471,-0.7071067811865479,0.339622641509434,0.0188679245283018,0.1470716219789036,0
PAM-01376,sara_dba,DBA,prod-db-01,North Korea,39.0392,125.7625,SSH,2026-04-20 17:06:28,7.3,17,0,3,,0,1,unusual_country,-0.9659258262890684,-0.2588190451025206,0.339622641509434,0.9958071278825996,-0.04067987761141845,1
PAM-00582,crypto_bot,Service Account,backup-db,Tunisia,36.8065,10.1815,SSH,2026-04-21 02:31:22,19.5,2,0,8,,0,0,none,0.4999999999999999,0.8660254037844387,0.0106870229007633,0.0030534351145038,0.1894956642432296,0
PAM-01522,crypto_bot,Service Account,backup-db,Tunisia,36.8065,10.1815,SSH,2026-04-21 02:50:13,33.1,2,0,17,,0,0,none,0.4999999999999999,0.8660254037844387,0.0106870229007633,0.0030534351145038,0.1341508306769424,0
PAM-01735,marc_netadmin,Network Admin,fw-edge-01,Tunisia,36.8065,10.1815,HTTPS,2026-04-21 06:26:34,19.6,6,0,3,,0,0,none,1.0,6.123233995736766e-17,0.5405405405405406,0.0103950103950103,0.1341197192196421,0
PAM-00945,marc_netadmin,Network Admin,fw-edge-01,Tunisia,36.8065,10.1815,HTTPS,2026-04-21 06:58:00,81.3,6,0,19,,0,1,unusual_duration,1.0,6.123233995736766e-17,0.5405405405405406,0.0103950103950103,0.02640125536245741,0
PAM-01019,marc_netadmin,Network Admin,fw-edge-01,Tunisia,36.8065,10.1815,HTTPS,2026-04-21 08:06:28,9.7,8,0,1,,0,0,none,0.8660254037844387,-0.4999999999999998,0.5405405405405406,0.0103950103950103,0.16656546141635742,0
PAM-01105,marc_netadmin,Network Admin,fw-edge-01,Tunisia,36.8065,10.1815,HTTPS,2026-04-21 08:33:09,3.7,8,0,1,,0,0,none,0.8660254037844387,-0.4999999999999998,0.5405405405405406,0.0103950103950103,0.1505668394564193,0
PAM-01163,jean_dev,Developer,app-dev-01,Tunisia,36.8065,10.1815,SSH,2026-04-21 09:18:36,13.6,9,0,3,,0,0,none,0.7071067811865476,-0.7071067811865475,0.2531914893617021,0.0085106382978723,0.18933008943605117,0
PAM-00145,jean_dev,Developer,app-dev-01,Tunisia,36.8065,10.1815,SSH,2026-04-21 09:23:50,17.8,9,0,4,,0,0,none,0.7071067811865476,-0.7071067811865475,0.2531914893617021,0.0085106382978723,0.19134104525007917,0
PAM-00764,marc_netadmin,Network Admin,switch-core-01,Tunisia,36.8065,10.1815,HTTPS,2026-04-21 09:35:42,22.9,9,0,4,,0,0,none,0.7071067811865476,-0.7071067811865475,0.7733887733887734,0.0103950103950103,0.1855795703910697,0
PAM-00745,jean_dev,Developer,app-dev-01,Tunisia,36.8065,10.1815,SSH,2026-04-21 10:40:20,17.2,10,0,1,,0,0,none,0.4999999999999999,-0.8660254037844387,0.2531914893617021,0.0085106382978723,0.18497641324934033,0
PAM-00749,jean_dev,Developer,git-prod,Tunisia,36.8065,10.1815,SSH,2026-04-21 10:46:58,32.2,10,0,5,,0,0,none,0.4999999999999999,-0.8660254037844387,0.7851063829787234,0.0085106382978723,0.17277424855267176,0
PAM-00854,marc_netadmin,Network Admin,switch-core-01,Tunisia,36.8065,10.1815,HTTPS,2026-04-21 12:41:14,35.4,12,0,6,,0,0,none,1.2246467991473532e-16,-1.0,0.7733887733887734,0.0103950103950103,0.15274593078570659,0
PAM-00940,crypto_bot,Service Account,backup-db,Tunisia,36.8065,10.1815,SSH,2026-04-22 02:05:21,20.7,2,0,7,,0,0,none,0.4999999999999999,0.8660254037844387,0.0106870229007633,0.0030534351145038,0.19442173979667704,0
PAM-00684,crypto_bot,Service Account,backup-db,Tunisia,36.8065,10.1815,SSH,2026-04-22 02:13:04,40.9,2,0,13,,0,0,none,0.4999999999999999,0.8660254037844387,0.0106870229007633,0.0030534351145038,0.15807131280604925,0
PAM-00402,crypto_bot,Service Account,backup-db,Tunisia,36.8065,10.1815,SSH,2026-04-22 02:16:35,11.7,2,0,2,,0,0,none,0.4999999999999999,0.8660254037844387,0.0106870229007633,0.0030534351145038,0.19160460087832554,0
PAM-00305,crypto_bot,Service Account,backup-db,Tunisia,36.8065,10.1815,SSH,2026-04-22 02:52:36,16.7,2,0,3,,0,0,none,0.4999999999999999,0.8660254037844387,0.0106870229007633,0.0030534351145038,0.1978143318677424,0
PAM-00222,crypto_bot,Service Account,backup-db,Tunisia,36.8065,10.1815,SSH,2026-04-22 02:58:47,44.3,2,0,10,,0,0,none,0.4999999999999999,0.8660254037844387,0.0106870229007633,0.0030534351145038,0.16068613351933975,0
PAM-00061,jean_dev,Developer,app-dev-01,Tunisia,36.8065,10.1815,SSH,2026-04-22 07:25:50,14.5,7,0,2,,0,0,none,0.9659258262890684,-0.2588190451025206,0.2531914893617021,0.0085106382978723,0.14369387613041396,0
PAM-01271,jean_dev,Developer,app-dev-01,Tunisia,36.8065,10.1815,SSH,2026-04-22 07:53:46,31.5,7,0,7,,0,0,none,0.9659258262890684,-0.2588190451025206,0.2531914893617021,0.0085106382978723,0.13818285494674254,0
PAM-00153,marc_netadmin,Network Admin,fw-edge-02,Tunisia,36.8065,10.1815,HTTPS,2026-04-22 08:06:08,39.1,8,0,16,,0,0,none,0.8660254037844387,-0.4999999999999998,0.7006237006237006,0.0103950103950103,0.12001571648725134,0
PAM-01161,jean_dev,Developer,app-dev-01,Tunisia,36.8065,10.1815,SSH,2026-04-22 08:19:32,21.1,8,0,2,,0,0,none,0.8660254037844387,-0.4999999999999998,0.2531914893617021,0.0085106382978723,0.17258869534399707,0
PAM-00114,marc_netadmin,Network Admin,switch-core-01,Tunisia,36.8065,10.1815,HTTPS,2026-04-22 08:31:15,22.1,8,0,4,,0,0,none,0.8660254037844387,-0.4999999999999998,0.7733887733887734,0.0103950103950103,0.1767281734832309,0
PAM-00170,jean_dev,Developer,app-dev-01,Tunisia,36.8065,10.1815,SSH,2026-04-22 11:35:07,8.7,11,0,1,,0,0,none,0.258819045102521,-0.9659258262890682,0.2531914893617021,0.0085106382978723,0.17686173855134035,0
PAM-00441,jean_dev,Developer,app-dev-01,Tunisia,36.8065,10.1815,SSH,2026-04-22 12:09:53,21.5,12,0,4,,0,0,none,1.2246467991473532e-16,-1.0,0.2531914893617021,0.0085106382978723,0.1790581219098344,0
PAM-00142,crypto_bot,Service Account,backup-db,Tunisia,36.8065,10.1815,SSH,2026-04-23 02:28:42,28.1,2,0,4,,0,0,none,0.4999999999999999,0.8660254037844387,0.0106870229007633,0.0030534351145038,0.19467831460130663,0
PAM-00513,crypto_bot,Service Account,backup-db,Tunisia,36.8065,10.1815,SSH,2026-04-23 02:30:29,10.8,2,0,2,,0,0,none,0.4999999999999999,0.8660254037844387,0.0106870229007633,0.0030534351145038,0.190561910371095,0
PAM-00622,crypto_bot,Service Account,backup-db,Tunisia,36.8065,10.1815,SSH,2026-04-23 02:53:20,14.1,2,0,7,,0,0,none,0.4999999999999999,0.8660254037844387,0.0106870229007633,0.0030534351145038,0.19105870102353106,0
PAM-01009,marc_netadmin,Network Admin,fw-edge-02,Tunisia,36.8065,10.1815,HTTPS,2026-04-23 06:30:45,7.7,6,0,2,,0,0,none,1.0,6.123233995736766e-17,0.7006237006237006,0.0103950103950103,0.1250236903970927,0
PAM-00516,marc_netadmin,Network Admin,fw-edge-02,Tunisia,36.8065,10.1815,HTTPS,2026-04-23 07:29:23,17.1,7,0,4,,0,0,none,0.9659258262890684,-0.2588190451025206,0.7006237006237006,0.0103950103950103,0.15452923656016404,0
PAM-01684,jean_dev,Developer,git-prod,Tunisia,36.8065,10.1815,SSH,2026-04-23 08:44:42,15.2,8,0,1,,0,0,none,0.8660254037844387,-0.4999999999999998,0.7851063829787234,0.0085106382978723,0.15584113913412445,0
PAM-01508,jean_dev,Developer,app-dev-01,Tunisia,36.8065,10.1815,SSH,2026-04-23 10:14:51,13.6,10,0,5,,0,0,none,0.4999999999999999,-0.8660254037844387,0.2531914893617021,0.0085106382978723,0.19598591900940526,0
PAM-00594,jean_dev,Developer,app-dev-01,Tunisia,36.8065,10.1815,SSH,2026-04-23 12:21:21,22.6,12,0,8,,0,0,none,1.2246467991473532e-16,-1.0,0.2531914893617021,0.0085106382978723,0.1717763569165306,0
PAM-01139,jean_dev,Developer,git-prod,Tunisia,36.8065,10.1815,SSH,2026-04-23 12:36:09,33.6,12,0,6,,0,0,none,1.2246467991473532e-16,-1.0,0.7851063829787234,0.0085106382978723,0.14977988314755059,0
PAM-01622,sara_dba,DBA,prod-db-01,Tunisia,36.8065,10.1815,SSH,2026-04-23 14:32:00,16.7,14,0,5,,0,0,none,-0.4999999999999997,-0.8660254037844388,0.339622641509434,0.0188679245283018,0.1683192620070736,0
PAM-00212,sara_dba,DBA,prod-db-01,Tunisia,36.8065,10.1815,SSH,2026-04-23 17:52:52,34.0,17,0,7,,0,0,none,-0.9659258262890684,-0.2588190451025206,0.339622641509434,0.0188679245283018,0.09743769718997525,0
PAM-00928,crypto_bot,Service Account,backup-db,Tunisia,36.8065,10.1815,SSH,2026-04-24 02:11:44,9.1,2,0,3,,0,0,none,0.4999999999999999,0.8660254037844387,0.0106870229007633,0.0030534351145038,0.1884651617186756,0
PAM-00450,crypto_bot,Service Account,backup-db,Tunisia,36.8065,10.1815,SSH,2026-04-24 02:15:11,13.0,2,0,3,,0,0,none,0.4999999999999999,0.8660254037844387,0.0106870229007633,0.0030534351145038,0.19599301995638824,0
PAM-00932,crypto_bot,Service Account,backup-db,Tunisia,36.8065,10.1815,SSH,2026-04-24 02:20:08,19.6,2,0,4,,0,0,none,0.4999999999999999,0.8660254037844387,0.0106870229007633,0.0030534351145038,0.2000210318989365,0
PAM-01143,crypto_bot,Service Account,backup-db,Tunisia,36.8065,10.1815,SSH,2026-04-24 02:32:02,11.0,2,0,4,,0,0,none,0.4999999999999999,0.8660254037844387,0.0106870229007633,0.0030534351145038,0.19332844408994293,0
PAM-00357,crypto_bot,Service Account,backup-db,Tunisia,36.8065,10.1815,SSH,2026-04-24 02:50:02,19.5,2,0,4,,0,0,none,0.4999999999999999,0.8660254037844387,0.0106870229007633,0.0030534351145038,0.19991024886518627,0
PAM-00240,marc_netadmin,Network Admin,fw-edge-02,Tunisia,36.8065,10.1815,HTTPS,2026-04-24 11:06:48,24.0,11,0,5,,0,0,none,0.258819045102521,-0.9659258262890682,0.7006237006237006,0.0103950103950103,0.18471396079056696,0
PAM-00160,jean_dev,Developer,app-dev-01,Tunisia,36.8065,10.1815,SSH,2026-04-24 11:41:38,9.4,11,0,4,,0,0,none,0.258819045102521,-0.9659258262890682,0.2531914893617021,0.0085106382978723,0.18901895113369815,0
PAM-01775,jean_dev,Developer,app-dev-01,Tunisia,36.8065,10.1815,SSH,2026-04-24 12:20:40,16.7,12,0,3,,0,0,none,1.2246467991473532e-16,-1.0,0.2531914893617021,0.0085106382978723,0.17706570244321518,0
PAM-01020,sara_dba,DBA,prod-db-01,Tunisia,36.8065,10.1815,SSH,2026-04-24 13:37:13,28.3,13,0,7,,0,0,none,-0.2588190451025208,-0.9659258262890684,0.339622641509434,0.0188679245283018,0.1591728812015772,0
PAM-02040,sara_dba,DBA,prod-db-01,Tunisia,36.8065,10.1815,SSH,2026-04-24 15:25:42,18.5,15,0,4,,0,0,none,-0.7071067811865471,-0.7071067811865479,0.339622641509434,0.0188679245283018,0.15189440099768908,0
PAM-01071,sara_dba,DBA,backup-db,Tunisia,36.8065,10.1815,SSH,2026-04-24 19:35:28,25.9,19,0,6,,0,0,none,-0.9659258262890684,0.2588190451025203,0.740041928721174,0.0188679245283018,0.053417525532267196,0
PAM-01765,crypto_bot,Service Account,backup-db,Tunisia,36.8065,10.1815,SSH,2026-04-25 01:57:38,13.3,1,1,5,,0,0,none,0.2588190451025207,0.9659258262890684,0.0106870229007633,0.0030534351145038,0.03626912500110091,0
PAM-00171,crypto_bot,Service Account,backup-db,Tunisia,36.8065,10.1815,SSH,2026-04-25 02:01:06,14.9,2,1,4,,0,0,none,0.4999999999999999,0.8660254037844387,0.0106870229007633,0.0030534351145038,0.13519693511934988,0
PAM-01799,crypto_bot,Service Account,backup-db,Tunisia,36.8065,10.1815,SSH,2026-04-25 02:25:56,24.8,2,1,2,,0,0,none,0.4999999999999999,0.8660254037844387,0.0106870229007633,0.0030534351145038,0.11479877357978757,0
PAM-00091,crypto_bot,Service Account,backup-db,Tunisia,36.8065,10.1815,SSH,2026-04-25 02:27:08,10.4,2,1,2,,0,0,none,0.4999999999999999,0.8660254037844387,0.0106870229007633,0.0030534351145038,0.11224333623588345,0
PAM-01034,crypto_bot,Service Account,backup-db,Tunisia,36.8065,10.1815,SSH,2026-04-25 02:38:34,28.4,2,1,6,,0,0,none,0.4999999999999999,0.8660254037844387,0.0106870229007633,0.0030534351145038,0.12878863921029993,0
PAM-01269,crypto_bot,Service Account,backup-db,Tunisia,36.8065,10.1815,SSH,2026-04-25 02:46:21,55.6,2,1,14,,0,0,none,0.4999999999999999,0.8660254037844387,0.0106870229007633,0.0030534351145038,0.03929651438909987,0
PAM-00288,crypto_bot,Service Account,backup-db,Tunisia,36.8065,10.1815,SSH,2026-04-25 02:56:13,23.8,2,1,4,,0,0,none,0.4999999999999999,0.8660254037844387,0.0106870229007633,0.0030534351145038,0.1362740501384272,0
PAM-01132,crypto_bot,Service Account,backup-db,Tunisia,36.8065,10.1815,SSH,2026-04-26 02:23:23,27.7,2,1,8,,0,0,none,0.4999999999999999,0.8660254037844387,0.0106870229007633,0.0030534351145038,0.124231930887644,0
PAM-00093,crypto_bot,Service Account,backup-db,Tunisia,36.8065,10.1815,SSH,2026-04-26 02:33:26,12.0,2,1,3,,0,0,none,0.4999999999999999,0.8660254037844387,0.0106870229007633,0.0030534351145038,0.1253412234446019,0
PAM-01066,crypto_bot,Service Account,backup-db,Tunisia,36.8065,10.1815,SSH,2026-04-26 02:38:22,36.8,2,1,11,,0,0,none,0.4999999999999999,0.8660254037844387,0.0106870229007633,0.0030534351145038,0.09637368243175409,0
PAM-01288,crypto_bot,Service Account,backup-db,Tunisia,36.8065,10.1815,SSH,2026-04-27 02:09:36,12.7,2,0,4,,0,0,none,0.4999999999999999,0.8660254037844387,0.0106870229007633,0.0030534351145038,0.19683802646922005,0
PAM-01476,crypto_bot,Service Account,backup-db,Tunisia,36.8065,10.1815,SSH,2026-04-27 02:52:13,14.6,2,0,2,,0,0,none,0.4999999999999999,0.8660254037844387,0.0106870229007633,0.0030534351145038,0.19399459761199844,0
PAM-02033,crypto_bot,Service Account,backup-db,Tunisia,36.8065,10.1815,SSH,2026-04-27 03:50:32,21.5,3,0,5,,0,0,none,0.7071067811865476,0.7071067811865476,0.0106870229007633,0.0030534351145038,0.1406447442113979,0
PAM-00338,marc_netadmin,Network Admin,fw-edge-01,Tunisia,36.8065,10.1815,HTTPS,2026-04-27 07:22:59,34.9,7,0,12,,0,0,none,0.9659258262890684,-0.2588190451025206,0.5405405405405406,0.0103950103950103,0.12707317231986626,0
PAM-01580,sara_dba,DBA,prod-db-02,Tunisia,36.8065,10.1815,SSH,2026-04-27 08:45:43,19.2,8,0,4,,0,0,none,0.8660254037844387,-0.4999999999999998,0.9224318658280922,0.0188679245283018,0.1148196448104703,0
PAM-01965,jean_dev,Developer,git-prod,Tunisia,36.8065,10.1815,SSH,2026-04-27 09:06:55,37.1,9,0,10,,0,0,none,0.7071067811865476,-0.7071067811865475,0.7851063829787234,0.0085106382978723,0.15401575150961488,0
PAM-01031,sara_dba,DBA,prod-db-01,Tunisia,36.8065,10.1815,SSH,2026-04-27 10:06:06,53.5,10,0,16,,0,0,none,0.4999999999999999,-0.8660254037844387,0.339622641509434,0.0188679245283018,0.08962391110064388,0
PAM-01283,jean_dev,Developer,app-dev-01,Tunisia,36.8065,10.1815,SSH,2026-04-27 10:35:17,17.4,10,0,4,,0,0,none,0.4999999999999999,-0.8660254037844387,0.2531914893617021,0.0085106382978723,0.19771254487092604,0
PAM-00636,sara_dba,DBA,prod-db-01,Tunisia,36.8065,10.1815,SSH,2026-04-27 11:20:55,21.0,11,0,7,,0,0,none,0.258819045102521,-0.9659258262890682,0.339622641509434,0.0188679245283018,0.1726487427730264,0
PAM-00285,sara_dba,DBA,prod-db-01,Tunisia,36.8065,10.1815,SSH,2026-04-27 11:27:43,16.3,11,0,5,,0,0,none,0.258819045102521,-0.9659258262890682,0.339622641509434,0.0188679245283018,0.17676225850798338,0
PAM-00119,marc_netadmin,Network Admin,fw-edge-01,Tunisia,36.8065,10.1815,HTTPS,2026-04-27 13:00:27,13.9,13,0,7,,0,0,none,-0.2588190451025208,-0.9659258262890684,0.5405405405405406,0.0103950103950103,0.15001356855700743,0
PAM-01591,sara_dba,DBA,prod-db-01,Tunisia,36.8065,10.1815,SSH,2026-04-27 13:28:47,9.6,13,0,1,,0,0,none,-0.2588190451025208,-0.9659258262890684,0.339622641509434,0.0188679245283018,0.15655423240779875,0
PAM-01336,sara_dba,DBA,prod-db-01,Tunisia,36.8065,10.1815,SSH,2026-04-27 16:08:58,28.1,16,0,6,,0,0,none,-0.8660254037844385,-0.5000000000000004,0.339622641509434,0.0188679245283018,0.1286822379262592,0
PAM-01463,sara_dba,DBA,prod-db-01,Tunisia,36.8065,10.1815,SSH,2026-04-27 16:09:51,30.0,16,0,6,,0,0,none,-0.8660254037844385,-0.5000000000000004,0.339622641509434,0.0188679245283018,0.12622794359921374,0
PAM-00936,sara_dba,DBA,backup-db,Tunisia,36.8065,10.1815,SSH,2026-04-27 18:52:42,27.5,18,0,6,,0,0,none,-1.0,-1.8369701987210294e-16,0.740041928721174,0.0188679245283018,0.06602749321624801,0
PAM-01813,crypto_bot,Service Account,backup-db,Tunisia,36.8065,10.1815,SSH,2026-04-28 02:04:21,9.5,2,0,4,,0,0,none,0.4999999999999999,0.8660254037844387,0.0106870229007633,0.0030534351145038,0.18995586909175055,0
PAM-00388,crypto_bot,Service Account,backup-db,Tunisia,36.8065,10.1815,SSH,2026-04-28 02:18:46,16.2,2,0,4,,0,0,none,0.4999999999999999,0.8660254037844387,0.0106870229007633,0.0030534351145038,0.200047799420093,0
PAM-01203,crypto_bot,Service Account,backup-db,Tunisia,36.8065,10.1815,SSH,2026-04-28 02:21:19,22.1,2,0,1,,0,0,none,0.4999999999999999,0.8660254037844387,0.0106870229007633,0.0030534351145038,0.17911610524177524,0
PAM-01589,crypto_bot,Service Account,backup-db,Tunisia,36.8065,10.1815,SSH,2026-04-28 02:54:33,38.8,2,0,9,,0,0,none,0.4999999999999999,0.8660254037844387,0.0106870229007633,0.0030534351145038,0.16679906487083973,0
PAM-00010,marc_netadmin,Network Admin,fw-edge-01,Tunisia,36.8065,10.1815,HTTPS,2026-04-28 07:24:22,20.9,7,0,8,,0,0,none,0.9659258262890684,-0.2588190451025206,0.5405405405405406,0.0103950103950103,0.15293933383277342,0
PAM-02063,jean_dev,Developer,git-prod,Tunisia,36.8065,10.1815,SSH,2026-04-28 07:32:35,13.4,7,0,6,,0,0,none,0.9659258262890684,-0.2588190451025206,0.7851063829787234,0.0085106382978723,0.13971502402219538,0
PAM-00879,marc_netadmin,Network Admin,switch-core-01,Tunisia,36.8065,10.1815,HTTPS,2026-04-28 08:33:22,9.9,8,0,1,,0,0,none,0.8660254037844387,-0.4999999999999998,0.7733887733887734,0.0103950103950103,0.16056727379647273,0
PAM-00311,jean_dev,Developer,app-dev-01,Tunisia,36.8065,10.1815,SSH,2026-04-28 09:46:52,48.5,9,0,12,,0,0,none,0.7071067811865476,-0.7071067811865475,0.2531914893617021,0.0085106382978723,0.148654464704279,0
PAM-00597,jean_dev,Developer,app-staging,Tunisia,36.8065,10.1815,SSH,2026-04-28 09:49:40,16.9,9,0,3,,0,0,none,0.7071067811865476,-0.7071067811865475,0.9659574468085106,0.0085106382978723,0.132453866255908,0
PAM-01061,sara_dba,DBA,prod-db-01,Tunisia,36.8065,10.1815,SSH,2026-04-28 10:10:00,22.5,10,0,3,,0,0,none,0.4999999999999999,-0.8660254037844387,0.339622641509434,0.0188679245283018,0.1687900016004923,0
PAM-00268,jean_dev,Developer,git-prod,Tunisia,36.8065,10.1815,SSH,2026-04-28 10:42:28,11.0,10,0,5,,0,0,none,0.4999999999999999,-0.8660254037844387,0.7851063829787234,0.0085106382978723,0.1765119390490345,0
PAM-01777,jean_dev,Developer,app-dev-01,Tunisia,36.8065,10.1815,SSH,2026-04-28 11:22:02,34.4,11,0,12,,0,0,none,0.258819045102521,-0.9659258262890682,0.2531914893617021,0.0085106382978723,0.16232213161303305,0
PAM-01840,sara_dba,DBA,prod-db-01,Tunisia,36.8065,10.1815,SSH,2026-04-28 13:33:56,34.3,13,0,6,,0,0,none,-0.2588190451025208,-0.9659258262890684,0.339622641509434,0.0188679245283018,0.1543166750602204,0
PAM-00956,jean_dev,Developer,app-dev-01,Tunisia,36.8065,10.1815,SSH,2026-04-28 13:59:54,10.9,13,0,4,,0,0,none,-0.2588190451025208,-0.9659258262890684,0.2531914893617021,0.0085106382978723,0.15255213859132044,0
PAM-01331,sara_dba,DBA,prod-db-01,Tunisia,36.8065,10.1815,SSH,2026-04-28 14:19:03,7.5,14,0,1,,0,0,none,-0.4999999999999997,-0.8660254037844388,0.339622641509434,0.0188679245283018,0.1465824358836152,0
PAM-01544,sara_dba,DBA,prod-db-01,Tunisia,36.8065,10.1815,SSH,2026-04-28 14:26:20,21.8,14,0,5,,0,0,none,-0.4999999999999997,-0.8660254037844388,0.339622641509434,0.0188679245283018,0.1688851995256606,0
PAM-01027,sara_dba,DBA,prod-db-02,Tunisia,36.8065,10.1815,SSH,2026-04-28 14:55:27,19.7,14,0,5,,0,0,none,-0.4999999999999997,-0.8660254037844388,0.9224318658280922,0.0188679245283018,0.11482067855982403,0
PAM-02069,sara_dba,DBA,prod-db-01,Tunisia,36.8065,10.1815,SSH,2026-04-28 15:18:47,25.7,15,0,4,,0,0,none,-0.7071067811865471,-0.7071067811865479,0.339622641509434,0.0188679245283018,0.14634347460753722,0
PAM-01661,sara_dba,DBA,prod-db-01,Tunisia,36.8065,10.1815,SSH,2026-04-28 16:26:43,20.9,16,0,2,,0,0,none,-0.8660254037844385,-0.5000000000000004,0.339622641509434,0.0188679245283018,0.1280963543029009,0
PAM-00531,sara_dba,DBA,prod-db-01,Tunisia,36.8065,10.1815,SSH,2026-04-28 17:02:08,21.4,17,0,1,,0,0,none,-0.9659258262890684,-0.2588190451025206,0.339622641509434,0.0188679245283018,0.10066001056014107,0
PAM-01438,sara_dba,DBA,prod-db-01,Tunisia,36.8065,10.1815,SSH,2026-04-28 19:34:49,32.7,19,0,13,,0,0,none,-0.9659258262890684,0.2588190451025203,0.339622641509434,0.0188679245283018,0.04637846779664512,0
PAM-00463,crypto_bot,Service Account,backup-db,Tunisia,36.8065,10.1815,SSH,2026-04-29 02:01:11,22.1,2,0,7,,0,0,none,0.4999999999999999,0.8660254037844387,0.0106870229007633,0.0030534351145038,0.19649603720470493,0
PAM-01604,crypto_bot,Service Account,backup-db,Tunisia,36.8065,10.1815,SSH,2026-04-29 02:13:13,24.3,2,0,5,,0,0,none,0.4999999999999999,0.8660254037844387,0.0106870229007633,0.0030534351145038,0.19638870319576524,0
PAM-01231,crypto_bot,Service Account,backup-db,Tunisia,36.8065,10.1815,SSH,2026-04-29 02:16:49,40.0,2,0,16,,0,0,none,0.4999999999999999,0.8660254037844387,0.0106870229007633,0.0030534351145038,0.14066039003603387,0
PAM-00394,crypto_bot,Service Account,backup-db,Tunisia,36.8065,10.1815,SSH,2026-04-29 02:57:13,34.0,2,0,8,,0,0,none,0.4999999999999999,0.8660254037844387,0.0106870229007633,0.0030534351145038,0.1808891215385532,0
PAM-01855,jean_dev,Developer,app-dev-01,Tunisia,36.8065,10.1815,SSH,2026-04-29 06:48:54,58.4,6,0,14,,0,0,none,1.0,6.123233995736766e-17,0.2531914893617021,0.0085106382978723,0.06010035107797018,0
PAM-00302,jean_dev,Developer,app-dev-01,Tunisia,36.8065,10.1815,SSH,2026-04-29 08:54:12,20.1,8,0,7,,0,0,none,0.8660254037844387,-0.4999999999999998,0.2531914893617021,0.0085106382978723,0.16973157023173835,0
PAM-01258,marc_netadmin,Network Admin,switch-core-01,Tunisia,36.8065,10.1815,HTTPS,2026-04-29 09:02:16,16.0,9,0,1,,0,0,none,0.7071067811865476,-0.7071067811865475,0.7733887733887734,0.0103950103950103,0.17157290815004878,0
PAM-00946,jean_dev,Developer,app-dev-01,Tunisia,36.8065,10.1815,SSH,2026-04-29 09:34:49,16.6,9,0,1,,0,0,none,0.7071067811865476,-0.7071067811865475,0.2531914893617021,0.0085106382978723,0.177644016229756,0
PAM-00730,jean_dev,Developer,app-dev-01,Tunisia,36.8065,10.1815,SSH,2026-04-29 10:25:49,19.0,10,0,7,,0,0,none,0.4999999999999999,-0.8660254037844387,0.2531914893617021,0.0085106382978723,0.19330660843314418,0
PAM-01896,marc_netadmin,Network Admin,fw-edge-01,Tunisia,36.8065,10.1815,HTTPS,2026-04-29 10:28:37,9.6,10,0,3,,0,0,none,0.4999999999999999,-0.8660254037844387,0.5405405405405406,0.0103950103950103,0.18822325383628696,0
PAM-01585,marc_netadmin,Network Admin,fw-edge-01,Tunisia,36.8065,10.1815,HTTPS,2026-04-29 10:48:47,23.4,10,0,6,,0,0,none,0.4999999999999999,-0.8660254037844387,0.5405405405405406,0.0103950103950103,0.1942773894968008,0
PAM-01738,sara_dba,DBA,backup-db,Tunisia,36.8065,10.1815,SSH,2026-04-29 11:24:38,11.0,11,0,4,,0,0,none,0.258819045102521,-0.9659258262890682,0.740041928721174,0.0188679245283018,0.16153648289598949,0
PAM-01948,sara_dba,DBA,prod-db-01,Tunisia,36.8065,10.1815,SSH,2026-04-29 13:08:58,20.5,13,0,1,,0,0,none,-0.2588190451025208,-0.9659258262890684,0.339622641509434,0.0188679245283018,0.15788784379411686,0
PAM-01458,sara_dba,DBA,backup-db,Tunisia,36.8065,10.1815,SSH,2026-04-29 14:05:38,15.6,14,0,3,,0,0,none,-0.4999999999999997,-0.8660254037844388,0.740041928721174,0.0188679245283018,0.1547312221069312,0
PAM-01694,sara_dba,DBA,prod-db-01,Tunisia,36.8065,10.1815,SSH,2026-04-29 14:40:20,10.1,14,0,2,,0,0,none,-0.4999999999999997,-0.8660254037844388,0.339622641509434,0.0188679245283018,0.16268259311544858,0
PAM-01645,sara_dba,DBA,prod-db-01,Tunisia,36.8065,10.1815,SSH,2026-04-29 15:50:25,27.7,15,0,7,,0,0,none,-0.7071067811865471,-0.7071067811865479,0.339622641509434,0.0188679245283018,0.14107960473843795,0
PAM-01489,sara_dba,DBA,prod-db-01,Tunisia,36.8065,10.1815,SSH,2026-04-29 16:37:36,36.0,16,0,8,,0,0,none,-0.8660254037844385,-0.5000000000000004,0.339622641509434,0.0188679245283018,0.11455406332333562,0
PAM-00842,sara_dba,DBA,prod-db-01,Tunisia,36.8065,10.1815,SSH,2026-04-29 16:51:35,29.6,16,0,8,,0,0,none,-0.8660254037844385,-0.5000000000000004,0.339622641509434,0.0188679245283018,0.1188907213391977,0
PAM-01570,crypto_bot,Service Account,backup-db,Tunisia,36.8065,10.1815,SSH,2026-04-30 02:50:16,11.3,2,0,1,,0,0,none,0.4999999999999999,0.8660254037844387,0.0106870229007633,0.0030534351145038,0.18120395055130484,0
PAM-00176,marc_netadmin,Network Admin,fw-edge-02,North Korea,39.0392,125.7625,HTTPS,2026-04-30 06:09:11,60.9,6,0,13,,0,1,unusual_country,1.0,6.123233995736766e-17,0.7006237006237006,0.997920997920998,-0.06500264836010239,1
PAM-02030,marc_netadmin,Network Admin,fw-edge-01,Tunisia,36.8065,10.1815,HTTPS,2026-04-30 08:03:27,25.5,8,0,6,,0,0,none,0.8660254037844387,-0.4999999999999998,0.5405405405405406,0.0103950103950103,0.17963405908622815,0
PAM-00306,jean_dev,Developer,app-dev-01,Tunisia,36.8065,10.1815,SSH,2026-04-30 09:34:09,24.6,9,0,4,,0,0,none,0.7071067811865476,-0.7071067811865475,0.2531914893617021,0.0085106382978723,0.18785658512506842,0
PAM-01447,jean_dev,Developer,app-dev-01,Tunisia,36.8065,10.1815,SSH,2026-04-30 09:43:19,12.8,9,0,5,,0,0,none,0.7071067811865476,-0.7071067811865475,0.2531914893617021,0.0085106382978723,0.1879490548176111,0
PAM-00759,marc_netadmin,Network Admin,fw-edge-01,Tunisia,36.8065,10.1815,HTTPS,2026-04-30 09:58:36,16.8,9,0,2,,0,0,none,0.7071067811865476,-0.7071067811865475,0.5405405405405406,0.0103950103950103,0.18964991972473288,0
PAM-00569,marc_netadmin,Network Admin,fw-edge-01,Tunisia,36.8065,10.1815,HTTPS,2026-04-30 10:46:18,26.6,10,0,9,,0,0,none,0.4999999999999999,-0.8660254037844387,0.5405405405405406,0.0103950103950103,0.17677589195388022,0
PAM-01210,jean_dev,Developer,app-dev-01,Tunisia,36.8065,10.1815,SSH,2026-04-30 10:58:07,26.2,10,0,9,,0,0,none,0.4999999999999999,-0.8660254037844387,0.2531914893617021,0.0085106382978723,0.18210600889238338,0
PAM-02019,jean_dev,Developer,app-dev-01,Tunisia,36.8065,10.1815,SSH,2026-04-30 11:38:34,10.5,11,0,5,,0,0,none,0.258819045102521,-0.9659258262890682,0.2531914893617021,0.0085106382978723,0.18889146567192017,0
PAM-00152,jean_dev,Developer,git-prod,Tunisia,36.8065,10.1815,SSH,2026-04-30 11:48:43,52.4,11,0,14,,0,0,none,0.258819045102521,-0.9659258262890682,0.7851063829787234,0.0085106382978723,0.10879492880581276,0
PAM-01701,sara_dba,DBA,prod-db-01,Tunisia,36.8065,10.1815,SSH,2026-04-30 13:07:45,16.5,13,0,3,,0,0,none,-0.2588190451025208,-0.9659258262890684,0.339622641509434,0.0188679245283018,0.1693779425522287,0
PAM-00738,sara_dba,DBA,prod-db-01,Tunisia,36.8065,10.1815,SSH,2026-04-30 14:47:35,71.1,14,0,24,,0,0,none,-0.4999999999999997,-0.8660254037844388,0.339622641509434,0.0188679245283018,0.015649528100058152,0
PAM-00904,sara_dba,DBA,prod-db-01,Tunisia,36.8065,10.1815,SSH,2026-04-30 15:11:39,23.5,15,0,8,,0,0,none,-0.7071067811865471,-0.7071067811865479,0.339622641509434,0.0188679245283018,0.1403936667848959,0
PAM-01446,sara_dba,DBA,prod-db-01,Tunisia,36.8065,10.1815,SSH,2026-04-30 16:56:58,25.3,16,0,10,,0,0,none,-0.8660254037844385,-0.5000000000000004,0.339622641509434,0.0188679245283018,0.10886562334325522,0
PAM-01963,sara_dba,DBA,prod-db-01,Tunisia,36.8065,10.1815,SSH,2026-05-01 02:00:56,11.8,2,0,1,,0,1,unusual_hour,0.4999999999999999,0.8660254037844387,0.339622641509434,0.0188679245283018,0.08861996386153259,0
PAM-01925,crypto_bot,Service Account,backup-db,Tunisia,36.8065,10.1815,SSH,2026-05-01 02:07:55,35.8,2,0,8,,0,0,none,0.4999999999999999,0.8660254037844387,0.0106870229007633,0.0030534351145038,0.17931428180154768,0
PAM-00557,crypto_bot,Service Account,backup-db,Tunisia,36.8065,10.1815,SSH,2026-05-01 02:33:58,19.5,2,0,8,,0,0,none,0.4999999999999999,0.8660254037844387,0.0106870229007633,0.0030534351145038,0.1894956642432296,0
PAM-00066,crypto_bot,Service Account,backup-db,Tunisia,36.8065,10.1815,SSH,2026-05-01 03:17:02,18.9,3,0,4,,0,0,none,0.7071067811865476,0.7071067811865476,0.0106870229007633,0.0030534351145038,0.14292694626549263,0
PAM-00294,marc_netadmin,Network Admin,fw-edge-01,Tunisia,36.8065,10.1815,HTTPS,2026-05-01 07:58:54,9.0,7,0,1,,0,0,none,0.9659258262890684,-0.2588190451025206,0.5405405405405406,0.0103950103950103,0.13720860989602401,0
PAM-01774,jean_dev,Developer,app-dev-01,Tunisia,36.8065,10.1815,SSH,2026-05-01 10:25:49,15.5,10,0,8,,0,0,none,0.4999999999999999,-0.8660254037844387,0.2531914893617021,0.0085106382978723,0.1873819400577444,0
PAM-00490,marc_netadmin,Network Admin,fw-edge-02,Tunisia,36.8065,10.1815,HTTPS,2026-05-01 10:29:03,42.2,10,0,11,,0,0,none,0.4999999999999999,-0.8660254037844387,0.7006237006237006,0.0103950103950103,0.15227778386062346,0
PAM-00055,jean_dev,Developer,app-dev-01,Tunisia,36.8065,10.1815,SSH,2026-05-01 10:40:56,32.4,10,0,13,,0,0,none,0.4999999999999999,-0.8660254037844387,0.2531914893617021,0.0085106382978723,0.16614180536916456,0
PAM-01679,jean_dev,Developer,git-prod,Tunisia,36.8065,10.1815,SSH,2026-05-01 11:00:49,25.2,11,0,5,,0,0,none,0.258819045102521,-0.9659258262890682,0.7851063829787234,0.0085106382978723,0.17819204587782922,0
PAM-00860,sara_dba,DBA,prod-db-01,Tunisia,36.8065,10.1815,SSH,2026-05-01 11:03:53,18.8,11,0,2,,0,0,none,0.258819045102521,-0.9659258262890682,0.339622641509434,0.0188679245283018,0.17455973512529527,0
PAM-01422,marc_netadmin,Network Admin,fw-edge-02,Tunisia,36.8065,10.1815,HTTPS,2026-05-01 11:38:07,9.5,11,0,1,,0,0,none,0.258819045102521,-0.9659258262890682,0.7006237006237006,0.0103950103950103,0.1673311164726911,0
PAM-01408,jean_dev,Developer,app-dev-01,Tunisia,36.8065,10.1815,SSH,2026-05-01 11:57:19,28.2,11,0,4,,0,0,none,0.258819045102521,-0.9659258262890682,0.2531914893617021,0.0085106382978723,0.19291648364969505,0
PAM-00374,marc_netadmin,Network Admin,fw-edge-01,Tunisia,36.8065,10.1815,HTTPS,2026-05-01 12:21:40,21.3,12,0,5,,0,0,none,1.2246467991473532e-16,-1.0,0.5405405405405406,0.0103950103950103,0.1757761063881484,0
PAM-00179,sara_dba,DBA,prod-db-01,Tunisia,36.8065,10.1815,SSH,2026-05-01 15:09:22,12.1,15,0,4,DELETE FROM users,1,0,none,-0.7071067811865471,-0.7071067811865479,0.339622641509434,0.0188679245283018,-0.002430768009183515,1
PAM-00202,crypto_bot,Service Account,backup-db,Tunisia,36.8065,10.1815,SSH,2026-05-02 01:59:35,20.6,1,1,4,,0,0,none,0.2588190451025207,0.9659258262890684,0.0106870229007633,0.0030534351145038,0.04156906416813344,0
PAM-00474,crypto_bot,Service Account,backup-db,Tunisia,36.8065,10.1815,SSH,2026-05-02 02:02:33,24.6,2,1,4,,0,0,none,0.4999999999999999,0.8660254037844387,0.0106870229007633,0.0030534351145038,0.13428538935107492,0
PAM-01815,crypto_bot,Service Account,backup-db,Tunisia,36.8065,10.1815,SSH,2026-05-02 02:57:01,36.2,2,1,7,,0,0,none,0.4999999999999999,0.8660254037844387,0.0106870229007633,0.0030534351145038,0.11417273302809788,0
PAM-01617,sara_dba,DBA,prod-db-02,Brazil,-15.7939,-47.8828,SSH,2026-05-02 14:28:31,36.7,14,1,10,,0,1,unusual_country,-0.4999999999999997,-0.8660254037844388,0.9224318658280922,0.9958071278825996,-0.11535723654073671,1
PAM-01444,crypto_bot,Service Account,backup-db,Tunisia,36.8065,10.1815,SSH,2026-05-03 02:03:26,17.0,2,1,7,,0,0,none,0.4999999999999999,0.8660254037844387,0.0106870229007633,0.0030534351145038,0.12788496646150577,0
PAM-00173,crypto_bot,Service Account,backup-db,Tunisia,36.8065,10.1815,SSH,2026-05-03 02:04:45,8.6,2,1,1,,0,0,none,0.4999999999999999,0.8660254037844387,0.0106870229007633,0.0030534351145038,0.08935201045819097,0
PAM-01416,crypto_bot,Service Account,backup-db,Tunisia,36.8065,10.1815,SSH,2026-05-03 02:05:42,52.9,2,1,6,,0,0,none,0.4999999999999999,0.8660254037844387,0.0106870229007633,0.0030534351145038,0.07692466213985272,0
PAM-01597,crypto_bot,Service Account,prod-db-02,Tunisia,36.8065,10.1815,SSH,2026-05-03 02:16:21,40.8,2,1,9,,0,1,unusual_asset,0.4999999999999999,0.8660254037844387,0.9969465648854962,0.0030534351145038,-0.013248939796378867,1
PAM-01655,crypto_bot,Service Account,backup-db,Tunisia,36.8065,10.1815,SSH,2026-05-03 02:32:41,19.7,2,1,3,,0,0,none,0.4999999999999999,0.8660254037844387,0.0106870229007633,0.0030534351145038,0.1292194329505406,0
PAM-02021,crypto_bot,Service Account,backup-db,Tunisia,36.8065,10.1815,SSH,2026-05-03 02:33:20,15.6,2,1,9,,0,0,none,0.4999999999999999,0.8660254037844387,0.0106870229007633,0.0030534351145038,0.10799606388687433,0
PAM-02048,crypto_bot,Service Account,backup-db,Tunisia,36.8065,10.1815,SSH,2026-05-03 02:39:43,14.9,2,1,3,,0,0,none,0.4999999999999999,0.8660254037844387,0.0106870229007633,0.0030534351145038,0.13145756516166607,0
PAM-00729,crypto_bot,Service Account,backup-db,Tunisia,36.8065,10.1815,SSH,2026-05-03 03:02:00,21.5,3,1,4,,0,0,none,0.7071067811865476,0.7071067811865476,0.0106870229007633,0.0030534351145038,0.05249314037014485,0
PAM-00060,crypto_bot,Service Account,backup-db,Tunisia,36.8065,10.1815,SSH,2026-05-03 03:04:04,23.4,3,1,8,,0,0,none,0.7071067811865476,0.7071067811865476,0.0106870229007633,0.0030534351145038,0.04713049419524584,0
PAM-01557,crypto_bot,Service Account,backup-db,Tunisia,36.8065,10.1815,SSH,2026-05-03 03:24:11,18.5,3,1,5,,0,0,none,0.7071067811865476,0.7071067811865476,0.0106870229007633,0.0030534351145038,0.054443670896682006,0
PAM-00703,crypto_bot,Service Account,backup-db,Tunisia,36.8065,10.1815,SSH,2026-05-04 02:25:26,19.7,2,0,6,,0,0,none,0.4999999999999999,0.8660254037844387,0.0106870229007633,0.0030534351145038,0.19872089685752187,0
PAM-00714,crypto_bot,Service Account,backup-db,North Korea,39.0392,125.7625,SSH,2026-05-04 02:45:36,15.9,2,0,6,,0,1,unusual_country,0.4999999999999999,0.8660254037844387,0.0106870229007633,0.998473282442748,0.01435849906311315,0
PAM-01232,crypto_bot,Service Account,backup-db,Tunisia,36.8065,10.1815,SSH,2026-05-04 02:53:01,15.2,2,0,5,,0,0,none,0.4999999999999999,0.8660254037844387,0.0106870229007633,0.0030534351145038,0.19825881844153365,0
PAM-00817,marc_netadmin,Network Admin,switch-core-01,Tunisia,36.8065,10.1815,HTTPS,2026-05-04 07:50:30,14.5,7,0,5,,0,0,none,0.9659258262890684,-0.2588190451025206,0.7733887733887734,0.0103950103950103,0.15025030003943707,0
PAM-01739,marc_netadmin,Network Admin,fw-edge-01,Tunisia,36.8065,10.1815,HTTPS,2026-05-04 07:56:47,12.6,7,0,2,DROP TABLE,1,0,none,0.9659258262890684,-0.2588190451025206,0.5405405405405406,0.0103950103950103,-0.00289300501759171,1
PAM-01002,jean_dev,Developer,git-prod,Tunisia,36.8065,10.1815,SSH,2026-05-04 09:23:17,49.9,9,0,13,,0,0,none,0.7071067811865476,-0.7071067811865475,0.7851063829787234,0.0085106382978723,0.12730408220477912,0
PAM-01135,marc_netadmin,Network Admin,fw-edge-02,Tunisia,36.8065,10.1815,HTTPS,2026-05-04 09:36:23,38.9,9,0,3,,0,0,none,0.7071067811865476,-0.7071067811865475,0.7006237006237006,0.0103950103950103,0.16467691580691968,0
PAM-01890,marc_netadmin,Network Admin,fw-edge-01,Tunisia,36.8065,10.1815,HTTPS,2026-05-04 10:18:45,24.7,10,0,7,,0,0,none,0.4999999999999999,-0.8660254037844387,0.5405405405405406,0.0103950103950103,0.1886666090822809,0
PAM-01770,jean_dev,Developer,app-dev-01,Tunisia,36.8065,10.1815,SSH,2026-05-04 10:20:29,27.6,10,0,6,,0,0,none,0.4999999999999999,-0.8660254037844387,0.2531914893617021,0.0085106382978723,0.19427644127234006,0
PAM-01467,marc_netadmin,Network Admin,fw-edge-01,Tunisia,36.8065,10.1815,HTTPS,2026-05-04 11:00:56,26.4,11,0,10,,0,0,none,0.258819045102521,-0.9659258262890682,0.5405405405405406,0.0103950103950103,0.16482473959361077,0
PAM-01919,jean_dev,Developer,app-dev-01,Tunisia,36.8065,10.1815,SSH,2026-05-04 11:31:58,19.0,11,0,4,,0,0,none,0.258819045102521,-0.9659258262890682,0.2531914893617021,0.0085106382978723,0.1953229314699384,0
PAM-01828,marc_netadmin,Network Admin,fw-edge-01,Tunisia,36.8065,10.1815,HTTPS,2026-05-04 11:35:06,13.8,11,0,5,,0,0,none,0.258819045102521,-0.9659258262890682,0.5405405405405406,0.0103950103950103,0.18830128506407323,0
PAM-01427,jean_dev,Developer,app-dev-01,Tunisia,36.8065,10.1815,SSH,2026-05-04 12:19:34,19.6,12,0,6,,0,0,none,1.2246467991473532e-16,-1.0,0.2531914893617021,0.0085106382978723,0.17951328591435328,0
PAM-01168,sara_dba,DBA,prod-db-01,Tunisia,36.8065,10.1815,SSH,2026-05-04 12:59:31,32.3,12,0,8,,0,0,none,1.2246467991473532e-16,-1.0,0.339622641509434,0.0188679245283018,0.15544360515738515,0
PAM-00888,sara_dba,DBA,prod-db-01,Brazil,-15.7939,-47.8828,SSH,2026-05-04 13:51:35,69.7,13,0,18,,0,1,unusual_country,-0.2588190451025208,-0.9659258262890684,0.339622641509434,0.9958071278825996,-0.054662379248356596,1
PAM-01484,sara_dba,DBA,prod-db-01,Tunisia,36.8065,10.1815,SSH,2026-05-04 14:10:00,27.7,14,0,7,,0,0,none,-0.4999999999999997,-0.8660254037844388,0.339622641509434,0.0188679245283018,0.1595983625189647,0
PAM-00188,sara_dba,DBA,prod-db-02,Tunisia,36.8065,10.1815,SSH,2026-05-04 14:46:03,15.2,14,0,4,,0,0,none,-0.4999999999999997,-0.8660254037844388,0.9224318658280922,0.0188679245283018,0.1140659944528093,0
PAM-00649,crypto_bot,Service Account,backup-db,Tunisia,36.8065,10.1815,SSH,2026-05-05 02:16:17,5.9,2,0,1,,0,0,none,0.4999999999999999,0.8660254037844387,0.0106870229007633,0.0030534351145038,0.16225320519236613,0
PAM-01723,crypto_bot,Service Account,backup-db,Tunisia,36.8065,10.1815,SSH,2026-05-05 02:23:29,15.7,2,0,4,,0,0,none,0.4999999999999999,0.8660254037844387,0.0106870229007633,0.0030534351145038,0.19966862685958142,0
PAM-01628,crypto_bot,Service Account,backup-db,Tunisia,36.8065,10.1815,SSH,2026-05-05 03:14:10,45.4,3,0,2,,0,0,none,0.7071067811865476,0.7071067811865476,0.0106870229007633,0.0030534351145038,0.09554962748400725,0
PAM-01176,jean_dev,Developer,app-dev-01,Tunisia,36.8065,10.1815,SSH,2026-05-05 05:58:34,16.2,5,0,3,,0,0,none,0.9659258262890684,0.2588190451025207,0.2531914893617021,0.0085106382978723,0.12494169308165759,0
PAM-01887,marc_netadmin,Network Admin,fw-edge-01,Tunisia,36.8065,10.1815,HTTPS,2026-05-05 06:56:04,34.7,6,0,18,,0,0,none,1.0,6.123233995736766e-17,0.5405405405405406,0.0103950103950103,0.07796870490146546,0
PAM-00519,jean_dev,Developer,git-prod,Tunisia,36.8065,10.1815,SSH,2026-05-05 08:49:39,15.8,8,0,5,,0,0,none,0.8660254037844387,-0.4999999999999998,0.7851063829787234,0.0085106382978723,0.17004785042943044,0
PAM-00683,jean_dev,Developer,app-dev-01,Tunisia,36.8065,10.1815,SSH,2026-05-05 08:59:14,8.5,8,0,2,,0,0,none,0.8660254037844387,-0.4999999999999998,0.2531914893617021,0.0085106382978723,0.16201618347280916,0
PAM-01372,jean_dev,Developer,app-dev-01,Tunisia,36.8065,10.1815,SSH,2026-05-05 09:02:47,30.2,9,0,8,,0,0,none,0.7071067811865476,-0.7071067811865475,0.2531914893617021,0.0085106382978723,0.18493147478245864,0
PAM-01548,marc_netadmin,Network Admin,fw-edge-01,Tunisia,36.8065,10.1815,HTTPS,2026-05-05 09:13:22,15.7,9,0,7,,0,0,none,0.7071067811865476,-0.7071067811865475,0.5405405405405406,0.0103950103950103,0.18912520755688184,0
PAM-00981,jean_dev,Developer,app-dev-01,Tunisia,36.8065,10.1815,SSH,2026-05-05 09:49:30,5.4,9,0,1,chmod 777,1,0,none,0.7071067811865476,-0.7071067811865475,0.2531914893617021,0.0085106382978723,-0.005166827522858686,1
PAM-01472,marc_netadmin,Network Admin,fw-edge-01,Tunisia,36.8065,10.1815,HTTPS,2026-05-05 09:50:14,39.7,9,0,18,,0,0,none,0.7071067811865476,-0.7071067811865475,0.5405405405405406,0.0103950103950103,0.12877189981199932,0
PAM-01436,jean_dev,Developer,app-dev-01,Tunisia,36.8065,10.1815,SSH,2026-05-05 10:01:56,13.5,10,0,2,,0,0,none,0.4999999999999999,-0.8660254037844387,0.2531914893617021,0.0085106382978723,0.19410655766857932,0
PAM-01237,jean_dev,Developer,app-dev-01,Tunisia,36.8065,10.1815,SSH,2026-05-05 10:55:23,68.6,10,0,20,,0,0,none,0.4999999999999999,-0.8660254037844387,0.2531914893617021,0.0085106382978723,0.07198215202445213,0
PAM-00959,marc_netadmin,Network Admin,fw-edge-01,Tunisia,36.8065,10.1815,HTTPS,2026-05-05 11:11:04,15.9,11,0,6,,0,0,none,0.258819045102521,-0.9659258262890682,0.5405405405405406,0.0103950103950103,0.18770856787120005,0
PAM-00898,jean_dev,Developer,app-dev-01,Tunisia,36.8065,10.1815,SSH,2026-05-05 11:40:02,18.5,11,0,5,,0,0,none,0.258819045102521,-0.9659258262890682,0.2531914893617021,0.0085106382978723,0.19586214791662077,0
PAM-00918,marc_netadmin,Network Admin,fw-edge-01,Tunisia,36.8065,10.1815,HTTPS,2026-05-05 11:47:01,21.3,11,0,7,,0,0,none,0.258819045102521,-0.9659258262890682,0.5405405405405406,0.0103950103950103,0.18583682963773185,0
PAM-00747,marc_netadmin,Network Admin,switch-core-01,Tunisia,36.8065,10.1815,HTTPS,2026-05-05 11:48:46,18.6,11,0,5,,0,0,none,0.258819045102521,-0.9659258262890682,0.7733887733887734,0.0103950103950103,0.18411538547312023,0
PAM-00333,sara_dba,DBA,prod-db-01,Tunisia,36.8065,10.1815,SSH,2026-05-05 11:54:42,9.2,11,0,3,,0,0,none,0.258819045102521,-0.9659258262890682,0.339622641509434,0.0188679245283018,0.170601626471722,0
PAM-01639,sara_dba,DBA,prod-db-01,Tunisia,36.8065,10.1815,SSH,2026-05-05 11:57:00,11.9,11,0,2,,0,0,none,0.258819045102521,-0.9659258262890682,0.339622641509434,0.0188679245283018,0.17071054760732718,0
PAM-00106,sara_dba,DBA,prod-db-01,Tunisia,36.8065,10.1815,SSH,2026-05-05 12:34:26,14.6,12,0,7,,0,0,none,1.2246467991473532e-16,-1.0,0.339622641509434,0.0188679245283018,0.1644301158605433,0
PAM-00044,marc_netadmin,Network Admin,fw-edge-02,Tunisia,36.8065,10.1815,HTTPS,2026-05-05 12:49:06,35.1,12,0,8,,0,0,none,1.2246467991473532e-16,-1.0,0.7006237006237006,0.0103950103950103,0.15232630310097767,0
PAM-01817,sara_dba,DBA,prod-db-01,Tunisia,36.8065,10.1815,SSH,2026-05-05 14:43:06,10.7,14,0,2,,0,0,none,-0.4999999999999997,-0.8660254037844388,0.339622641509434,0.0188679245283018,0.16335959407714934,0
PAM-01301,sara_dba,DBA,prod-db-01,Tunisia,36.8065,10.1815,SSH,2026-05-05 14:43:14,22.7,14,0,9,,0,0,none,-0.4999999999999997,-0.8660254037844388,0.339622641509434,0.0188679245283018,0.1518062279846693,0
PAM-00865,sara_dba,DBA,prod-db-01,Tunisia,36.8065,10.1815,SSH,2026-05-05 14:47:33,9.9,14,0,1,,0,0,none,-0.4999999999999997,-0.8660254037844388,0.339622641509434,0.0188679245283018,0.1537169960497609,0
PAM-00425,sara_dba,DBA,backup-db,Tunisia,36.8065,10.1815,SSH,2026-05-05 16:38:59,10.7,16,0,4,,0,0,none,-0.8660254037844385,-0.5000000000000004,0.740041928721174,0.0188679245283018,0.11282797771497244,0
PAM-00073,crypto_bot,Service Account,backup-db,Tunisia,36.8065,10.1815,SSH,2026-05-06 02:03:58,8.2,2,0,2,,0,0,none,0.4999999999999999,0.8660254037844387,0.0106870229007633,0.0030534351145038,0.18360805557820703,0
PAM-01584,crypto_bot,Service Account,backup-db,Tunisia,36.8065,10.1815,SSH,2026-05-06 02:17:58,23.9,2,0,2,,0,0,none,0.4999999999999999,0.8660254037844387,0.0106870229007633,0.0030534351145038,0.18977487070623228,0
PAM-01150,crypto_bot,Service Account,backup-db,Tunisia,36.8065,10.1815,SSH,2026-05-06 02:43:45,39.2,2,0,10,,0,0,none,0.4999999999999999,0.8660254037844387,0.0106870229007633,0.0030534351145038,0.16615947075288973,0
PAM-00840,crypto_bot,Service Account,backup-db,Tunisia,36.8065,10.1815,SSH,2026-05-06 03:21:08,14.3,3,0,5,,0,0,none,0.7071067811865476,0.7071067811865476,0.0106870229007633,0.0030534351145038,0.1412762942894712,0
PAM-01179,jean_dev,Developer,git-prod,Tunisia,36.8065,10.1815,SSH,2026-05-06 08:20:43,20.2,8,0,4,,0,0,none,0.8660254037844387,-0.4999999999999998,0.7851063829787234,0.0085106382978723,0.16960516041908807,0
PAM-00421,jean_dev,Developer,app-dev-01,Tunisia,36.8065,10.1815,SSH,2026-05-06 08:29:33,9.4,8,0,1,chmod 777,1,0,none,0.8660254037844387,-0.4999999999999998,0.2531914893617021,0.0085106382978723,-0.00012801862984290757,1
PAM-00308,marc_netadmin,Network Admin,fw-edge-01,Tunisia,36.8065,10.1815,HTTPS,2026-05-06 08:45:09,34.7,8,0,5,,0,0,none,0.8660254037844387,-0.4999999999999998,0.5405405405405406,0.0103950103950103,0.17333276945178128,0
PAM-01596,jean_dev,Developer,app-dev-01,Tunisia,36.8065,10.1815,SSH,2026-05-06 09:00:14,34.4,9,0,6,,0,0,none,0.7071067811865476,-0.7071067811865475,0.2531914893617021,0.0085106382978723,0.1819186289719968,0
PAM-00304,marc_netadmin,Network Admin,switch-core-01,Tunisia,36.8065,10.1815,HTTPS,2026-05-06 10:55:43,13.0,10,0,1,,0,0,none,0.4999999999999999,-0.8660254037844387,0.7733887733887734,0.0103950103950103,0.1736355750346642,0
PAM-01950,jean_dev,Developer,app-dev-01,Tunisia,36.8065,10.1815,SSH,2026-05-06 11:10:34,21.2,11,0,8,,0,0,none,0.258819045102521,-0.9659258262890682,0.2531914893617021,0.0085106382978723,0.1870872087155579,0
PAM-01129,sara_dba,DBA,prod-db-01,Tunisia,36.8065,10.1815,SSH,2026-05-06 11:17:57,20.3,11,0,3,,0,0,none,0.258819045102521,-0.9659258262890682,0.339622641509434,0.0188679245283018,0.17444833180537822,0
PAM-01026,jean_dev,Developer,git-prod,Tunisia,36.8065,10.1815,SSH,2026-05-06 11:18:40,9.6,11,0,3,,0,0,none,0.258819045102521,-0.9659258262890682,0.7851063829787234,0.0085106382978723,0.1734769464537549,0
PAM-01881,jean_dev,Developer,app-dev-01,Tunisia,36.8065,10.1815,SSH,2026-05-06 13:59:38,66.7,13,0,16,,0,0,none,-0.2588190451025208,-0.9659258262890684,0.2531914893617021,0.0085106382978723,0.058438242583844335,0
PAM-02000,sara_dba,DBA,prod-db-01,Tunisia,36.8065,10.1815,SSH,2026-05-06 14:04:36,20.9,14,0,5,,0,0,none,-0.4999999999999997,-0.8660254037844388,0.339622641509434,0.0188679245283018,0.16956858058952395,0
PAM-00970,sara_dba,DBA,prod-db-01,Tunisia,36.8065,10.1815,SSH,2026-05-06 16:48:57,7.7,16,0,1,,0,0,none,-0.8660254037844385,-0.5000000000000004,0.339622641509434,0.0188679245283018,0.11113773961515189,0
PAM-00205,crypto_bot,Service Account,backup-db,Tunisia,36.8065,10.1815,SSH,2026-05-07 01:09:51,35.1,1,0,13,,0,0,none,0.2588190451025207,0.9659258262890684,0.0106870229007633,0.0030534351145038,0.08023963212331442,0
PAM-01577,crypto_bot,Service Account,backup-db,Tunisia,36.8065,10.1815,SSH,2026-05-07 03:33:34,23.7,3,0,6,,0,0,none,0.7071067811865476,0.7071067811865476,0.0106870229007633,0.0030534351145038,0.13759970617669076,0
PAM-00313,marc_netadmin,Network Admin,fw-edge-01,Tunisia,36.8065,10.1815,HTTPS,2026-05-07 06:30:18,6.1,6,0,1,,0,0,none,1.0,6.123233995736766e-17,0.5405405405405406,0.0103950103950103,0.11370675489816973,0
PAM-01493,marc_netadmin,Network Admin,fw-edge-02,Tunisia,36.8065,10.1815,HTTPS,2026-05-07 07:33:27,27.5,7,0,4,,0,0,none,0.9659258262890684,-0.2588190451025206,0.7006237006237006,0.0103950103950103,0.14800395183728715,0
PAM-01747,jean_dev,Developer,app-dev-01,Tunisia,36.8065,10.1815,SSH,2026-05-07 08:46:54,17.5,8,0,6,,0,0,none,0.8660254037844387,-0.4999999999999998,0.2531914893617021,0.0085106382978723,0.1728679997426898,0
PAM-01074,marc_netadmin,Network Admin,fw-edge-02,Tunisia,36.8065,10.1815,HTTPS,2026-05-07 09:16:23,15.9,9,0,1,,0,0,none,0.7071067811865476,-0.7071067811865475,0.7006237006237006,0.0103950103950103,0.17512832606911072,0
PAM-00039,jean_dev,Developer,app-dev-01,Tunisia,36.8065,10.1815,SSH,2026-05-07 09:53:26,8.7,9,0,1,,0,0,none,0.7071067811865476,-0.7071067811865475,0.2531914893617021,0.0085106382978723,0.16881101846174357,0
PAM-01829,sara_dba,DBA,prod-db-01,Tunisia,36.8065,10.1815,SSH,2026-05-07 10:33:33,19.1,10,0,4,,0,0,none,0.4999999999999999,-0.8660254037844387,0.339622641509434,0.0188679245283018,0.1716072773512265,0
PAM-01146,jean_dev,Developer,app-dev-01,Tunisia,36.8065,10.1815,SSH,2026-05-07 10:50:19,12.2,10,0,3,,0,0,none,0.4999999999999999,-0.8660254037844387,0.2531914893617021,0.0085106382978723,0.19302999972527263,0
PAM-01987,jean_dev,Developer,app-dev-01,Tunisia,36.8065,10.1815,SSH,2026-05-07 11:43:51,37.3,11,0,12,,0,0,none,0.258819045102521,-0.9659258262890682,0.2531914893617021,0.0085106382978723,0.16230829220608578,0
PAM-01157,marc_netadmin,Network Admin,fw-edge-01,Tunisia,36.8065,10.1815,HTTPS,2026-05-07 13:24:33,30.7,13,0,8,,0,0,none,-0.2588190451025208,-0.9659258262890684,0.5405405405405406,0.0103950103950103,0.14319546031710145,0
PAM-00258,sara_dba,DBA,prod-db-01,Tunisia,36.8065,10.1815,SSH,2026-05-07 14:02:00,7.5,14,0,4,,0,0,none,-0.4999999999999997,-0.8660254037844388,0.339622641509434,0.0188679245283018,0.15532235158636065,0
PAM-01730,sara_dba,DBA,backup-db,Tunisia,36.8065,10.1815,SSH,2026-05-07 14:50:36,27.4,14,0,9,,0,0,none,-0.4999999999999997,-0.8660254037844388,0.740041928721174,0.0188679245283018,0.1342319761394284,0
PAM-01642,sara_dba,DBA,prod-db-02,Tunisia,36.8065,10.1815,SSH,2026-05-07 15:00:09,29.5,15,0,9,,0,0,none,-0.7071067811865471,-0.7071067811865479,0.9224318658280922,0.0188679245283018,0.07538512160972766,0
PAM-00600,sara_dba,DBA,prod-db-01,Tunisia,36.8065,10.1815,SSH,2026-05-07 15:58:56,13.6,15,0,1,,0,0,none,-0.7071067811865471,-0.7071067811865479,0.339622641509434,0.0188679245283018,0.137532061914295,0
PAM-00821,crypto_bot,Service Account,backup-db,Tunisia,36.8065,10.1815,SSH,2026-05-08 02:37:43,24.2,2,0,13,,0,0,none,0.4999999999999999,0.8660254037844387,0.0106870229007633,0.0030534351145038,0.1609436410171336,0
PAM-01125,crypto_bot,Service Account,backup-db,Tunisia,36.8065,10.1815,SSH,2026-05-08 02:58:23,9.4,2,0,3,,0,0,none,0.4999999999999999,0.8660254037844387,0.0106870229007633,0.0030534351145038,0.19062452641610383,0
PAM-00872,marc_netadmin,Network Admin,switch-core-01,Tunisia,36.8065,10.1815,HTTPS,2026-05-08 03:07:59,21.2,3,0,3,,0,1,unusual_hour,0.7071067811865476,0.7071067811865476,0.7733887733887734,0.0103950103950103,0.10228240456116755,0
PAM-01138,marc_netadmin,Network Admin,fw-edge-02,Tunisia,36.8065,10.1815,HTTPS,2026-05-08 04:30:36,16.4,4,0,5,,0,0,none,0.8660254037844386,0.5000000000000001,0.7006237006237006,0.0103950103950103,0.11340297602796923,0
PAM-02052,jean_dev,Developer,app-dev-01,Tunisia,36.8065,10.1815,SSH,2026-05-08 06:22:13,27.6,6,0,10,,0,0,none,1.0,6.123233995736766e-17,0.2531914893617021,0.0085106382978723,0.11647265009710084,0
PAM-00045,marc_netadmin,Network Admin,fw-edge-02,Tunisia,36.8065,10.1815,HTTPS,2026-05-08 08:10:36,9.1,8,0,1,,0,0,none,0.8660254037844387,-0.4999999999999998,0.7006237006237006,0.0103950103950103,0.16285353966757254,0
PAM-00048,jean_dev,Developer,git-prod,Tunisia,36.8065,10.1815,SSH,2026-05-08 08:28:35,36.2,8,0,10,,0,0,none,0.8660254037844387,-0.4999999999999998,0.7851063829787234,0.0085106382978723,0.14246564900178826,0
PAM-01311,jean_dev,Developer,app-dev-01,Tunisia,36.8065,10.1815,SSH,2026-05-08 09:04:35,34.2,9,0,8,,0,0,none,0.7071067811865476,-0.7071067811865475,0.2531914893617021,0.0085106382978723,0.18196537147498193,0
PAM-01226,marc_netadmin,Network Admin,fw-edge-01,Tunisia,36.8065,10.1815,HTTPS,2026-05-08 09:46:57,72.1,9,0,16,,0,0,none,0.7071067811865476,-0.7071067811865475,0.5405405405405406,0.0103950103950103,0.0979501248268948,0
PAM-01999,jean_dev,Developer,app-dev-01,Tunisia,36.8065,10.1815,SSH,2026-05-08 09:50:55,20.0,9,0,2,,0,0,none,0.7071067811865476,-0.7071067811865475,0.2531914893617021,0.0085106382978723,0.1886789951866158,0
PAM-00511,marc_netadmin,Network Admin,fw-edge-02,Tunisia,36.8065,10.1815,HTTPS,2026-05-08 09:59:33,26.9,9,0,8,,0,0,none,0.7071067811865476,-0.7071067811865475,0.7006237006237006,0.0103950103950103,0.17939873020680053,0
PAM-01147,jean_dev,Developer,app-staging,Tunisia,36.8065,10.1815,SSH,2026-05-08 10:22:47,361.7,10,0,91,,0,1,unusual_duration,0.4999999999999999,-0.8660254037844387,0.9659574468085106,0.0085106382978723,-0.12180823977779798,1
PAM-02006,marc_netadmin,Network Admin,fw-edge-02,Tunisia,36.8065,10.1815,HTTPS,2026-05-08 13:24:28,15.6,13,0,4,,0,0,none,-0.2588190451025208,-0.9659258262890684,0.7006237006237006,0.0103950103950103,0.14945116168059885,0
PAM-01889,sara_dba,DBA,backup-db,Tunisia,36.8065,10.1815,SSH,2026-05-08 14:02:39,85.3,14,0,19,,0,0,none,-0.4999999999999997,-0.8660254037844388,0.740041928721174,0.0188679245283018,0.02236186897798431,0
PAM-00270,sara_dba,DBA,prod-db-01,Tunisia,36.8065,10.1815,SSH,2026-05-08 14:54:57,21.2,14,0,3,,0,0,none,-0.4999999999999997,-0.8660254037844388,0.339622641509434,0.0188679245283018,0.16752456312363317,0
PAM-01417,sara_dba,DBA,prod-db-01,Tunisia,36.8065,10.1815,SSH,2026-05-08 17:31:56,20.8,17,0,6,,0,0,none,-0.9659258262890684,-0.2588190451025206,0.339622641509434,0.0188679245283018,0.11517552692586164,0
PAM-01227,crypto_bot,Service Account,backup-db,Tunisia,36.8065,10.1815,SSH,2026-05-09 02:06:39,20.6,2,1,6,,0,0,none,0.4999999999999999,0.8660254037844387,0.0106870229007633,0.0030534351145038,0.13534161715781934,0
PAM-01402,crypto_bot,Service Account,backup-db,Tunisia,36.8065,10.1815,SSH,2026-05-09 02:18:27,13.5,2,1,5,,0,0,none,0.4999999999999999,0.8660254037844387,0.0106870229007633,0.0030534351145038,0.13283416561021,0
PAM-01664,crypto_bot,Service Account,backup-db,Tunisia,36.8065,10.1815,SSH,2026-05-09 02:41:52,8.9,2,1,2,DROP TABLE,1,0,none,0.4999999999999999,0.8660254037844387,0.0106870229007633,0.0030534351145038,-0.023477149537059705,1
PAM-00887,crypto_bot,Service Account,backup-db,Tunisia,36.8065,10.1815,SSH,2026-05-09 02:47:37,24.3,2,1,5,,0,1,unusual_hour,0.4999999999999999,0.8660254037844387,0.0106870229007633,0.0030534351145038,0.13598173278389686,0
PAM-00710,crypto_bot,Service Account,backup-db,Tunisia,36.8065,10.1815,SSH,2026-05-09 02:54:13,20.4,2,1,6,,0,0,none,0.4999999999999999,0.8660254037844387,0.0106870229007633,0.0030534351145038,0.13534161715781934,0
PAM-00700,crypto_bot,Service Account,backup-db,Tunisia,36.8065,10.1815,SSH,2026-05-09 02:57:16,33.1,2,1,5,,0,0,none,0.4999999999999999,0.8660254037844387,0.0106870229007633,0.0030534351145038,0.1185251844496158,0
PAM-01990,crypto_bot,Service Account,backup-db,Tunisia,36.8065,10.1815,SSH,2026-05-09 03:41:16,19.1,3,1,4,,0,0,none,0.7071067811865476,0.7071067811865476,0.0106870229007633,0.0030534351145038,0.05218715801082585,0
PAM-00497,crypto_bot,Service Account,backup-db,Tunisia,36.8065,10.1815,SSH,2026-05-10 01:28:08,14.2,1,1,5,,0,0,none,0.2588190451025207,0.9659258262890684,0.0106870229007633,0.0030534351145038,0.03667834851264584,0
PAM-00466,crypto_bot,Service Account,backup-db,Tunisia,36.8065,10.1815,SSH,2026-05-10 02:44:15,34.0,2,1,6,,0,0,none,0.4999999999999999,0.8660254037844387,0.0106870229007633,0.0030534351145038,0.11781598838692992,0
PAM-00652,crypto_bot,Service Account,backup-db,Tunisia,36.8065,10.1815,SSH,2026-05-10 02:58:54,50.8,2,1,10,,0,0,none,0.4999999999999999,0.8660254037844387,0.0106870229007633,0.0030534351145038,0.08025963751297527,0
PAM-01042,crypto_bot,Service Account,backup-db,Tunisia,36.8065,10.1815,SSH,2026-05-11 02:00:47,30.4,2,0,8,,0,0,none,0.4999999999999999,0.8660254037844387,0.0106870229007633,0.0030534351145038,0.18768876392890438,0
PAM-01421,crypto_bot,Service Account,backup-db,Tunisia,36.8065,10.1815,SSH,2026-05-11 02:12:46,10.8,2,0,4,,0,0,none,0.4999999999999999,0.8660254037844387,0.0106870229007633,0.0030534351145038,0.1924770420070761,0
PAM-01502,crypto_bot,Service Account,backup-db,Tunisia,36.8065,10.1815,SSH,2026-05-11 02:46:04,42.8,2,0,11,,0,0,none,0.4999999999999999,0.8660254037844387,0.0106870229007633,0.0030534351145038,0.15815441976151706,0
PAM-01255,crypto_bot,Service Account,backup-db,Tunisia,36.8065,10.1815,SSH,2026-05-11 02:50:42,20.8,2,0,4,,0,0,none,0.4999999999999999,0.8660254037844387,0.0106870229007633,0.0030534351145038,0.1983868057123785,0
PAM-00809,crypto_bot,Service Account,backup-db,Tunisia,36.8065,10.1815,SSH,2026-05-11 02:52:44,34.5,2,0,5,,0,0,none,0.4999999999999999,0.8660254037844387,0.0106870229007633,0.0030534351145038,0.17954354787707527,0
PAM-00783,marc_netadmin,Network Admin,fw-edge-01,Tunisia,36.8065,10.1815,HTTPS,2026-05-11 06:40:09,32.2,6,0,9,,0,0,none,1.0,6.123233995736766e-17,0.5405405405405406,0.0103950103950103,0.12067315264942519,0
PAM-01452,jean_dev,Developer,git-prod,Tunisia,36.8065,10.1815,SSH,2026-05-11 08:02:13,18.8,8,0,2,,0,0,none,0.8660254037844387,-0.4999999999999998,0.7851063829787234,0.0085106382978723,0.16822807636592074,0
PAM-01409,sara_dba,DBA,prod-db-01,Tunisia,36.8065,10.1815,SSH,2026-05-11 09:10:04,14.1,9,0,5,,0,0,none,0.7071067811865476,-0.7071067811865475,0.339622641509434,0.0188679245283018,0.15965663451955175,0
PAM-02044,sara_dba,DBA,prod-db-01,Tunisia,36.8065,10.1815,SSH,2026-05-11 13:34:32,46.4,13,0,16,,0,0,none,-0.2588190451025208,-0.9659258262890684,0.339622641509434,0.0188679245283018,0.09324708168950119,0
PAM-01670,sara_dba,DBA,backup-db,Tunisia,36.8065,10.1815,SSH,2026-05-11 14:21:51,11.8,14,0,1,,0,0,none,-0.4999999999999997,-0.8660254037844388,0.740041928721174,0.0188679245283018,0.13433247048009173,0
PAM-01624,marc_netadmin,Network Admin,fw-edge-01,Tunisia,36.8065,10.1815,HTTPS,2026-05-11 15:05:08,5.8,15,0,2,,0,0,none,-0.7071067811865471,-0.7071067811865479,0.5405405405405406,0.0103950103950103,0.11381993529254619,0
PAM-00721,sara_dba,DBA,backup-db,Tunisia,36.8065,10.1815,SSH,2026-05-11 15:17:04,14.8,15,0,4,,0,0,none,-0.7071067811865471,-0.7071067811865479,0.740041928721174,0.0188679245283018,0.13635650513335112,0
PAM-01976,sara_dba,DBA,backup-db,Tunisia,36.8065,10.1815,SSH,2026-05-11 17:00:10,25.5,17,0,6,,0,0,none,-0.9659258262890684,-0.2588190451025206,0.740041928721174,0.0188679245283018,0.09234068350896268,0
PAM-00279,crypto_bot,Service Account,backup-db,Tunisia,36.8065,10.1815,SSH,2026-05-12 02:01:23,11.3,2,0,3,,0,0,none,0.4999999999999999,0.8660254037844387,0.0106870229007633,0.0030534351145038,0.1933920085249411,0
PAM-02018,crypto_bot,Service Account,backup-db,Tunisia,36.8065,10.1815,SSH,2026-05-12 02:14:14,9.7,2,0,3,,0,0,none,0.4999999999999999,0.8660254037844387,0.0106870229007633,0.0030534351145038,0.19093948679954886,0
PAM-00635,crypto_bot,Service Account,backup-db,Tunisia,36.8065,10.1815,SSH,2026-05-12 02:46:03,16.1,2,0,3,,0,0,none,0.4999999999999999,0.8660254037844387,0.0106870229007633,0.0030534351145038,0.19882979062191725,0
PAM-00301,crypto_bot,Service Account,backup-db,Tunisia,36.8065,10.1815,SSH,2026-05-12 02:58:13,8.9,2,0,2,,0,0,none,0.4999999999999999,0.8660254037844387,0.0106870229007633,0.0030534351145038,0.1854688792586695,0
PAM-01834,jean_dev,Developer,app-dev-01,Tunisia,36.8065,10.1815,SSH,2026-05-12 06:12:18,38.8,6,0,12,,0,0,none,1.0,6.123233995736766e-17,0.2531914893617021,0.0085106382978723,0.0973190858284716,0
PAM-00802,marc_netadmin,Network Admin,fw-edge-02,Tunisia,36.8065,10.1815,HTTPS,2026-05-12 06:25:17,85.0,6,0,23,,0,0,none,1.0,6.123233995736766e-17,0.7006237006237006,0.0103950103950103,0.004088269675866285,0
PAM-00679,marc_netadmin,Network Admin,fw-edge-01,Tunisia,36.8065,10.1815,HTTPS,2026-05-12 08:16:25,4.7,8,0,1,,0,0,none,0.8660254037844387,-0.4999999999999998,0.5405405405405406,0.0103950103950103,0.15317448722582933,0
PAM-01272,jean_dev,Developer,app-dev-01,Tunisia,36.8065,10.1815,SSH,2026-05-12 08:36:30,33.3,8,0,11,,0,0,none,0.8660254037844387,-0.4999999999999998,0.2531914893617021,0.0085106382978723,0.15414595665846242,0
PAM-00265,marc_netadmin,Network Admin,fw-edge-01,Tunisia,36.8065,10.1815,HTTPS,2026-05-12 08:52:33,27.2,8,0,2,,0,0,none,0.8660254037844387,-0.4999999999999998,0.5405405405405406,0.0103950103950103,0.17600765329054163,0
PAM-00659,jean_dev,Developer,app-dev-01,Tunisia,36.8065,10.1815,SSH,2026-05-12 09:00:06,8.8,9,0,3,,0,0,none,0.7071067811865476,-0.7071067811865475,0.2531914893617021,0.0085106382978723,0.17928278671197495,0
PAM-00387,jean_dev,Developer,app-dev-01,Tunisia,36.8065,10.1815,SSH,2026-05-12 09:20:00,11.0,9,0,5,,0,0,none,0.7071067811865476,-0.7071067811865475,0.2531914893617021,0.0085106382978723,0.1841227696809981,0
PAM-00414,jean_dev,Developer,app-dev-01,Tunisia,36.8065,10.1815,SSH,2026-05-12 10:03:26,19.8,10,0,4,,0,0,none,0.4999999999999999,-0.8660254037844387,0.2531914893617021,0.0085106382978723,0.19726703684481184,0
PAM-00621,jean_dev,Developer,app-dev-01,Tunisia,36.8065,10.1815,SSH,2026-05-12 10:56:01,17.9,10,0,8,,0,0,none,0.4999999999999999,-0.8660254037844387,0.2531914893617021,0.0085106382978723,0.18918161123534616,0
PAM-01441,jean_dev,Developer,git-prod,Tunisia,36.8065,10.1815,SSH,2026-05-12 12:51:04,32.9,12,0,7,,0,0,none,1.2246467991473532e-16,-1.0,0.7851063829787234,0.0085106382978723,0.15004017741604853,0
PAM-01160,jean_dev,Developer,app-dev-01,Tunisia,36.8065,10.1815,SSH,2026-05-12 13:38:32,34.5,13,0,6,,0,0,none,-0.2588190451025208,-0.9659258262890684,0.2531914893617021,0.0085106382978723,0.14035284492114913,0
PAM-01496,jean_dev,Developer,git-prod,Tunisia,36.8065,10.1815,SSH,2026-05-12 14:03:31,9.5,14,0,1,,0,0,none,-0.4999999999999997,-0.8660254037844388,0.7851063829787234,0.0085106382978723,0.11632962130464974,0
PAM-01350,sara_dba,DBA,backup-db,Tunisia,36.8065,10.1815,SSH,2026-05-12 14:44:00,41.4,14,0,8,,0,0,none,-0.4999999999999997,-0.8660254037844388,0.740041928721174,0.0188679245283018,0.12218997424332634,0
PAM-00851,sara_dba,DBA,prod-db-01,Tunisia,36.8065,10.1815,SSH,2026-05-12 16:23:19,11.5,16,0,3,,0,0,none,-0.8660254037844385,-0.5000000000000004,0.339622641509434,0.0188679245283018,0.13218843555240228,0
PAM-01827,sara_dba,DBA,prod-db-01,Tunisia,36.8065,10.1815,SSH,2026-05-12 16:30:25,8.2,16,0,4,,0,0,none,-0.8660254037844385,-0.5000000000000004,0.339622641509434,0.0188679245283018,0.12542970155235045,0
PAM-00196,sara_dba,DBA,prod-db-02,Tunisia,36.8065,10.1815,SSH,2026-05-12 16:52:10,14.7,16,0,6,,0,0,none,-0.8660254037844385,-0.5000000000000004,0.9224318658280922,0.0188679245283018,0.07710693176460648,0
PAM-01592,sara_dba,DBA,backup-db,Tunisia,36.8065,10.1815,SSH,2026-05-12 17:40:18,32.9,17,0,8,,0,0,none,-0.9659258262890684,-0.2588190451025206,0.740041928721174,0.0188679245283018,0.07674078368198978,0
PAM-01121,crypto_bot,Service Account,backup-db,Tunisia,36.8065,10.1815,SSH,2026-05-13 01:49:51,10.0,1,0,1,,0,0,none,0.2588190451025207,0.9659258262890684,0.0106870229007633,0.0030534351145038,0.10672766521255633,0
PAM-01593,crypto_bot,Service Account,backup-db,Tunisia,36.8065,10.1815,SSH,2026-05-13 02:39:03,37.6,2,0,8,,0,0,none,0.4999999999999999,0.8660254037844387,0.0106870229007633,0.0030534351145038,0.17522853099458252,0
PAM-00561,crypto_bot,Service Account,backup-db,Tunisia,36.8065,10.1815,SSH,2026-05-13 02:46:47,16.6,2,0,1,,0,0,none,0.4999999999999999,0.8660254037844387,0.0106870229007633,0.0030534351145038,0.18066431949602652,0
PAM-01261,jean_dev,Developer,git-prod,Tunisia,36.8065,10.1815,SSH,2026-05-13 06:49:09,26.5,6,0,12,,0,0,none,1.0,6.123233995736766e-17,0.7851063829787234,0.0085106382978723,0.08357052568931989,0
PAM-01096,marc_netadmin,Network Admin,fw-edge-02,Tunisia,36.8065,10.1815,HTTPS,2026-05-13 07:28:22,27.0,7,0,7,,0,0,none,0.9659258262890684,-0.2588190451025206,0.7006237006237006,0.0103950103950103,0.14769790153560108,0
PAM-00087,jean_dev,Developer,app-dev-01,Tunisia,36.8065,10.1815,SSH,2026-05-13 08:27:17,33.6,8,0,12,,0,0,none,0.8660254037844387,-0.4999999999999998,0.2531914893617021,0.0085106382978723,0.14563914621626806,0
PAM-00023,jean_dev,Developer,app-dev-01,Tunisia,36.8065,10.1815,SSH,2026-05-13 08:32:47,9.6,8,0,3,,0,0,none,0.8660254037844387,-0.4999999999999998,0.2531914893617021,0.0085106382978723,0.16824709973054042,0
PAM-00242,marc_netadmin,Network Admin,fw-edge-02,Tunisia,36.8065,10.1815,HTTPS,2026-05-13 08:44:00,10.2,8,0,2,,0,0,none,0.8660254037844387,-0.4999999999999998,0.7006237006237006,0.0103950103950103,0.17604997943143058,0
PAM-00805,marc_netadmin,Network Admin,fw-edge-01,Tunisia,36.8065,10.1815,HTTPS,2026-05-13 09:21:07,9.4,9,0,1,,0,0,none,0.7071067811865476,-0.7071067811865475,0.5405405405405406,0.0103950103950103,0.17279749140187062,0
PAM-00253,marc_netadmin,Network Admin,fw-edge-01,Tunisia,36.8065,10.1815,HTTPS,2026-05-13 09:27:08,90.6,9,0,24,,0,0,none,0.7071067811865476,-0.7071067811865475,0.5405405405405406,0.0103950103950103,0.02910051684542081,0
PAM-01979,marc_netadmin,Network Admin,fw-edge-02,Tunisia,36.8065,10.1815,HTTPS,2026-05-13 09:34:47,47.1,9,0,15,,0,0,none,0.7071067811865476,-0.7071067811865475,0.7006237006237006,0.0103950103950103,0.127969426333916,0
PAM-00908,jean_dev,Developer,app-dev-01,Tunisia,36.8065,10.1815,SSH,2026-05-13 11:16:47,13.5,11,0,5,,0,0,none,0.258819045102521,-0.9659258262890682,0.2531914893617021,0.0085106382978723,0.1942960424837521,0
PAM-00596,sara_dba,DBA,prod-db-01,Tunisia,36.8065,10.1815,SSH,2026-05-13 12:15:08,48.0,12,0,14,,0,0,none,1.2246467991473532e-16,-1.0,0.339622641509434,0.0188679245283018,0.10200117069527154,0
PAM-01568,sara_dba,DBA,prod-db-01,Tunisia,36.8065,10.1815,SSH,2026-05-13 15:12:44,13.5,15,0,1,,0,0,none,-0.7071067811865471,-0.7071067811865479,0.339622641509434,0.0188679245283018,0.137532061914295,0
PAM-01666,sara_dba,DBA,prod-db-01,Tunisia,36.8065,10.1815,SSH,2026-05-13 18:04:00,96.8,18,0,22,,0,0,none,-1.0,-1.8369701987210294e-16,0.339622641509434,0.0188679245283018,-0.04599916284348737,1
PAM-01166,crypto_bot,Service Account,backup-db,Tunisia,36.8065,10.1815,SSH,2026-05-14 01:23:14,29.6,1,0,7,,0,0,none,0.2588190451025207,0.9659258262890684,0.0106870229007633,0.0030534351145038,0.10731656369996173,0
PAM-01904,crypto_bot,Service Account,backup-db,Tunisia,36.8065,10.1815,SSH,2026-05-14 02:06:32,11.2,2,0,2,,0,0,none,0.4999999999999999,0.8660254037844387,0.0106870229007633,0.0030534351145038,0.19123500859214204,0
PAM-01672,marc_netadmin,Network Admin,switch-core-01,Tunisia,36.8065,10.1815,HTTPS,2026-05-14 07:42:43,96.1,7,0,23,,0,0,none,0.9659258262890684,-0.2588190451025206,0.7733887733887734,0.0103950103950103,0.00906058832813994,0
PAM-02029,jean_dev,Developer,git-prod,Tunisia,36.8065,10.1815,SSH,2026-05-14 08:47:24,62.6,8,0,10,,0,0,none,0.8660254037844387,-0.4999999999999998,0.7851063829787234,0.0085106382978723,0.09380985411508952,0
PAM-01910,jean_dev,Developer,git-prod,Tunisia,36.8065,10.1815,SSH,2026-05-14 09:29:15,29.4,9,0,6,,0,0,none,0.7071067811865476,-0.7071067811865475,0.7851063829787234,0.0085106382978723,0.17639113058859685,0
PAM-01337,sara_dba,DBA,prod-db-01,Tunisia,36.8065,10.1815,SSH,2026-05-14 10:41:03,14.3,10,0,4,,0,0,none,0.4999999999999999,-0.8660254037844387,0.339622641509434,0.0188679245283018,0.17091464842224413,0
PAM-01566,marc_netadmin,Network Admin,fw-edge-01,Tunisia,36.8065,10.1815,HTTPS,2026-05-14 10:58:13,17.9,10,0,6,,0,0,none,0.4999999999999999,-0.8660254037844387,0.5405405405405406,0.0103950103950103,0.1958156713356472,0
PAM-00563,marc_netadmin,Network Admin,fw-edge-02,Tunisia,36.8065,10.1815,HTTPS,2026-05-14 11:08:00,30.5,11,0,8,,0,0,none,0.258819045102521,-0.9659258262890682,0.7006237006237006,0.0103950103950103,0.17269231102793497,0
PAM-00906,jean_dev,Developer,app-dev-01,Tunisia,36.8065,10.1815,SSH,2026-05-14 11:42:17,31.5,11,0,10,,0,0,none,0.258819045102521,-0.9659258262890682,0.2531914893617021,0.0085106382978723,0.1737058632208517,0
PAM-00168,jean_dev,Developer,app-dev-01,Tunisia,36.8065,10.1815,SSH,2026-05-14 12:17:27,52.0,12,0,15,,0,0,none,1.2246467991473532e-16,-1.0,0.2531914893617021,0.0085106382978723,0.10565664338725378,0
PAM-01327,sara_dba,DBA,prod-db-01,Tunisia,36.8065,10.1815,SSH,2026-05-14 13:07:21,10.1,13,0,4,,0,0,none,-0.2588190451025208,-0.9659258262890684,0.339622641509434,0.0188679245283018,0.16545805604020475,0
PAM-00426,sara_dba,DBA,backup-db,Tunisia,36.8065,10.1815,SSH,2026-05-14 13:19:15,13.5,13,0,2,,0,0,none,-0.2588190451025208,-0.9659258262890684,0.740041928721174,0.0188679245283018,0.14550838565643048,0
PAM-01405,sara_dba,DBA,prod-db-01,Ukraine,50.4501,30.5234,SSH,2026-05-14 14:53:55,33.0,14,0,12,,0,1,unusual_country,-0.4999999999999997,-0.8660254037844388,0.339622641509434,0.9979035639412998,0.0003291907624531909,0
PAM-01184,sara_dba,DBA,prod-db-01,Tunisia,36.8065,10.1815,SSH,2026-05-14 15:18:26,55.6,15,0,18,,0,0,none,-0.7071067811865471,-0.7071067811865479,0.339622641509434,0.0188679245283018,0.047900127215543487,0
PAM-00438,sara_dba,DBA,prod-db-01,Tunisia,36.8065,10.1815,SSH,2026-05-14 17:35:46,18.2,17,0,5,,0,0,none,-0.9659258262890684,-0.2588190451025206,0.339622641509434,0.0188679245283018,0.11341587007929377,0
PAM-00801,sara_dba,DBA,prod-db-02,Tunisia,36.8065,10.1815,SSH,2026-05-14 20:40:32,7.4,20,0,4,,0,0,none,-0.8660254037844386,0.5000000000000001,0.9224318658280922,0.0188679245283018,0.010823187575810689,0
PAM-00089,crypto_bot,Service Account,backup-db,Tunisia,36.8065,10.1815,SSH,2026-05-15 01:27:35,17.3,1,0,5,,0,0,none,0.2588190451025207,0.9659258262890684,0.0106870229007633,0.0030534351145038,0.1197665904488664,0
PAM-00843,crypto_bot,Service Account,backup-db,Tunisia,36.8065,10.1815,SSH,2026-05-15 02:09:50,32.7,2,0,11,,0,0,none,0.4999999999999999,0.8660254037844387,0.0106870229007633,0.0030534351145038,0.1687265078575259,0
PAM-01039,crypto_bot,Service Account,backup-db,Tunisia,36.8065,10.1815,SSH,2026-05-15 02:12:39,32.1,2,0,8,,0,0,none,0.4999999999999999,0.8660254037844387,0.0106870229007633,0.0030534351145038,0.18508256459017852,0
PAM-00213,marc_netadmin,Network Admin,fw-edge-02,Tunisia,36.8065,10.1815,HTTPS,2026-05-15 10:44:51,21.5,10,0,5,,0,0,none,0.4999999999999999,-0.8660254037844387,0.7006237006237006,0.0103950103950103,0.19185995002255107,0
PAM-01115,jean_dev,Developer,app-dev-01,Tunisia,36.8065,10.1815,SSH,2026-05-15 12:08:47,217.7,12,0,51,,0,1,unusual_duration,1.2246467991473532e-16,-1.0,0.2531914893617021,0.0085106382978723,-0.07623483372594819,1
PAM-02001,marc_netadmin,Network Admin,fw-edge-01,Tunisia,36.8065,10.1815,HTTPS,2026-05-15 12:25:27,28.6,12,0,11,,0,0,none,1.2246467991473532e-16,-1.0,0.5405405405405406,0.0103950103950103,0.14356376976840385,0
PAM-01930,sara_dba,DBA,prod-db-01,Tunisia,36.8065,10.1815,SSH,2026-05-15 14:38:43,14.5,14,0,3,,0,0,none,-0.4999999999999997,-0.8660254037844388,0.339622641509434,0.0188679245283018,0.1684472336503467,0
PAM-01008,sara_dba,DBA,prod-db-01,Tunisia,36.8065,10.1815,SSH,2026-05-15 15:37:16,19.2,15,0,5,,0,0,none,-0.7071067811865471,-0.7071067811865479,0.339622641509434,0.0188679245283018,0.1520358004265478,0
PAM-01952,sara_dba,DBA,prod-db-02,Tunisia,36.8065,10.1815,SSH,2026-05-15 16:28:25,8.6,16,0,2,,0,0,none,-0.8660254037844385,-0.5000000000000004,0.9224318658280922,0.0188679245283018,0.06440220025778276,0
PAM-01973,sara_dba,DBA,prod-db-01,Tunisia,36.8065,10.1815,SSH,2026-05-15 17:27:01,5.4,17,0,1,,0,0,none,-0.9659258262890684,-0.2588190451025206,0.339622641509434,0.0188679245283018,0.08193268415743471,0
PAM-00383,crypto_bot,Service Account,backup-db,Tunisia,36.8065,10.1815,SSH,2026-05-16 01:06:18,23.5,1,1,5,,0,0,none,0.2588190451025207,0.9659258262890684,0.0106870229007633,0.0030534351145038,0.03880033550680473,0
PAM-00691,crypto_bot,Service Account,backup-db,Tunisia,36.8065,10.1815,SSH,2026-05-16 01:34:19,12.1,1,1,4,,0,0,none,0.2588190451025207,0.9659258262890684,0.0106870229007633,0.0030534351145038,0.03333167301808937,0
PAM-00585,crypto_bot,Service Account,backup-db,Tunisia,36.8065,10.1815,SSH,2026-05-16 01:55:24,24.2,1,1,4,,0,0,none,0.2588190451025207,0.9659258262890684,0.0106870229007633,0.0030534351145038,0.03843333798100346,0
PAM-01835,crypto_bot,Service Account,backup-db,Tunisia,36.8065,10.1815,SSH,2026-05-16 03:47:58,8.8,3,1,5,,0,0,none,0.7071067811865476,0.7071067811865476,0.0106870229007633,0.0030534351145038,0.03761756972838193,0
PAM-00296,crypto_bot,Service Account,backup-db,Tunisia,36.8065,10.1815,SSH,2026-05-17 02:02:01,13.3,2,1,3,,0,0,none,0.4999999999999999,0.8660254037844387,0.0106870229007633,0.0030534351145038,0.12983095337908668,0
PAM-00731,crypto_bot,Service Account,backup-db,Tunisia,36.8065,10.1815,SSH,2026-05-17 02:09:18,24.8,2,1,4,,0,0,none,0.4999999999999999,0.8660254037844387,0.0106870229007633,0.0030534351145038,0.13381002315864798,0
PAM-01754,crypto_bot,Service Account,backup-db,Tunisia,36.8065,10.1815,SSH,2026-05-17 02:35:56,39.0,2,1,14,,0,0,none,0.4999999999999999,0.8660254037844387,0.0106870229007633,0.0030534351145038,0.06749333960400561,0
PAM-00036,crypto_bot,Service Account,backup-db,Tunisia,36.8065,10.1815,SSH,2026-05-17 02:38:46,53.7,2,1,12,,0,0,none,0.4999999999999999,0.8660254037844387,0.0106870229007633,0.0030534351145038,0.05926860818306501,0
PAM-01303,crypto_bot,Service Account,backup-db,Tunisia,36.8065,10.1815,SSH,2026-05-18 02:02:15,17.3,2,0,4,,0,0,none,0.4999999999999999,0.8660254037844387,0.0106870229007633,0.0030534351145038,0.20000493030902788,0
PAM-01043,crypto_bot,Service Account,backup-db,Tunisia,36.8065,10.1815,SSH,2026-05-18 02:18:24,13.2,2,0,6,,0,0,none,0.4999999999999999,0.8660254037844387,0.0106870229007633,0.0030534351145038,0.1927849092089446,0
PAM-00340,crypto_bot,Service Account,backup-db,Tunisia,36.8065,10.1815,SSH,2026-05-18 02:44:08,27.8,2,0,6,,0,0,none,0.4999999999999999,0.8660254037844387,0.0106870229007633,0.0030534351145038,0.1948231565404117,0
PAM-00501,crypto_bot,Service Account,backup-db,Tunisia,36.8065,10.1815,SSH,2026-05-18 02:55:41,10.8,2,0,3,,0,0,none,0.4999999999999999,0.8660254037844387,0.0106870229007633,0.0030534351145038,0.1924482832679204,0
PAM-00975,crypto_bot,Service Account,backup-db,Tunisia,36.8065,10.1815,SSH,2026-05-18 03:04:28,16.6,3,0,1,,0,0,none,0.7071067811865476,0.7071067811865476,0.0106870229007633,0.0030534351145038,0.12534040662872875,0
PAM-00379,crypto_bot,Service Account,backup-db,Tunisia,36.8065,10.1815,SSH,2026-05-18 03:47:08,16.8,3,0,6,,0,0,none,0.7071067811865476,0.7071067811865476,0.0106870229007633,0.0030534351145038,0.14076329510330404,0
PAM-00682,marc_netadmin,Network Admin,switch-core-01,Tunisia,36.8065,10.1815,HTTPS,2026-05-18 08:51:00,29.2,8,0,10,,0,0,none,0.8660254037844387,-0.4999999999999998,0.7733887733887734,0.0103950103950103,0.14953234720549624,0
PAM-00586,marc_netadmin,Network Admin,fw-edge-01,Tunisia,36.8065,10.1815,HTTPS,2026-05-18 09:19:12,58.8,9,0,20,,0,0,none,0.7071067811865476,-0.7071067811865475,0.5405405405405406,0.0103950103950103,0.0922932217215175,0
PAM-01540,marc_netadmin,Network Admin,fw-edge-02,Tunisia,36.8065,10.1815,HTTPS,2026-05-18 09:23:23,20.1,9,0,5,,0,0,none,0.7071067811865476,-0.7071067811865475,0.7006237006237006,0.0103950103950103,0.18988976401034718,0
PAM-01454,marc_netadmin,Network Admin,switch-core-01,Tunisia,36.8065,10.1815,HTTPS,2026-05-18 09:23:28,24.3,9,0,4,,0,0,none,0.7071067811865476,-0.7071067811865475,0.7733887733887734,0.0103950103950103,0.18333562328175418,0
PAM-00782,jean_dev,Developer,app-dev-01,Tunisia,36.8065,10.1815,SSH,2026-05-18 09:36:36,47.6,9,0,10,,0,0,none,0.7071067811865476,-0.7071067811865475,0.2531914893617021,0.0085106382978723,0.15591437516418227,0
PAM-01795,jean_dev,Developer,app-dev-01,Tunisia,36.8065,10.1815,SSH,2026-05-18 09:56:31,34.6,9,0,6,,0,0,none,0.7071067811865476,-0.7071067811865475,0.2531914893617021,0.0085106382978723,0.1819186289719968,0
PAM-01482,jean_dev,Developer,git-prod,Tunisia,36.8065,10.1815,SSH,2026-05-18 10:13:24,59.9,10,0,12,,0,0,none,0.4999999999999999,-0.8660254037844387,0.7851063829787234,0.0085106382978723,0.10181975271203086,0
PAM-01248,jean_dev,Developer,app-dev-01,Tunisia,36.8065,10.1815,SSH,2026-05-18 10:29:26,17.1,10,0,2,,0,0,none,0.4999999999999999,-0.8660254037844387,0.2531914893617021,0.0085106382978723,0.19608516241582252,0
PAM-00599,marc_netadmin,Network Admin,fw-edge-02,Tunisia,36.8065,10.1815,HTTPS,2026-05-18 10:46:24,38.4,10,0,11,,0,0,none,0.4999999999999999,-0.8660254037844387,0.7006237006237006,0.0103950103950103,0.1586249374409281,0
PAM-01914,marc_netadmin,Network Admin,fw-edge-02,Tunisia,36.8065,10.1815,HTTPS,2026-05-18 10:59:41,192.2,10,0,40,,0,1,unusual_duration,0.4999999999999999,-0.8660254037844387,0.7006237006237006,0.0103950103950103,-0.042738056885203046,1
PAM-01953,jean_dev,Developer,app-dev-01,Tunisia,36.8065,10.1815,SSH,2026-05-18 11:03:52,46.2,11,0,9,,0,0,none,0.258819045102521,-0.9659258262890682,0.2531914893617021,0.0085106382978723,0.15852070267610463,0
PAM-01871,marc_netadmin,Network Admin,fw-edge-01,Tunisia,36.8065,10.1815,HTTPS,2026-05-18 11:44:53,15.8,11,0,1,,0,0,none,0.258819045102521,-0.9659258262890682,0.5405405405405406,0.0103950103950103,0.17267356632296726,0
PAM-02031,sara_dba,DBA,prod-db-01,Tunisia,36.8065,10.1815,SSH,2026-05-18 13:18:06,26.5,13,0,5,,0,0,none,-0.2588190451025208,-0.9659258262890684,0.339622641509434,0.0188679245283018,0.1660098611639904,0
PAM-01487,sara_dba,DBA,prod-db-01,Tunisia,36.8065,10.1815,SSH,2026-05-18 13:24:44,18.8,13,0,4,,0,0,none,-0.2588190451025208,-0.9659258262890684,0.339622641509434,0.0188679245283018,0.1714725515507562,0
PAM-00284,sara_dba,DBA,prod-db-01,Tunisia,36.8065,10.1815,SSH,2026-05-18 13:46:05,14.3,13,0,3,,0,0,none,-0.2588190451025208,-0.9659258262890684,0.339622641509434,0.0188679245283018,0.17073987313034167,0
PAM-01075,marc_netadmin,Network Admin,fw-edge-01,Tunisia,36.8065,10.1815,HTTPS,2026-05-18 14:27:43,14.0,14,0,1,,0,0,none,-0.4999999999999997,-0.8660254037844388,0.5405405405405406,0.0103950103950103,0.1387957839822624,0
PAM-01929,sara_dba,DBA,prod-db-01,Tunisia,36.8065,10.1815,SSH,2026-05-18 16:37:25,15.4,16,0,5,,0,0,none,-0.8660254037844385,-0.5000000000000004,0.339622641509434,0.0188679245283018,0.13609897775864765,0
PAM-01050,sara_dba,DBA,prod-db-01,Tunisia,36.8065,10.1815,SSH,2026-05-18 16:52:49,16.1,16,0,6,,0,0,none,-0.8660254037844385,-0.5000000000000004,0.339622641509434,0.0188679245283018,0.1334363093635783,0
PAM-00528,sara_dba,DBA,backup-db,Tunisia,36.8065,10.1815,SSH,2026-05-18 18:07:05,19.8,18,0,2,,0,0,none,-1.0,-1.8369701987210294e-16,0.740041928721174,0.0188679245283018,0.06562637764273249,0
PAM-01411,crypto_bot,Service Account,backup-db,Tunisia,36.8065,10.1815,SSH,2026-05-19 02:21:03,45.7,2,0,18,,0,0,none,0.4999999999999999,0.8660254037844387,0.0106870229007633,0.0030534351145038,0.11684521821276683,0
PAM-00034,crypto_bot,Service Account,backup-db,Tunisia,36.8065,10.1815,SSH,2026-05-19 02:28:14,38.6,2,0,8,,0,0,none,0.4999999999999999,0.8660254037844387,0.0106870229007633,0.0030534351145038,0.17137156928811847,0
PAM-02041,crypto_bot,Service Account,backup-db,Tunisia,36.8065,10.1815,SSH,2026-05-19 02:34:56,297.0,2,0,64,,0,1,unusual_duration,0.4999999999999999,0.8660254037844387,0.0106870229007633,0.0030534351145038,-0.10039791935146991,1
PAM-00632,crypto_bot,Service Account,backup-db,Tunisia,36.8065,10.1815,SSH,2026-05-19 02:40:34,10.8,2,0,1,,0,0,none,0.4999999999999999,0.8660254037844387,0.0106870229007633,0.0030534351145038,0.17988513528231426,0
PAM-01884,crypto_bot,Service Account,backup-db,Tunisia,36.8065,10.1815,SSH,2026-05-19 02:52:18,32.5,2,0,9,,0,0,none,0.4999999999999999,0.8660254037844387,0.0106870229007633,0.0030534351145038,0.17739710517964413,0
PAM-01230,crypto_bot,Service Account,backup-db,Tunisia,36.8065,10.1815,SSH,2026-05-19 02:54:49,54.3,2,0,14,,0,0,none,0.4999999999999999,0.8660254037844387,0.0106870229007633,0.0030534351145038,0.12519421183766732,0
PAM-00777,marc_netadmin,Network Admin,fw-edge-02,Tunisia,36.8065,10.1815,HTTPS,2026-05-19 05:50:42,11.8,5,0,2,,0,0,none,0.9659258262890684,0.2588190451025207,0.7006237006237006,0.0103950103950103,0.11821576554484259,0
PAM-01455,jean_dev,Developer,app-dev-01,Tunisia,36.8065,10.1815,SSH,2026-05-19 10:12:41,43.8,10,0,13,,0,0,none,0.4999999999999999,-0.8660254037844387,0.2531914893617021,0.0085106382978723,0.15465683376420125,0
PAM-01423,jean_dev,Developer,app-dev-01,Tunisia,36.8065,10.1815,SSH,2026-05-19 10:35:18,42.7,10,0,9,,0,0,none,0.4999999999999999,-0.8660254037844387,0.2531914893617021,0.0085106382978723,0.1653176696684966,0
PAM-01758,marc_netadmin,Network Admin,fw-edge-01,Tunisia,36.8065,10.1815,HTTPS,2026-05-19 10:38:45,20.2,10,0,3,,0,0,none,0.4999999999999999,-0.8660254037844387,0.5405405405405406,0.0103950103950103,0.19396570571287425,0
PAM-01173,jean_dev,Developer,git-prod,Tunisia,36.8065,10.1815,SSH,2026-05-19 10:53:18,22.2,10,0,7,,0,0,none,0.4999999999999999,-0.8660254037844387,0.7851063829787234,0.0085106382978723,0.17671860878680773,0
PAM-01882,marc_netadmin,Network Admin,fw-edge-02,Tunisia,36.8065,10.1815,HTTPS,2026-05-19 11:04:10,6.8,11,0,5,,0,0,none,0.258819045102521,-0.9659258262890682,0.7006237006237006,0.0103950103950103,0.16980919179685489,0
PAM-01293,sara_dba,DBA,prod-db-01,Tunisia,36.8065,10.1815,SSH,2026-05-19 12:14:57,14.8,12,0,6,,0,0,none,1.2246467991473532e-16,-1.0,0.339622641509434,0.0188679245283018,0.16745042828924983,0
PAM-00803,jean_dev,Developer,app-dev-01,Tunisia,36.8065,10.1815,SSH,2026-05-19 12:18:43,11.9,12,0,5,,0,0,none,1.2246467991473532e-16,-1.0,0.2531914893617021,0.0085106382978723,0.17759586182046355,0
PAM-00508,sara_dba,DBA,prod-db-02,Tunisia,36.8065,10.1815,SSH,2026-05-19 14:06:48,15.5,14,0,3,,0,0,none,-0.4999999999999997,-0.8660254037844388,0.9224318658280922,0.0188679245283018,0.11285831032541321,0
PAM-00068,sara_dba,DBA,prod-db-01,Tunisia,36.8065,10.1815,SSH,2026-05-19 19:57:37,29.0,19,0,6,,0,0,none,-0.9659258262890684,0.2588190451025203,0.339622641509434,0.0188679245283018,0.07415066038554197,0
PAM-01338,marc_netadmin,Network Admin,switch-core-01,Tunisia,36.8065,10.1815,HTTPS,2026-05-20 08:11:45,11.1,8,0,3,,0,0,none,0.8660254037844387,-0.4999999999999998,0.7733887733887734,0.0103950103950103,0.17448060310643826,0
PAM-00316,marc_netadmin,Network Admin,fw-edge-02,Tunisia,36.8065,10.1815,HTTPS,2026-05-20 08:33:39,10.4,8,0,3,,0,0,none,0.8660254037844387,-0.4999999999999998,0.7006237006237006,0.0103950103950103,0.17774761629566832,0
PAM-00685,marc_netadmin,Network Admin,fw-edge-02,Tunisia,36.8065,10.1815,HTTPS,2026-05-20 08:44:49,10.0,8,0,1,,0,0,none,0.8660254037844387,-0.4999999999999998,0.7006237006237006,0.0103950103950103,0.16313619767144372,0
PAM-00997,marc_netadmin,Network Admin,switch-core-01,Tunisia,36.8065,10.1815,HTTPS,2026-05-20 09:19:48,21.3,9,0,6,,0,0,none,0.7071067811865476,-0.7071067811865475,0.7733887733887734,0.0103950103950103,0.18517967147338826,0
PAM-00299,marc_netadmin,Network Admin,fw-edge-02,Tunisia,36.8065,10.1815,HTTPS,2026-05-20 10:47:08,66.3,10,0,17,,0,0,none,0.4999999999999999,-0.8660254037844387,0.7006237006237006,0.0103950103950103,0.08797649171466987,0
PAM-01445,jean_dev,Developer,app-dev-01,Tunisia,36.8065,10.1815,SSH,2026-05-20 11:11:13,44.3,11,0,7,,0,0,none,0.258819045102521,-0.9659258262890682,0.2531914893617021,0.0085106382978723,0.16106658008617203,0
PAM-01823,jean_dev,Developer,app-dev-01,Tunisia,36.8065,10.1815,SSH,2026-05-20 11:41:33,12.4,11,0,2,,0,0,none,0.258819045102521,-0.9659258262890682,0.2531914893617021,0.0085106382978723,0.19138769387074855,0
PAM-00924,jean_dev,Developer,app-dev-01,Tunisia,36.8065,10.1815,SSH,2026-05-20 11:48:29,21.7,11,0,2,,0,0,none,0.258819045102521,-0.9659258262890682,0.2531914893617021,0.0085106382978723,0.19072253921374677,0
PAM-01810,sara_dba,DBA,prod-db-01,Tunisia,36.8065,10.1815,SSH,2026-05-20 13:02:56,11.8,13,0,3,,0,0,none,-0.2588190451025208,-0.9659258262890684,0.339622641509434,0.0188679245283018,0.16791790753265717,0
PAM-01826,sara_dba,DBA,backup-db,Tunisia,36.8065,10.1815,SSH,2026-05-20 16:00:25,14.4,16,0,8,,0,0,none,-0.8660254037844385,-0.5000000000000004,0.740041928721174,0.0188679245283018,0.100778566396448,0
PAM-00926,crypto_bot,Service Account,backup-db,Tunisia,36.8065,10.1815,SSH,2026-05-21 02:02:55,17.4,2,0,1,,0,0,none,0.4999999999999999,0.8660254037844387,0.0106870229007633,0.0030534351145038,0.18045612868646815,0
PAM-01425,marc_netadmin,Network Admin,fw-edge-02,Tunisia,36.8065,10.1815,HTTPS,2026-05-21 06:21:56,8.9,6,0,5,,0,0,none,1.0,6.123233995736766e-17,0.7006237006237006,0.0103950103950103,0.1235076789729374,0
PAM-01325,marc_netadmin,Network Admin,fw-edge-01,Tunisia,36.8065,10.1815,HTTPS,2026-05-21 07:24:17,33.6,7,0,18,,0,0,none,0.9659258262890684,-0.2588190451025206,0.5405405405405406,0.0103950103950103,0.09588815898981345,0
PAM-01364,jean_dev,Developer,app-dev-01,Tunisia,36.8065,10.1815,SSH,2026-05-21 08:11:52,36.0,8,0,3,,0,0,none,0.8660254037844387,-0.4999999999999998,0.2531914893617021,0.0085106382978723,0.16107203509036316,0
PAM-01860,jean_dev,Developer,git-prod,Tunisia,36.8065,10.1815,SSH,2026-05-21 10:02:05,10.3,10,0,2,,0,0,none,0.4999999999999999,-0.8660254037844387,0.7851063829787234,0.0085106382978723,0.17586927296450894,0
PAM-00776,jean_dev,Developer,app-dev-01,Tunisia,36.8065,10.1815,SSH,2026-05-21 10:32:24,27.1,10,0,8,,0,0,none,0.4999999999999999,-0.8660254037844387,0.2531914893617021,0.0085106382978723,0.1879274788230375,0
PAM-01183,sara_dba,DBA,prod-db-02,Tunisia,36.8065,10.1815,SSH,2026-05-21 11:06:01,18.5,11,0,6,,0,0,none,0.258819045102521,-0.9659258262890682,0.9224318658280922,0.0188679245283018,0.12692377232867358,0
PAM-01525,sara_dba,DBA,prod-db-01,Tunisia,36.8065,10.1815,SSH,2026-05-21 11:51:36,18.3,11,0,8,,0,0,none,0.258819045102521,-0.9659258262890682,0.339622641509434,0.0188679245283018,0.16900597253503724,0
PAM-01997,sara_dba,DBA,prod-db-01,Tunisia,36.8065,10.1815,SSH,2026-05-21 11:55:16,13.1,11,0,5,,0,0,none,0.258819045102521,-0.9659258262890682,0.339622641509434,0.0188679245283018,0.17503346626688315,0
PAM-01705,jean_dev,Developer,app-dev-01,Tunisia,36.8065,10.1815,SSH,2026-05-21 12:06:25,13.4,12,0,2,,0,0,none,1.2246467991473532e-16,-1.0,0.2531914893617021,0.0085106382978723,0.17445096657627424,0
PAM-01197,sara_dba,DBA,prod-db-02,Tunisia,36.8065,10.1815,SSH,2026-05-21 14:33:51,32.0,14,0,6,,0,0,none,-0.4999999999999997,-0.8660254037844388,0.9224318658280922,0.0188679245283018,0.10277771267672858,0
PAM-01357,crypto_bot,Service Account,backup-db,Tunisia,36.8065,10.1815,SSH,2026-05-22 01:09:06,30.3,1,0,10,,0,0,none,0.2588190451025207,0.9659258262890684,0.0106870229007633,0.0030534351145038,0.0924871195776234,0
PAM-00624,crypto_bot,Service Account,backup-db,Tunisia,36.8065,10.1815,SSH,2026-05-22 02:29:05,32.8,2,0,6,,0,0,none,0.4999999999999999,0.8660254037844387,0.0106870229007633,0.0030534351145038,0.18534335337307306,0
PAM-01159,crypto_bot,Service Account,backup-db,Tunisia,36.8065,10.1815,SSH,2026-05-22 02:45:35,14.2,2,0,4,,0,0,none,0.4999999999999999,0.8660254037844387,0.0106870229007633,0.0030534351145038,0.1989178908188146,0
PAM-01236,crypto_bot,Service Account,backup-db,Tunisia,36.8065,10.1815,SSH,2026-05-22 02:59:31,36.6,2,0,10,DROP TABLE,1,0,none,0.4999999999999999,0.8660254037844387,0.0106870229007633,0.0030534351145038,-0.0007835924325603205,1
PAM-00354,marc_netadmin,Network Admin,fw-edge-01,Tunisia,36.8065,10.1815,HTTPS,2026-05-22 07:28:40,25.1,7,0,9,,0,0,none,0.9659258262890684,-0.2588190451025206,0.5405405405405406,0.0103950103950103,0.1436540860517066,0
PAM-00026,jean_dev,Developer,git-prod,Tunisia,36.8065,10.1815,SSH,2026-05-22 08:10:10,10.7,8,0,4,,0,0,none,0.8660254037844387,-0.4999999999999998,0.7851063829787234,0.0085106382978723,0.16485487679944388,0
PAM-01949,jean_dev,Developer,app-dev-01,Tunisia,36.8065,10.1815,SSH,2026-05-22 08:22:37,8.9,8,0,1,,0,0,none,0.8660254037844387,-0.4999999999999998,0.2531914893617021,0.0085106382978723,0.1533847444817213,0
PAM-00238,marc_netadmin,Network Admin,fw-edge-02,Tunisia,36.8065,10.1815,HTTPS,2026-05-22 09:00:31,18.0,9,0,1,,0,0,none,0.7071067811865476,-0.7071067811865475,0.7006237006237006,0.0103950103950103,0.17562471754704023,0
PAM-00560,marc_netadmin,Network Admin,fw-edge-01,Tunisia,36.8065,10.1815,HTTPS,2026-05-22 09:42:26,19.4,9,0,9,,0,0,none,0.7071067811865476,-0.7071067811865475,0.5405405405405406,0.0103950103950103,0.1772888650410815,0
PAM-01145,marc_netadmin,Network Admin,fw-edge-01,Tunisia,36.8065,10.1815,HTTPS,2026-05-22 10:12:34,19.0,10,0,6,,0,0,none,0.4999999999999999,-0.8660254037844387,0.5405405405405406,0.0103950103950103,0.19531508367234096,0
PAM-00554,marc_netadmin,Network Admin,switch-core-01,Brazil,-15.7939,-47.8828,HTTPS,2026-05-22 10:14:26,11.0,10,0,3,,0,1,unusual_country,0.4999999999999999,-0.8660254037844387,0.7733887733887734,0.9937629937629936,0.007200690210508953,0
PAM-01623,jean_dev,Developer,git-prod,Tunisia,36.8065,10.1815,SSH,2026-05-22 10:57:55,32.6,10,0,17,,0,0,none,0.4999999999999999,-0.8660254037844387,0.7851063829787234,0.0085106382978723,0.12494183031182843,0
PAM-00496,marc_netadmin,Network Admin,fw-edge-01,Tunisia,36.8065,10.1815,HTTPS,2026-05-22 11:16:02,13.4,11,0,2,,0,0,none,0.258819045102521,-0.9659258262890682,0.5405405405405406,0.0103950103950103,0.18414382463751755,0
PAM-00547,jean_dev,Developer,app-dev-01,Tunisia,36.8065,10.1815,SSH,2026-05-22 12:19:36,12.0,12,0,5,,0,0,none,1.2246467991473532e-16,-1.0,0.2531914893617021,0.0085106382978723,0.17759586182046355,0
PAM-01114,jean_dev,Developer,app-dev-01,Tunisia,36.8065,10.1815,SSH,2026-05-22 13:09:06,54.0,13,0,10,,0,0,none,-0.2588190451025208,-0.9659258262890684,0.2531914893617021,0.0085106382978723,0.09654432007064434,0
PAM-00944,sara_dba,DBA,prod-db-01,Tunisia,36.8065,10.1815,SSH,2026-05-22 15:47:49,10.4,15,0,4,,0,0,none,-0.7071067811865471,-0.7071067811865479,0.339622641509434,0.0188679245283018,0.14307297560854543,0
PAM-00469,sara_dba,DBA,prod-db-01,Tunisia,36.8065,10.1815,SSH,2026-05-22 17:52:47,17.5,17,0,2,,0,0,none,-0.9659258262890684,-0.2588190451025206,0.339622641509434,0.0188679245283018,0.10809954151302675,0
PAM-01748,crypto_bot,Service Account,backup-db,Tunisia,36.8065,10.1815,SSH,2026-05-23 02:39:23,7.6,2,1,2,,0,0,none,0.4999999999999999,0.8660254037844387,0.0106870229007633,0.0030534351145038,0.09617160750705983,0
PAM-02028,crypto_bot,Service Account,backup-db,Tunisia,36.8065,10.1815,SSH,2026-05-23 02:43:23,32.1,2,1,8,,0,0,none,0.4999999999999999,0.8660254037844387,0.0106870229007633,0.0030534351145038,0.11785050016803911,0
PAM-00020,crypto_bot,Service Account,backup-db,Tunisia,36.8065,10.1815,SSH,2026-05-24 01:53:13,16.1,1,1,3,,0,0,none,0.2588190451025207,0.9659258262890684,0.0106870229007633,0.0030534351145038,0.03860885290721239,0
PAM-00108,marc_netadmin,Network Admin,prod-db-01,Tunisia,36.8065,10.1815,HTTPS,2026-05-24 09:41:43,24.5,9,1,8,,0,1,unusual_asset,0.7071067811865476,-0.7071067811865475,0.997920997920998,0.0103950103950103,-0.01116747155347042,1
PAM-01049,jean_dev,Developer,app-dev-01,Tunisia,36.8065,10.1815,SSH,2026-05-24 11:05:22,121.7,11,1,36,,0,1,unusual_duration,0.258819045102521,-0.9659258262890682,0.2531914893617021,0.0085106382978723,-0.10821923291394875,1
PAM-01918,crypto_bot,Service Account,backup-db,Tunisia,36.8065,10.1815,SSH,2026-05-25 02:14:19,19.8,2,0,5,,0,0,none,0.4999999999999999,0.8660254037844387,0.0106870229007633,0.0030534351145038,0.2004722498876913,0
PAM-00804,crypto_bot,Service Account,backup-db,Tunisia,36.8065,10.1815,SSH,2026-05-25 02:26:19,20.9,2,0,5,,0,0,none,0.4999999999999999,0.8660254037844387,0.0106870229007633,0.0030534351145038,0.1990869932599646,0
PAM-00443,crypto_bot,Service Account,backup-db,Tunisia,36.8065,10.1815,SSH,2026-05-25 02:39:13,12.9,2,0,1,,0,0,none,0.4999999999999999,0.8660254037844387,0.0106870229007633,0.0030534351145038,0.1810466898969159,0
PAM-00078,marc_netadmin,Network Admin,fw-edge-01,Tunisia,36.8065,10.1815,HTTPS,2026-05-25 06:00:27,8.5,6,0,1,,0,0,none,1.0,6.123233995736766e-17,0.5405405405405406,0.0103950103950103,0.11866686474746108,0
PAM-00076,marc_netadmin,Network Admin,switch-core-01,Tunisia,36.8065,10.1815,HTTPS,2026-05-25 06:08:08,54.2,6,0,12,,0,0,none,1.0,6.123233995736766e-17,0.7733887733887734,0.0103950103950103,0.0662755081463382,0
PAM-00272,marc_netadmin,Network Admin,fw-edge-02,Tunisia,36.8065,10.1815,HTTPS,2026-05-25 06:08:41,65.2,6,0,18,,0,0,none,1.0,6.123233995736766e-17,0.7006237006237006,0.0103950103950103,0.04077632573464329,0
PAM-01581,jean_dev,Developer,app-dev-01,Tunisia,36.8065,10.1815,SSH,2026-05-25 06:27:57,10.4,6,0,3,,0,0,none,1.0,6.123233995736766e-17,0.2531914893617021,0.0085106382978723,0.12443479035064609,0
PAM-01419,marc_netadmin,Network Admin,fw-edge-02,Tunisia,36.8065,10.1815,HTTPS,2026-05-25 08:14:05,26.7,8,0,6,,0,0,none,0.8660254037844387,-0.4999999999999998,0.7006237006237006,0.0103950103950103,0.17588814607030517,0
PAM-00448,marc_netadmin,Network Admin,fw-edge-01,Tunisia,36.8065,10.1815,HTTPS,2026-05-25 09:16:11,32.0,9,0,8,,0,0,none,0.7071067811865476,-0.7071067811865475,0.5405405405405406,0.0103950103950103,0.18186254490603426,0
PAM-01142,jean_dev,Developer,git-prod,Russia,55.7558,37.6173,SSH,2026-05-25 09:33:33,12.1,9,0,2,,0,1,unusual_country,0.7071067811865476,-0.7071067811865475,0.7851063829787234,0.997872340425532,0.001769927331658927,0
PAM-01982,marc_netadmin,Network Admin,fw-edge-01,Tunisia,36.8065,10.1815,HTTPS,2026-05-25 09:45:18,16.6,9,0,5,,0,0,none,0.7071067811865476,-0.7071067811865475,0.5405405405405406,0.0103950103950103,0.19256831538641467,0
PAM-01225,jean_dev,Developer,git-prod,Tunisia,36.8065,10.1815,SSH,2026-05-25 11:52:37,35.2,11,0,7,,0,0,none,0.258819045102521,-0.9659258262890682,0.7851063829787234,0.0085106382978723,0.1621912079145863,0
PAM-00853,sara_dba,DBA,prod-db-01,Tunisia,36.8065,10.1815,SSH,2026-05-25 13:45:33,22.5,13,0,5,,0,0,none,-0.2588190451025208,-0.9659258262890684,0.339622641509434,0.0188679245283018,0.16927669263063072,0
PAM-01076,sara_dba,DBA,prod-db-01,Tunisia,36.8065,10.1815,SSH,2026-05-25 14:38:41,26.4,14,0,2,,0,0,none,-0.4999999999999997,-0.8660254037844388,0.339622641509434,0.0188679245283018,0.15809324621247578,0
PAM-00608,sara_dba,DBA,prod-db-01,Tunisia,36.8065,10.1815,SSH,2026-05-25 15:39:02,38.4,15,0,16,,0,0,none,-0.7071067811865471,-0.7071067811865479,0.339622641509434,0.0188679245283018,0.08554251841527388,0
PAM-00507,sara_dba,DBA,prod-db-02,Tunisia,36.8065,10.1815,SSH,2026-05-25 15:44:27,36.9,15,0,8,,0,0,none,-0.7071067811865471,-0.7071067811865479,0.9224318658280922,0.0188679245283018,0.07774224595688672,0
PAM-01699,crypto_bot,Service Account,backup-db,Tunisia,36.8065,10.1815,SSH,2026-05-26 02:35:22,21.9,2,0,4,,0,0,none,0.4999999999999999,0.8660254037844387,0.0106870229007633,0.0030534351145038,0.19871859546758136,0
PAM-00143,crypto_bot,Service Account,app-staging,Tunisia,36.8065,10.1815,SSH,2026-05-26 02:49:04,15.4,2,0,7,,0,1,unusual_asset,0.4999999999999999,0.8660254037844387,0.998473282442748,0.0030534351145038,0.0687353309644565,0
PAM-00385,crypto_bot,Service Account,backup-db,Tunisia,36.8065,10.1815,SSH,2026-05-26 02:50:54,20.7,2,0,2,,0,0,none,0.4999999999999999,0.8660254037844387,0.0106870229007633,0.0030534351145038,0.1908642375388741,0
PAM-00579,crypto_bot,Service Account,backup-db,Tunisia,36.8065,10.1815,SSH,2026-05-26 02:52:32,17.1,2,0,4,,0,0,none,0.4999999999999999,0.8660254037844387,0.0106870229007633,0.0030534351145038,0.19987484202740924,0
PAM-00415,crypto_bot,Service Account,backup-db,Tunisia,36.8065,10.1815,SSH,2026-05-26 03:15:03,12.5,3,0,5,,0,0,none,0.7071067811865476,0.7071067811865476,0.0106870229007633,0.0030534351145038,0.1388719477576409,0
PAM-01714,marc_netadmin,Network Admin,fw-edge-01,Tunisia,36.8065,10.1815,HTTPS,2026-05-26 06:06:22,13.3,6,0,3,TRUNCATE TABLE,1,0,none,1.0,6.123233995736766e-17,0.5405405405405406,0.0103950103950103,-0.014003651786638871,1
PAM-01849,marc_netadmin,Network Admin,fw-edge-01,Tunisia,36.8065,10.1815,HTTPS,2026-05-26 09:09:04,4.6,9,0,1,,0,0,none,0.7071067811865476,-0.7071067811865475,0.5405405405405406,0.0103950103950103,0.1598959221230069,0
PAM-00002,marc_netadmin,Network Admin,fw-edge-02,Tunisia,36.8065,10.1815,HTTPS,2026-05-26 10:45:22,32.3,10,0,8,,0,0,none,0.4999999999999999,-0.8660254037844387,0.7006237006237006,0.0103950103950103,0.17799949850445485,0
PAM-00890,jean_dev,Developer,app-staging,Tunisia,36.8065,10.1815,SSH,2026-05-26 11:04:22,28.8,11,0,9,,0,0,none,0.258819045102521,-0.9659258262890682,0.9659574468085106,0.0085106382978723,0.11334428787688478,0
PAM-01995,jean_dev,Developer,app-dev-01,Tunisia,36.8065,10.1815,SSH,2026-05-26 11:57:16,17.9,11,0,1,,0,0,none,0.258819045102521,-0.9659258262890682,0.2531914893617021,0.0085106382978723,0.18188037053223727,0
PAM-00031,marc_netadmin,Network Admin,switch-core-01,Tunisia,36.8065,10.1815,HTTPS,2026-05-26 13:58:59,8.0,13,0,4,,0,0,none,-0.2588190451025208,-0.9659258262890684,0.7733887733887734,0.0103950103950103,0.13616179263738598,0
PAM-01424,sara_dba,DBA,backup-db,Tunisia,36.8065,10.1815,SSH,2026-05-26 15:19:38,21.8,15,0,4,,0,0,none,-0.7071067811865471,-0.7071067811865479,0.740041928721174,0.0188679245283018,0.1369994708431172,0
PAM-00356,sara_dba,DBA,prod-db-01,Tunisia,36.8065,10.1815,SSH,2026-05-26 16:51:20,11.6,16,0,4,,0,0,none,-0.8660254037844385,-0.5000000000000004,0.339622641509434,0.0188679245283018,0.13494371928392707,0
PAM-00707,sara_dba,DBA,prod-db-01,Tunisia,36.8065,10.1815,SSH,2026-05-26 17:06:08,12.0,17,0,4,,0,0,none,-0.9659258262890684,-0.2588190451025206,0.339622641509434,0.0188679245283018,0.10989772859890357,0
PAM-00494,crypto_bot,Service Account,backup-db,Tunisia,36.8065,10.1815,SSH,2026-05-27 02:36:20,11.9,2,0,4,,0,0,none,0.4999999999999999,0.8660254037844387,0.0106870229007633,0.0030534351145038,0.19427005058019092,0
PAM-00744,crypto_bot,Service Account,backup-db,Tunisia,36.8065,10.1815,SSH,2026-05-27 02:36:36,5.0,2,0,1,,0,0,none,0.4999999999999999,0.8660254037844387,0.0106870229007633,0.0030534351145038,0.15842359036700943,0
PAM-00135,crypto_bot,Service Account,backup-db,Tunisia,36.8065,10.1815,SSH,2026-05-27 02:48:05,35.3,2,0,8,,0,0,none,0.4999999999999999,0.8660254037844387,0.0106870229007633,0.0030534351145038,0.17931428180154768,0
PAM-00558,crypto_bot,Service Account,backup-db,Tunisia,36.8065,10.1815,SSH,2026-05-27 02:59:47,24.0,2,0,5,,0,0,none,0.4999999999999999,0.8660254037844387,0.0106870229007633,0.0030534351145038,0.19778006714061275,0
PAM-00619,crypto_bot,Service Account,backup-db,Tunisia,36.8065,10.1815,SSH,2026-05-27 03:10:19,27.5,3,0,10,,0,0,none,0.7071067811865476,0.7071067811865476,0.0106870229007633,0.0030534351145038,0.11564336015891646,0
PAM-01750,crypto_bot,Service Account,backup-db,Tunisia,36.8065,10.1815,SSH,2026-05-27 03:22:12,15.7,3,0,1,,0,0,none,0.7071067811865476,0.7071067811865476,0.0106870229007633,0.0030534351145038,0.12654026090247494,0
PAM-00186,marc_netadmin,Network Admin,fw-edge-01,Tunisia,36.8065,10.1815,HTTPS,2026-05-27 05:58:13,10.2,5,0,3,,0,0,none,0.9659258262890684,0.2588190451025207,0.5405405405405406,0.0103950103950103,0.11746526629571191,0
PAM-01117,marc_netadmin,Network Admin,fw-edge-01,Tunisia,36.8065,10.1815,HTTPS,2026-05-27 06:48:37,8.6,6,0,7,,0,0,none,1.0,6.123233995736766e-17,0.5405405405405406,0.0103950103950103,0.12009613565177785,0
PAM-00591,marc_netadmin,Network Admin,fw-edge-01,Tunisia,36.8065,10.1815,HTTPS,2026-05-27 08:06:30,32.6,8,0,6,,0,0,none,0.8660254037844387,-0.4999999999999998,0.5405405405405406,0.0103950103950103,0.17356506506366337,0
PAM-00445,jean_dev,Developer,app-dev-01,Tunisia,36.8065,10.1815,SSH,2026-05-27 09:14:40,7.0,9,0,1,,0,0,none,0.7071067811865476,-0.7071067811865475,0.2531914893617021,0.0085106382978723,0.16268944032171956,0
PAM-00994,marc_netadmin,Network Admin,switch-core-01,Tunisia,36.8065,10.1815,HTTPS,2026-05-27 09:22:34,13.8,9,0,3,,0,0,none,0.7071067811865476,-0.7071067811865475,0.7733887733887734,0.0103950103950103,0.18590546528127783,0
PAM-01926,sara_dba,DBA,prod-db-01,Tunisia,36.8065,10.1815,SSH,2026-05-27 10:18:54,14.1,10,0,4,,0,0,none,0.4999999999999999,-0.8660254037844387,0.339622641509434,0.0188679245283018,0.17071729732126545,0
PAM-00470,marc_netadmin,Network Admin,fw-edge-01,Tunisia,36.8065,10.1815,HTTPS,2026-05-27 10:31:15,39.2,10,0,5,,0,0,none,0.4999999999999999,-0.8660254037844387,0.5405405405405406,0.0103950103950103,0.16945468749239595,0
PAM-01153,marc_netadmin,Network Admin,fw-edge-02,Tunisia,36.8065,10.1815,HTTPS,2026-05-27 11:38:55,7.2,11,0,1,,0,0,none,0.258819045102521,-0.9659258262890682,0.7006237006237006,0.0103950103950103,0.15846620694447489,0
PAM-01240,sara_dba,DBA,prod-db-02,Tunisia,36.8065,10.1815,SSH,2026-05-27 16:18:09,22.8,16,0,5,,0,0,none,-0.8660254037844385,-0.5000000000000004,0.9224318658280922,0.0188679245283018,0.08280693204914868,0
PAM-00113,sara_dba,DBA,prod-db-02,Tunisia,36.8065,10.1815,SSH,2026-05-27 17:12:47,24.8,17,0,4,,0,0,none,-0.9659258262890684,-0.2588190451025206,0.9224318658280922,0.0188679245283018,0.059379341232383864,0
PAM-01697,sara_dba,DBA,prod-db-01,Tunisia,36.8065,10.1815,SSH,2026-05-27 19:15:53,10.5,19,0,4,,0,0,none,-0.9659258262890684,0.2588190451025203,0.339622641509434,0.0188679245283018,0.07419761223971622,0
PAM-01574,crypto_bot,Service Account,backup-db,Tunisia,36.8065,10.1815,SSH,2026-05-28 02:02:38,16.0,2,0,1,,0,0,none,0.4999999999999999,0.8660254037844387,0.0106870229007633,0.0030534351145038,0.18251184911149904,0
PAM-00473,crypto_bot,Service Account,backup-db,Tunisia,36.8065,10.1815,SSH,2026-05-28 02:32:01,67.2,2,0,20,,0,0,none,0.4999999999999999,0.8660254037844387,0.0106870229007633,0.0030534351145038,0.06463917683215814,0
PAM-01792,crypto_bot,Service Account,backup-db,Tunisia,36.8065,10.1815,SSH,2026-05-28 02:33:46,29.5,2,0,6,,0,0,none,0.4999999999999999,0.8660254037844387,0.0106870229007633,0.0030534351145038,0.19153952320594386,0
PAM-01931,crypto_bot,Service Account,backup-db,Tunisia,36.8065,10.1815,SSH,2026-05-28 03:14:54,24.7,3,0,8,,0,0,none,0.7071067811865476,0.7071067811865476,0.0106870229007633,0.0030534351145038,0.1304150664895834,0
PAM-01086,crypto_bot,Service Account,backup-db,Tunisia,36.8065,10.1815,SSH,2026-05-28 03:33:12,9.9,3,0,1,,0,0,none,0.7071067811865476,0.7071067811865476,0.0106870229007633,0.0030534351145038,0.12161023160085038,0
PAM-00120,marc_netadmin,Network Admin,fw-edge-02,Tunisia,36.8065,10.1815,HTTPS,2026-05-28 05:40:06,18.0,5,0,5,,0,0,none,0.9659258262890684,0.2588190451025207,0.7006237006237006,0.0103950103950103,0.12306762148115985,0
PAM-01241,jean_dev,Developer,app-dev-01,Tunisia,36.8065,10.1815,SSH,2026-05-28 09:02:07,25.7,9,0,6,,0,0,none,0.7071067811865476,-0.7071067811865475,0.2531914893617021,0.0085106382978723,0.1895589489950658,0
PAM-01839,marc_netadmin,Network Admin,fw-edge-02,Tunisia,36.8065,10.1815,HTTPS,2026-05-28 09:29:31,13.5,9,0,3,,0,0,none,0.7071067811865476,-0.7071067811865475,0.7006237006237006,0.0103950103950103,0.18990056802074184,0
PAM-00037,marc_netadmin,Network Admin,fw-edge-01,Tunisia,36.8065,10.1815,HTTPS,2026-05-28 10:03:28,92.8,10,0,22,,0,0,none,0.4999999999999999,-0.8660254037844387,0.5405405405405406,0.0103950103950103,0.04001737597547261,0
PAM-00583,sara_dba,DBA,backup-db,Tunisia,36.8065,10.1815,SSH,2026-05-28 11:00:34,40.7,11,0,13,,0,0,none,0.258819045102521,-0.9659258262890682,0.740041928721174,0.0188679245283018,0.11472540336069459,0
PAM-00460,sara_dba,DBA,prod-db-01,Tunisia,36.8065,10.1815,SSH,2026-05-28 11:33:28,14.0,11,0,7,,0,0,none,0.258819045102521,-0.9659258262890682,0.339622641509434,0.0188679245283018,0.17044156185531256,0
PAM-01635,sara_dba,DBA,prod-db-01,Tunisia,36.8065,10.1815,SSH,2026-05-28 15:09:41,26.5,15,0,6,,0,0,none,-0.7071067811865471,-0.7071067811865479,0.339622641509434,0.0188679245283018,0.1463603860025448,0
PAM-00512,sara_dba,DBA,backup-db,Tunisia,36.8065,10.1815,SSH,2026-05-28 16:00:41,8.8,16,0,1,,0,0,none,-0.8660254037844385,-0.5000000000000004,0.740041928721174,0.0188679245283018,0.09241504269383871,0
PAM-00577,crypto_bot,Service Account,backup-db,Tunisia,36.8065,10.1815,SSH,2026-05-29 02:50:51,8.0,2,0,2,,0,0,none,0.4999999999999999,0.8660254037844387,0.0106870229007633,0.0030534351145038,0.18219699262864414,0
PAM-01641,crypto_bot,Service Account,backup-db,Tunisia,36.8065,10.1815,SSH,2026-05-29 02:59:04,20.0,2,0,11,,0,0,none,0.4999999999999999,0.8660254037844387,0.0106870229007633,0.0030534351145038,0.16512620616472817,0
PAM-01457,marc_netadmin,Network Admin,switch-core-01,Tunisia,36.8065,10.1815,HTTPS,2026-05-29 06:31:02,18.7,6,0,1,,0,0,none,1.0,6.123233995736766e-17,0.7733887733887734,0.0103950103950103,0.11688123787312421,0
PAM-00838,jean_dev,Developer,app-staging,Tunisia,36.8065,10.1815,SSH,2026-05-29 08:17:13,34.7,8,0,11,,0,0,none,0.8660254037844387,-0.4999999999999998,0.9659574468085106,0.0085106382978723,0.09921316147110842,0
PAM-00775,jean_dev,Developer,git-prod,Tunisia,36.8065,10.1815,SSH,2026-05-29 09:35:28,63.6,9,0,17,,0,0,none,0.7071067811865476,-0.7071067811865475,0.7851063829787234,0.0085106382978723,0.08101773947417812,0
PAM-02049,marc_netadmin,Network Admin,fw-edge-02,Tunisia,36.8065,10.1815,HTTPS,2026-05-29 11:05:55,39.4,11,0,11,,0,0,none,0.258819045102521,-0.9659258262890682,0.7006237006237006,0.0103950103950103,0.15158634032400436,0
PAM-01038,sara_dba,DBA,prod-db-01,Tunisia,36.8065,10.1815,SSH,2026-05-29 12:27:59,22.9,12,0,2,,0,0,none,1.2246467991473532e-16,-1.0,0.339622641509434,0.0188679245283018,0.1646863984010863,0
PAM-00574,marc_netadmin,Network Admin,fw-edge-01,Tunisia,36.8065,10.1815,HTTPS,2026-05-29 13:40:19,11.1,13,0,5,,0,0,none,-0.2588190451025208,-0.9659258262890684,0.5405405405405406,0.0103950103950103,0.15064982655143672,0
PAM-00169,sara_dba,DBA,prod-db-01,Tunisia,36.8065,10.1815,SSH,2026-05-29 15:34:32,16.7,15,0,5,,0,0,none,-0.7071067811865471,-0.7071067811865479,0.339622641509434,0.0188679245283018,0.15063290316859634,0
PAM-00799,sara_dba,DBA,prod-db-01,Tunisia,36.8065,10.1815,SSH,2026-05-29 18:36:43,15.2,18,0,2,,0,0,none,-1.0,-1.8369701987210294e-16,0.339622641509434,0.0188679245283018,0.08444121979263797,0
PAM-00794,crypto_bot,Service Account,backup-db,Tunisia,36.8065,10.1815,SSH,2026-05-30 02:10:45,39.0,2,1,8,,0,0,none,0.4999999999999999,0.8660254037844387,0.0106870229007633,0.0030534351145038,0.10822465217850696,0
PAM-01928,crypto_bot,Service Account,backup-db,Tunisia,36.8065,10.1815,SSH,2026-05-30 02:52:06,17.5,2,1,2,,0,0,none,0.4999999999999999,0.8660254037844387,0.0106870229007633,0.0030534351145038,0.12028354588582302,0
PAM-00075,crypto_bot,Service Account,backup-db,Tunisia,36.8065,10.1815,SSH,2026-05-30 02:58:37,17.5,2,1,5,,0,0,none,0.4999999999999999,0.8660254037844387,0.0106870229007633,0.0030534351145038,0.13803643508168084,0
PAM-01069,crypto_bot,Service Account,backup-db,Tunisia,36.8065,10.1815,SSH,2026-05-31 01:06:16,20.0,1,1,4,,0,0,none,0.2588190451025207,0.9659258262890684,0.0106870229007633,0.0030534351145038,0.04174851494644294,0
PAM-00556,crypto_bot,Service Account,backup-db,Tunisia,36.8065,10.1815,SSH,2026-05-31 01:22:05,25.4,1,1,3,,0,0,none,0.2588190451025207,0.9659258262890684,0.0106870229007633,0.0030534351145038,0.03165632552850617,0
PAM-01741,crypto_bot,Service Account,backup-db,Tunisia,36.8065,10.1815,SSH,2026-05-31 01:43:46,15.6,1,1,6,,0,0,none,0.2588190451025207,0.9659258262890684,0.0106870229007633,0.0030534351145038,0.03361206511309822,0
PAM-00110,crypto_bot,Service Account,backup-db,Tunisia,36.8065,10.1815,SSH,2026-05-31 02:10:37,17.4,2,1,3,,0,0,none,0.4999999999999999,0.8660254037844387,0.0106870229007633,0.0030534351145038,0.13007757684162335,0
PAM-01518,crypto_bot,Service Account,backup-db,Tunisia,36.8065,10.1815,SSH,2026-05-31 02:24:10,33.0,2,1,9,,0,0,none,0.4999999999999999,0.8660254037844387,0.0106870229007633,0.0030534351145038,0.1116455836286529,0
PAM-00811,jean_dev,Developer,app-dev-01,Tunisia,36.8065,10.1815,SSH,2026-05-31 11:41:45,9.6,11,1,5,,0,0,none,0.258819045102521,-0.9659258262890682,0.2531914893617021,0.0085106382978723,0.03358186209110581,0
PAM-00704,crypto_bot,Service Account,backup-db,Tunisia,36.8065,10.1815,SSH,2026-06-01 01:42:01,9.0,1,0,2,,0,0,none,0.2588190451025207,0.9659258262890684,0.0106870229007633,0.0030534351145038,0.11233573272984265,0
PAM-00675,crypto_bot,Service Account,backup-db,Tunisia,36.8065,10.1815,SSH,2026-06-01 02:09:31,30.5,2,0,5,,0,0,none,0.4999999999999999,0.8660254037844387,0.0106870229007633,0.0030534351145038,0.1893112589927049,0
PAM-00141,crypto_bot,Service Account,backup-db,Tunisia,36.8065,10.1815,SSH,2026-06-01 02:19:42,19.4,2,0,4,,0,0,none,0.4999999999999999,0.8660254037844387,0.0106870229007633,0.0030534351145038,0.19991024886518627,0
PAM-01000,crypto_bot,Service Account,backup-db,Tunisia,36.8065,10.1815,SSH,2026-06-01 02:19:49,29.8,2,0,5,,0,0,none,0.4999999999999999,0.8660254037844387,0.0106870229007633,0.0030534351145038,0.19066247265599595,0
PAM-00235,crypto_bot,Service Account,backup-db,Tunisia,36.8065,10.1815,SSH,2026-06-01 02:57:38,45.3,2,0,10,,0,0,none,0.4999999999999999,0.8660254037844387,0.0106870229007633,0.0030534351145038,0.1567646040285119,0
PAM-01790,marc_netadmin,Network Admin,fw-edge-01,Tunisia,36.8065,10.1815,HTTPS,2026-06-01 07:59:55,32.4,7,0,14,,0,0,none,0.9659258262890684,-0.2588190451025206,0.5405405405405406,0.0103950103950103,0.11495731384994262,0
PAM-00361,marc_netadmin,Network Admin,fw-edge-01,Tunisia,36.8065,10.1815,HTTPS,2026-06-01 08:01:07,14.0,8,0,1,,0,0,none,0.8660254037844387,-0.4999999999999998,0.5405405405405406,0.0103950103950103,0.1694784256361087,0
PAM-00172,marc_netadmin,Network Admin,fw-edge-02,Tunisia,36.8065,10.1815,HTTPS,2026-06-01 09:53:26,29.8,9,0,9,,0,0,none,0.7071067811865476,-0.7071067811865475,0.7006237006237006,0.0103950103950103,0.17298045038632698,0
PAM-00191,sara_dba,DBA,prod-db-02,Tunisia,36.8065,10.1815,SSH,2026-06-01 10:10:40,7.4,10,0,3,,0,0,none,0.4999999999999999,-0.8660254037844387,0.9224318658280922,0.0188679245283018,0.11298568010159793,0
PAM-01688,marc_netadmin,Network Admin,fw-edge-01,Tunisia,36.8065,10.1815,HTTPS,2026-06-01 13:27:55,35.1,13,0,8,,0,0,none,-0.2588190451025208,-0.9659258262890684,0.5405405405405406,0.0103950103950103,0.13896684451817098,0
PAM-00575,sara_dba,DBA,prod-db-01,Tunisia,36.8065,10.1815,SSH,2026-06-01 14:47:14,11.2,14,0,7,,0,0,none,-0.4999999999999997,-0.8660254037844388,0.339622641509434,0.0188679245283018,0.15477650140987154,0
PAM-00095,sara_dba,DBA,prod-db-01,Tunisia,36.8065,10.1815,SSH,2026-06-01 15:25:31,44.1,15,0,12,,0,0,none,-0.7071067811865471,-0.7071067811865479,0.339622641509434,0.0188679245283018,0.10334921819527221,0
PAM-00117,sara_dba,DBA,backup-db,Tunisia,36.8065,10.1815,SSH,2026-06-01 18:00:05,45.6,18,0,12,,0,0,none,-1.0,-1.8369701987210294e-16,0.740041928721174,0.0188679245283018,0.025692833529680992,0
PAM-01497,sara_dba,DBA,prod-db-01,Tunisia,36.8065,10.1815,SSH,2026-06-01 18:45:01,21.0,18,0,2,,0,0,none,-1.0,-1.8369701987210294e-16,0.339622641509434,0.0188679245283018,0.08447919662470438,0
PAM-00971,crypto_bot,Service Account,backup-db,Tunisia,36.8065,10.1815,SSH,2026-06-02 02:10:47,5.1,2,0,1,,0,0,none,0.4999999999999999,0.8660254037844387,0.0106870229007633,0.0030534351145038,0.15827943302300762,0
PAM-00423,crypto_bot,Service Account,backup-db,Tunisia,36.8065,10.1815,SSH,2026-06-02 02:22:17,21.0,2,0,4,,0,0,none,0.4999999999999999,0.8660254037844387,0.0106870229007633,0.0030534351145038,0.19870360126123138,0
PAM-00539,crypto_bot,Service Account,backup-db,Tunisia,36.8065,10.1815,SSH,2026-06-02 02:32:28,68.0,2,0,17,,0,0,none,0.4999999999999999,0.8660254037844387,0.0106870229007633,0.0030534351145038,0.08012957316892177,0
PAM-01650,crypto_bot,Service Account,backup-db,Tunisia,36.8065,10.1815,SSH,2026-06-02 02:45:31,22.8,2,0,4,,0,0,none,0.4999999999999999,0.8660254037844387,0.0106870229007633,0.0030534351145038,0.19841333062911998,0
PAM-02023,marc_netadmin,Network Admin,switch-core-01,Tunisia,36.8065,10.1815,HTTPS,2026-06-02 09:04:01,22.6,9,0,7,,0,0,none,0.7071067811865476,-0.7071067811865475,0.7733887733887734,0.0103950103950103,0.18372245975771473,0
PAM-01621,jean_dev,Developer,app-dev-01,Tunisia,36.8065,10.1815,SSH,2026-06-02 09:51:02,22.6,9,0,6,,0,0,none,0.7071067811865476,-0.7071067811865475,0.2531914893617021,0.0085106382978723,0.19215442751481326,0
PAM-01295,jean_dev,Developer,app-dev-01,Tunisia,36.8065,10.1815,SSH,2026-06-02 11:07:28,16.4,11,0,6,,0,0,none,0.258819045102521,-0.9659258262890682,0.2531914893617021,0.0085106382978723,0.19301271214167703,0
PAM-00371,sara_dba,DBA,prod-db-01,Tunisia,36.8065,10.1815,SSH,2026-06-02 13:35:57,22.6,13,0,5,,0,0,none,-0.2588190451025208,-0.9659258262890684,0.339622641509434,0.0188679245283018,0.16927669263063072,0
PAM-01162,sara_dba,DBA,prod-db-01,Tunisia,36.8065,10.1815,SSH,2026-06-02 14:56:30,3.7,14,0,1,,0,0,none,-0.4999999999999997,-0.8660254037844388,0.339622641509434,0.0188679245283018,0.13737740712408653,0
PAM-00767,sara_dba,DBA,backup-db,Tunisia,36.8065,10.1815,SSH,2026-06-02 15:13:22,3.6,15,0,1,,0,0,none,-0.7071067811865471,-0.7071067811865479,0.740041928721174,0.0188679245283018,0.10110881693571705,0
PAM-00072,sara_dba,DBA,prod-db-01,Tunisia,36.8065,10.1815,SSH,2026-06-02 16:34:17,67.2,16,0,16,,0,0,none,-0.8660254037844385,-0.5000000000000004,0.339622641509434,0.0188679245283018,0.041041006755629605,0
PAM-01354,crypto_bot,Service Account,backup-db,Tunisia,36.8065,10.1815,SSH,2026-06-03 02:25:25,33.8,2,0,11,,0,0,none,0.4999999999999999,0.8660254037844387,0.0106870229007633,0.0030534351145038,0.16720821068570596,0
PAM-01221,crypto_bot,Service Account,backup-db,Tunisia,36.8065,10.1815,SSH,2026-06-03 02:40:20,13.5,2,0,3,,0,0,none,0.4999999999999999,0.8660254037844387,0.0106870229007633,0.0030534351145038,0.19751175801444282,0
PAM-01771,crypto_bot,Service Account,fw-edge-01,Tunisia,36.8065,10.1815,SSH,2026-06-03 02:54:23,12.5,2,0,4,,0,1,unusual_asset,0.4999999999999999,0.8660254037844387,0.998473282442748,0.0030534351145038,0.06932325574853326,0
PAM-02061,crypto_bot,Service Account,backup-db,Tunisia,36.8065,10.1815,SSH,2026-06-03 03:24:09,16.5,3,0,1,,0,0,none,0.7071067811865476,0.7071067811865476,0.0106870229007633,0.0030534351145038,0.126093370915008,0
PAM-00454,crypto_bot,Service Account,backup-db,Tunisia,36.8065,10.1815,SSH,2026-06-03 03:50:52,23.5,3,0,16,,0,0,none,0.7071067811865476,0.7071067811865476,0.0106870229007633,0.0030534351145038,0.08684801391035357,0
PAM-01124,marc_netadmin,Network Admin,fw-edge-01,Tunisia,36.8065,10.1815,HTTPS,2026-06-03 06:35:59,20.9,6,0,5,,0,0,none,1.0,6.123233995736766e-17,0.5405405405405406,0.0103950103950103,0.13332309100684897,0
PAM-00397,jean_dev,Developer,app-dev-01,Tunisia,36.8065,10.1815,SSH,2026-06-03 07:28:07,12.3,7,0,3,,0,0,none,0.9659258262890684,-0.2588190451025206,0.2531914893617021,0.0085106382978723,0.14207795269084839,0
PAM-00762,marc_netadmin,Network Admin,fw-edge-02,Tunisia,36.8065,10.1815,HTTPS,2026-06-03 08:03:36,20.6,8,0,10,,0,0,none,0.8660254037844387,-0.4999999999999998,0.7006237006237006,0.0103950103950103,0.1523745418807564,0
PAM-01539,marc_netadmin,Network Admin,fw-edge-02,Tunisia,36.8065,10.1815,HTTPS,2026-06-03 08:14:44,12.2,8,0,4,,0,0,none,0.8660254037844387,-0.4999999999999998,0.7006237006237006,0.0103950103950103,0.1798610860781264,0
PAM-01119,jean_dev,Developer,app-dev-01,Tunisia,36.8065,10.1815,SSH,2026-06-03 08:36:09,9.8,8,0,4,,0,0,none,0.8660254037844387,-0.4999999999999998,0.2531914893617021,0.0085106382978723,0.16679828620135634,0
PAM-01192,jean_dev,Developer,app-dev-01,Tunisia,36.8065,10.1815,SSH,2026-06-03 09:04:26,24.2,9,0,5,,0,0,none,0.7071067811865476,-0.7071067811865475,0.2531914893617021,0.0085106382978723,0.19010446215534516,0
PAM-00506,marc_netadmin,Network Admin,switch-core-01,Tunisia,36.8065,10.1815,HTTPS,2026-06-03 09:05:24,6.3,9,0,3,,0,0,none,0.7071067811865476,-0.7071067811865475,0.7733887733887734,0.0103950103950103,0.1685688310680829,0
PAM-01532,jean_dev,Developer,app-dev-01,Tunisia,36.8065,10.1815,SSH,2026-06-03 09:08:35,19.5,9,0,2,,0,0,none,0.7071067811865476,-0.7071067811865475,0.2531914893617021,0.0085106382978723,0.1886789951866158,0
PAM-00289,jean_dev,Developer,app-dev-01,Tunisia,36.8065,10.1815,SSH,2026-06-03 10:34:03,15.5,10,0,6,,0,0,none,0.4999999999999999,-0.8660254037844387,0.2531914893617021,0.0085106382978723,0.1975993769890091,0
PAM-00122,jean_dev,Developer,git-prod,Tunisia,36.8065,10.1815,SSH,2026-06-03 11:21:13,15.6,11,0,6,,0,0,none,0.258819045102521,-0.9659258262890682,0.7851063829787234,0.0085106382978723,0.17637729409678915,0
PAM-02067,jean_dev,Developer,app-dev-01,Tunisia,36.8065,10.1815,SSH,2026-06-03 12:35:44,12.8,12,0,2,,0,0,none,1.2246467991473532e-16,-1.0,0.2531914893617021,0.0085106382978723,0.17332163427871922,0
PAM-00096,sara_dba,DBA,prod-db-01,Tunisia,36.8065,10.1815,SSH,2026-06-03 15:58:13,15.4,15,0,3,,0,0,none,-0.7071067811865471,-0.7071067811865479,0.339622641509434,0.0188679245283018,0.14891595387677803,0
PAM-01514,sara_dba,DBA,prod-db-01,Tunisia,36.8065,10.1815,SSH,2026-06-03 18:51:47,19.7,18,0,6,,0,0,none,-1.0,-1.8369701987210294e-16,0.339622641509434,0.0188679245283018,0.0890586883814724,0
PAM-01247,crypto_bot,Service Account,backup-db,Tunisia,36.8065,10.1815,SSH,2026-06-04 02:25:59,14.7,2,0,5,,0,0,none,0.4999999999999999,0.8660254037844387,0.0106870229007633,0.0030534351145038,0.19749197014016662,0
PAM-00428,marc_netadmin,Network Admin,fw-edge-02,Tunisia,36.8065,10.1815,HTTPS,2026-06-04 07:11:06,11.3,7,0,3,,0,0,none,0.9659258262890684,-0.2588190451025206,0.7006237006237006,0.0103950103950103,0.15302386356443332,0
PAM-00960,jean_dev,Developer,app-dev-01,Tunisia,36.8065,10.1815,SSH,2026-06-04 08:00:25,17.6,8,0,5,,0,0,none,0.8660254037844387,-0.4999999999999998,0.2531914893617021,0.0085106382978723,0.17504003319029604,0
PAM-00269,jean_dev,Developer,git-prod,Tunisia,36.8065,10.1815,SSH,2026-06-04 08:21:56,9.5,8,0,3,,0,0,none,0.8660254037844387,-0.4999999999999998,0.7851063829787234,0.0085106382978723,0.1648894969190705,0
PAM-00720,marc_netadmin,Network Admin,fw-edge-01,Tunisia,36.8065,10.1815,HTTPS,2026-06-04 08:46:08,20.8,8,0,6,,0,0,none,0.8660254037844387,-0.4999999999999998,0.5405405405405406,0.0103950103950103,0.1824656098493017,0
PAM-00151,marc_netadmin,Network Admin,fw-edge-01,Tunisia,36.8065,10.1815,HTTPS,2026-06-04 09:18:12,49.3,9,0,13,,0,0,none,0.7071067811865476,-0.7071067811865475,0.5405405405405406,0.0103950103950103,0.14354346648627414,0
PAM-01752,jean_dev,Developer,app-dev-01,Tunisia,36.8065,10.1815,SSH,2026-06-04 09:34:52,16.1,9,0,2,,0,0,none,0.7071067811865476,-0.7071067811865475,0.2531914893617021,0.0085106382978723,0.18904482586006482,0
PAM-01970,jean_dev,Developer,app-dev-01,Tunisia,36.8065,10.1815,SSH,2026-06-04 09:41:24,18.7,9,0,2,,0,0,none,0.7071067811865476,-0.7071067811865475,0.2531914893617021,0.0085106382978723,0.18928914863959823,0
PAM-00914,marc_netadmin,Network Admin,switch-core-01,Tunisia,36.8065,10.1815,HTTPS,2026-06-04 10:14:20,110.5,10,0,33,,0,0,none,0.4999999999999999,-0.8660254037844387,0.7733887733887734,0.0103950103950103,-0.009127679678172074,1
PAM-00846,jean_dev,Developer,app-dev-01,Tunisia,36.8065,10.1815,SSH,2026-06-04 10:39:18,51.2,10,0,16,,0,0,none,0.4999999999999999,-0.8660254037844387,0.2531914893617021,0.0085106382978723,0.12681749842729273,0
PAM-01959,jean_dev,Developer,app-dev-01,Tunisia,36.8065,10.1815,SSH,2026-06-04 10:48:44,18.3,10,0,2,,0,0,none,0.4999999999999999,-0.8660254037844387,0.2531914893617021,0.0085106382978723,0.19587599767824193,0
PAM-01378,marc_netadmin,Network Admin,switch-core-01,Tunisia,36.8065,10.1815,HTTPS,2026-06-04 10:53:34,32.9,10,0,11,,0,0,none,0.4999999999999999,-0.8660254037844387,0.7733887733887734,0.0103950103950103,0.15944585787459326,0
PAM-00008,jean_dev,Developer,app-dev-01,Tunisia,36.8065,10.1815,SSH,2026-06-04 11:20:00,19.6,11,0,4,,0,0,none,0.258819045102521,-0.9659258262890682,0.2531914893617021,0.0085106382978723,0.19488700077410498,0
PAM-00743,jean_dev,Developer,app-dev-01,Vietnam,21.0278,105.8342,SSH,2026-06-04 11:27:37,11.8,11,0,4,,0,1,unusual_country,0.258819045102521,-0.9659258262890682,0.2531914893617021,0.997872340425532,0.024346610250657874,0
PAM-01250,jean_dev,Developer,app-dev-01,Tunisia,36.8065,10.1815,SSH,2026-06-04 12:08:13,17.6,12,0,7,,0,0,none,1.2246467991473532e-16,-1.0,0.2531914893617021,0.0085106382978723,0.17504722860067606,0
PAM-01029,jean_dev,Developer,app-dev-01,Tunisia,36.8065,10.1815,SSH,2026-06-04 12:36:15,16.5,12,0,5,,0,0,none,1.2246467991473532e-16,-1.0,0.2531914893617021,0.0085106382978723,0.17909695733924014,0
PAM-00755,sara_dba,DBA,backup-db,Tunisia,36.8065,10.1815,SSH,2026-06-04 12:51:44,7.5,12,0,3,,0,0,none,1.2246467991473532e-16,-1.0,0.740041928721174,0.0188679245283018,0.14638696649859723,0
PAM-01198,jean_dev,Developer,app-dev-01,Tunisia,36.8065,10.1815,SSH,2026-06-04 12:52:19,34.9,12,0,11,passwd root,1,0,none,1.2246467991473532e-16,-1.0,0.2531914893617021,0.0085106382978723,-0.008557893711752529,1
PAM-01195,sara_dba,DBA,backup-db,Tunisia,36.8065,10.1815,SSH,2026-06-04 18:51:42,30.8,18,0,10,,0,0,none,-1.0,-1.8369701987210294e-16,0.740041928721174,0.0188679245283018,0.04337809943800097,0
PAM-00446,crypto_bot,Service Account,backup-db,Tunisia,36.8065,10.1815,SSH,2026-06-05 02:00:09,17.2,2,0,5,,0,0,none,0.4999999999999999,0.8660254037844387,0.0106870229007633,0.0030534351145038,0.19953554743931334,0
PAM-00447,crypto_bot,Service Account,backup-db,Tunisia,36.8065,10.1815,SSH,2026-06-05 02:53:41,13.1,2,0,2,,0,0,none,0.4999999999999999,0.8660254037844387,0.0106870229007633,0.0030534351145038,0.19248612757915767,0
PAM-00297,crypto_bot,Service Account,backup-db,Tunisia,36.8065,10.1815,SSH,2026-06-05 03:49:39,3.7,3,0,1,,0,0,none,0.7071067811865476,0.7071067811865476,0.0106870229007633,0.0030534351145038,0.1009742918588527,0
PAM-01691,jean_dev,Developer,app-dev-01,Tunisia,36.8065,10.1815,SSH,2026-06-05 03:52:12,11.8,3,0,2,,0,1,unusual_hour,0.7071067811865476,0.7071067811865476,0.2531914893617021,0.0085106382978723,0.11593704970811358,0
PAM-01934,jean_dev,Developer,app-dev-01,Tunisia,36.8065,10.1815,SSH,2026-06-05 07:15:46,32.1,7,0,11,,0,0,none,0.9659258262890684,-0.2588190451025206,0.2531914893617021,0.0085106382978723,0.12985183501809866,0
PAM-01120,jean_dev,Developer,app-dev-01,Tunisia,36.8065,10.1815,SSH,2026-06-05 08:07:34,24.3,8,0,5,,0,0,none,0.8660254037844387,-0.4999999999999998,0.2531914893617021,0.0085106382978723,0.17328691623175868,0
PAM-01569,sara_dba,DBA,prod-db-01,Tunisia,36.8065,10.1815,SSH,2026-06-05 08:31:43,12.6,8,0,3,,0,0,none,0.8660254037844387,-0.4999999999999998,0.339622641509434,0.0188679245283018,0.14903273534826533,0
PAM-00855,marc_netadmin,Network Admin,fw-edge-02,Tunisia,36.8065,10.1815,HTTPS,2026-06-05 09:06:07,17.6,9,0,10,,0,0,none,0.7071067811865476,-0.7071067811865475,0.7006237006237006,0.0103950103950103,0.16342951755956547,0
PAM-01651,marc_netadmin,Network Admin,fw-edge-02,Tunisia,36.8065,10.1815,HTTPS,2026-06-05 11:34:18,15.8,11,0,2,,0,0,none,0.258819045102521,-0.9659258262890682,0.7006237006237006,0.0103950103950103,0.18132391531617653,0
PAM-00232,crypto_bot,Service Account,backup-db,Tunisia,36.8065,10.1815,SSH,2026-06-06 02:07:10,9.2,2,1,3,,0,0,none,0.4999999999999999,0.8660254037844387,0.0106870229007633,0.0030534351145038,0.11358652518297085,0
PAM-01598,crypto_bot,Service Account,backup-db,Tunisia,36.8065,10.1815,SSH,2026-06-06 02:14:18,58.2,2,1,15,,0,0,none,0.4999999999999999,0.8660254037844387,0.0106870229007633,0.0030534351145038,0.024328984182401148,0
PAM-00052,crypto_bot,Service Account,backup-db,Tunisia,36.8065,10.1815,SSH,2026-06-06 02:34:21,14.6,2,1,4,,0,0,none,0.4999999999999999,0.8660254037844387,0.0106870229007633,0.0030534351145038,0.13461384859171943,0
PAM-01603,crypto_bot,Service Account,backup-db,Tunisia,36.8065,10.1815,SSH,2026-06-06 02:49:33,16.7,2,1,2,,0,0,none,0.4999999999999999,0.8660254037844387,0.0106870229007633,0.0030534351145038,0.12066186206996493,0
PAM-01710,crypto_bot,Service Account,backup-db,Tunisia,36.8065,10.1815,SSH,2026-06-07 02:29:55,46.9,2,1,13,,0,0,none,0.4999999999999999,0.8660254037844387,0.0106870229007633,0.0030534351145038,0.06862872480969573,0
PAM-01474,crypto_bot,Service Account,backup-db,Tunisia,36.8065,10.1815,SSH,2026-06-07 02:36:08,25.0,2,1,1,,0,0,none,0.4999999999999999,0.8660254037844387,0.0106870229007633,0.0030534351145038,0.09952634566477364,0
PAM-01737,crypto_bot,Service Account,backup-db,Tunisia,36.8065,10.1815,SSH,2026-06-07 02:59:59,8.6,2,1,4,,0,0,none,0.4999999999999999,0.8660254037844387,0.0106870229007633,0.0030534351145038,0.1141235500497319,0
PAM-00672,jean_dev,Developer,app-staging,Tunisia,36.8065,10.1815,SSH,2026-06-07 06:00:26,39.1,6,1,8,,0,0,none,1.0,6.123233995736766e-17,0.9659574468085106,0.0085106382978723,-0.04598480999139587,1
PAM-01793,crypto_bot,Service Account,backup-db,Tunisia,36.8065,10.1815,SSH,2026-06-08 01:37:15,41.3,1,0,7,,0,0,none,0.2588190451025207,0.9659258262890684,0.0106870229007633,0.0030534351145038,0.08536209608179152,0
PAM-00671,jean_dev,Developer,app-staging,Tunisia,36.8065,10.1815,SSH,2026-06-08 08:00:34,15.8,8,0,6,,0,0,none,0.8660254037844387,-0.4999999999999998,0.9659574468085106,0.0085106382978723,0.12379892207609128,0
PAM-01429,jean_dev,Developer,git-prod,Tunisia,36.8065,10.1815,SSH,2026-06-08 08:46:29,27.1,8,0,7,,0,0,none,0.8660254037844387,-0.4999999999999998,0.7851063829787234,0.0085106382978723,0.16134584402145602,0
PAM-01341,marc_netadmin,Network Admin,switch-core-01,Tunisia,36.8065,10.1815,HTTPS,2026-06-08 09:19:15,26.6,9,0,5,,0,0,none,0.7071067811865476,-0.7071067811865475,0.7733887733887734,0.0103950103950103,0.18260379985424652,0
PAM-00877,marc_netadmin,Network Admin,fw-edge-02,Tunisia,36.8065,10.1815,HTTPS,2026-06-08 09:35:28,22.0,9,0,4,,0,0,none,0.7071067811865476,-0.7071067811865475,0.7006237006237006,0.0103950103950103,0.1888575855790422,0
PAM-00620,sara_dba,DBA,prod-db-01,Tunisia,36.8065,10.1815,SSH,2026-06-08 10:18:02,17.8,10,0,9,,0,0,none,0.4999999999999999,-0.8660254037844387,0.339622641509434,0.0188679245283018,0.15492991199787115,0
PAM-01078,marc_netadmin,Network Admin,switch-core-01,Tunisia,36.8065,10.1815,HTTPS,2026-06-08 10:58:57,32.5,10,0,6,,0,0,none,0.4999999999999999,-0.8660254037844387,0.7733887733887734,0.0103950103950103,0.17870978383484715,0
PAM-00781,jean_dev,Developer,git-prod,Tunisia,36.8065,10.1815,SSH,2026-06-08 11:13:00,44.8,11,0,17,,0,0,none,0.258819045102521,-0.9659258262890682,0.7851063829787234,0.0085106382978723,0.10239150253934548,0
PAM-01977,sara_dba,DBA,prod-db-01,Tunisia,36.8065,10.1815,SSH,2026-06-08 14:05:51,22.0,14,0,7,,0,0,none,-0.4999999999999997,-0.8660254037844388,0.339622641509434,0.0188679245283018,0.16342102318045804,0
PAM-00985,crypto_bot,Service Account,backup-db,Tunisia,36.8065,10.1815,SSH,2026-06-09 02:09:14,17.3,2,0,8,,0,0,none,0.4999999999999999,0.8660254037844387,0.0106870229007633,0.0030534351145038,0.18732752615096504,0
PAM-01389,crypto_bot,Service Account,backup-db,Tunisia,36.8065,10.1815,SSH,2026-06-09 02:17:46,53.6,2,0,19,,0,0,none,0.4999999999999999,0.8660254037844387,0.0106870229007633,0.0030534351145038,0.09719485102487807,0
PAM-01806,crypto_bot,Service Account,backup-db,Tunisia,36.8065,10.1815,SSH,2026-06-09 02:18:03,17.6,2,0,6,,0,0,none,0.4999999999999999,0.8660254037844387,0.0106870229007633,0.0030534351145038,0.1967613325470321,0
PAM-01415,crypto_bot,Service Account,backup-db,Tunisia,36.8065,10.1815,SSH,2026-06-09 02:18:33,23.8,2,0,5,,0,0,none,0.4999999999999999,0.8660254037844387,0.0106870229007633,0.0030534351145038,0.19830600358691142,0
PAM-01397,crypto_bot,Service Account,backup-db,Tunisia,36.8065,10.1815,SSH,2026-06-09 02:24:10,19.6,2,0,5,,0,0,none,0.4999999999999999,0.8660254037844387,0.0106870229007633,0.0030534351145038,0.2005599609771055,0
PAM-00754,crypto_bot,Service Account,backup-db,Tunisia,36.8065,10.1815,SSH,2026-06-09 02:36:04,111.4,2,0,27,,0,0,none,0.4999999999999999,0.8660254037844387,0.0106870229007633,0.0030534351145038,-0.02901881157727848,1
PAM-01450,crypto_bot,Service Account,backup-db,Tunisia,36.8065,10.1815,SSH,2026-06-09 02:44:45,10.8,2,0,2,,0,0,none,0.4999999999999999,0.8660254037844387,0.0106870229007633,0.0030534351145038,0.190561910371095,0
PAM-01762,crypto_bot,Service Account,backup-db,Tunisia,36.8065,10.1815,SSH,2026-06-09 03:18:01,25.7,3,0,5,,0,0,none,0.7071067811865476,0.7071067811865476,0.0106870229007633,0.0030534351145038,0.13473807295360601,0
PAM-01060,marc_netadmin,Network Admin,fw-edge-01,Tunisia,36.8065,10.1815,HTTPS,2026-06-09 07:02:46,12.0,7,0,4,,0,0,none,0.9659258262890684,-0.2588190451025206,0.5405405405405406,0.0103950103950103,0.15346883943893902,0
PAM-01220,marc_netadmin,Network Admin,fw-edge-02,Tunisia,36.8065,10.1815,HTTPS,2026-06-09 07:11:03,10.1,7,0,2,,0,0,none,0.9659258262890684,-0.2588190451025206,0.7006237006237006,0.0103950103950103,0.15061490663860805,0
PAM-01888,marc_netadmin,Network Admin,fw-edge-02,Tunisia,36.8065,10.1815,HTTPS,2026-06-09 07:18:42,40.4,7,0,11,,0,0,none,0.9659258262890684,-0.2588190451025206,0.7006237006237006,0.0103950103950103,0.12407052694781484,0
PAM-00548,marc_netadmin,Network Admin,fw-edge-01,Tunisia,36.8065,10.1815,HTTPS,2026-06-09 08:13:24,26.6,8,0,10,,0,0,none,0.8660254037844387,-0.4999999999999998,0.5405405405405406,0.0103950103950103,0.15987284038239075,0
PAM-02039,jean_dev,Developer,app-dev-01,Tunisia,36.8065,10.1815,SSH,2026-06-09 11:23:47,38.9,11,0,10,,0,0,none,0.258819045102521,-0.9659258262890682,0.2531914893617021,0.0085106382978723,0.16397221994715322,0
PAM-01542,sara_dba,DBA,prod-db-01,Tunisia,36.8065,10.1815,SSH,2026-06-09 14:16:29,24.4,14,0,8,,0,0,none,-0.4999999999999997,-0.8660254037844388,0.339622641509434,0.0188679245283018,0.1601538662418192,0
PAM-02057,crypto_bot,Service Account,backup-db,Tunisia,36.8065,10.1815,SSH,2026-06-10 02:20:22,9.8,2,0,1,chmod 777,1,1,sensitive_command,0.4999999999999999,0.8660254037844387,0.0106870229007633,0.0030534351145038,0.001934217190457499,0
PAM-01217,crypto_bot,Service Account,backup-db,Tunisia,36.8065,10.1815,SSH,2026-06-10 02:50:43,16.2,2,0,5,,0,0,none,0.4999999999999999,0.8660254037844387,0.0106870229007633,0.0030534351145038,0.19894300243817348,0
PAM-01530,jean_dev,Developer,app-dev-01,Tunisia,36.8065,10.1815,SSH,2026-06-10 07:31:58,13.7,7,0,4,,0,0,none,0.9659258262890684,-0.2588190451025206,0.2531914893617021,0.0085106382978723,0.14189057972979263,0
PAM-01538,jean_dev,Developer,app-dev-01,Tunisia,36.8065,10.1815,SSH,2026-06-10 09:49:25,18.3,9,0,4,,0,0,none,0.7071067811865476,-0.7071067811865475,0.2531914893617021,0.0085106382978723,0.1915717153629497,0
PAM-01073,marc_netadmin,Network Admin,switch-core-01,Tunisia,36.8065,10.1815,HTTPS,2026-06-10 10:34:23,28.2,10,0,3,,0,0,none,0.4999999999999999,-0.8660254037844387,0.7733887733887734,0.0103950103950103,0.1814616047029498,0
PAM-00147,jean_dev,Developer,app-dev-01,Tunisia,36.8065,10.1815,SSH,2026-06-10 11:00:08,48.9,11,0,4,,0,0,none,0.258819045102521,-0.9659258262890682,0.2531914893617021,0.0085106382978723,0.15127482427681588,0
PAM-01373,marc_netadmin,Network Admin,fw-edge-01,Tunisia,36.8065,10.1815,HTTPS,2026-06-10 11:23:44,14.8,11,0,6,,0,0,none,0.258819045102521,-0.9659258262890682,0.5405405405405406,0.0103950103950103,0.18855347379276077,0
PAM-00590,jean_dev,Developer,app-dev-01,Tunisia,36.8065,10.1815,SSH,2026-06-10 11:55:43,11.2,11,0,5,,0,0,none,0.258819045102521,-0.9659258262890682,0.2531914893617021,0.0085106382978723,0.1898302980156874,0
PAM-00230,sara_dba,DBA,backup-db,Tunisia,36.8065,10.1815,SSH,2026-06-10 12:08:40,14.2,12,0,1,,0,0,none,1.2246467991473532e-16,-1.0,0.740041928721174,0.0188679245283018,0.1395827923428093,0
PAM-00144,sara_dba,DBA,backup-db,Tunisia,36.8065,10.1815,SSH,2026-06-10 12:11:17,5.2,12,0,1,,0,0,none,1.2246467991473532e-16,-1.0,0.740041928721174,0.0188679245283018,0.12674809375637103,0
PAM-00532,jean_dev,Developer,app-dev-01,Tunisia,36.8065,10.1815,SSH,2026-06-10 12:12:15,15.9,12,0,7,,0,0,none,1.2246467991473532e-16,-1.0,0.2531914893617021,0.0085106382978723,0.17202814452653853,0
PAM-01531,jean_dev,Developer,app-dev-01,Tunisia,36.8065,10.1815,SSH,2026-06-10 12:56:33,12.2,12,0,5,,0,0,none,1.2246467991473532e-16,-1.0,0.2531914893617021,0.0085106382978723,0.17759586182046355,0
PAM-00033,sara_dba,DBA,backup-db,Tunisia,36.8065,10.1815,SSH,2026-06-10 14:03:35,23.2,14,0,5,,0,0,none,-0.4999999999999997,-0.8660254037844388,0.740041928721174,0.0188679245283018,0.15395111417895047,0
PAM-01085,sara_dba,DBA,app-staging,Tunisia,36.8065,10.1815,SSH,2026-06-10 17:01:08,14.2,17,0,2,,0,1,unusual_asset,-0.9659258262890684,-0.2588190451025206,0.9979035639412998,0.0188679245283018,0.038025219055034754,0
PAM-00593,crypto_bot,Service Account,backup-db,Tunisia,36.8065,10.1815,SSH,2026-06-11 02:05:22,17.0,2,0,8,,0,0,none,0.4999999999999999,0.8660254037844387,0.0106870229007633,0.0030534351145038,0.18707866906520093,0
PAM-02070,crypto_bot,Service Account,backup-db,Tunisia,36.8065,10.1815,SSH,2026-06-11 02:25:34,31.3,2,0,10,,0,0,none,0.4999999999999999,0.8660254037844387,0.0106870229007633,0.0030534351145038,0.1759468811783868,0
PAM-01764,crypto_bot,Service Account,backup-db,Tunisia,36.8065,10.1815,SSH,2026-06-11 02:32:15,21.7,2,0,10,,0,0,none,0.4999999999999999,0.8660254037844387,0.0106870229007633,0.0030534351145038,0.1741856122254336,0
PAM-02083,crypto_bot,Service Account,backup-db,Tunisia,36.8065,10.1815,SSH,2026-06-11 02:51:36,23.1,2,0,1,,0,0,none,0.4999999999999999,0.8660254037844387,0.0106870229007633,0.0030534351145038,0.17813015117404624,0
PAM-00905,crypto_bot,Service Account,backup-db,Tunisia,36.8065,10.1815,SSH,2026-06-11 03:44:18,11.1,3,0,3,,0,0,none,0.7071067811865476,0.7071067811865476,0.0106870229007633,0.0030534351145038,0.1338370769480618,0
PAM-00645,marc_netadmin,Network Admin,fw-edge-01,Tunisia,36.8065,10.1815,HTTPS,2026-06-11 08:00:41,15.0,8,0,5,,0,0,none,0.8660254037844387,-0.4999999999999998,0.5405405405405406,0.0103950103950103,0.18563937220262333,0
PAM-01618,sara_dba,DBA,prod-db-01,Tunisia,36.8065,10.1815,SSH,2026-06-11 08:54:28,15.4,8,0,9,DROP TABLE,1,1,sensitive_command,0.8660254037844387,-0.4999999999999998,0.339622641509434,0.0188679245283018,-0.030274315445874556,1
PAM-01529,sara_dba,DBA,prod-db-01,Tunisia,36.8065,10.1815,SSH,2026-06-11 10:49:00,19.4,10,0,6,,0,0,none,0.4999999999999999,-0.8660254037844387,0.339622641509434,0.0188679245283018,0.17211922036123883,0
PAM-01690,jean_dev,Developer,app-dev-01,Tunisia,36.8065,10.1815,SSH,2026-06-11 12:20:16,11.1,12,0,5,,0,0,none,1.2246467991473532e-16,-1.0,0.2531914893617021,0.0085106382978723,0.17606340003312748,0
PAM-00227,sara_dba,DBA,prod-db-01,Tunisia,36.8065,10.1815,SSH,2026-06-11 12:29:55,31.0,12,0,9,,0,0,none,1.2246467991473532e-16,-1.0,0.339622641509434,0.0188679245283018,0.14775255621858363,0
PAM-00456,sara_dba,DBA,prod-db-01,Tunisia,36.8065,10.1815,SSH,2026-06-11 15:59:55,12.9,15,0,1,,0,0,none,-0.7071067811865471,-0.7071067811865479,0.339622641509434,0.0188679245283018,0.13722955874552034,0
PAM-00312,sara_dba,DBA,prod-db-01,Tunisia,36.8065,10.1815,SSH,2026-06-11 18:17:42,30.4,18,0,7,,0,0,none,-1.0,-1.8369701987210294e-16,0.339622641509434,0.0188679245283018,0.07951513840266744,0
PAM-01264,crypto_bot,Service Account,backup-db,Tunisia,36.8065,10.1815,SSH,2026-06-12 02:30:10,28.3,2,0,7,,0,0,none,0.4999999999999999,0.8660254037844387,0.0106870229007633,0.0030534351145038,0.19383803332807797,0
PAM-00366,crypto_bot,Service Account,backup-db,Tunisia,36.8065,10.1815,SSH,2026-06-12 02:38:46,21.5,2,0,2,,0,0,none,0.4999999999999999,0.8660254037844387,0.0106870229007633,0.0030534351145038,0.19066208847627442,0
PAM-01317,crypto_bot,Service Account,backup-db,Tunisia,36.8065,10.1815,SSH,2026-06-12 02:45:52,25.8,2,0,4,,0,0,none,0.4999999999999999,0.8660254037844387,0.0106870229007633,0.0030534351145038,0.19640534992088976,0
PAM-00897,crypto_bot,Service Account,backup-db,Tunisia,36.8065,10.1815,SSH,2026-06-12 02:59:15,39.5,2,0,18,,0,0,none,0.4999999999999999,0.8660254037844387,0.0106870229007633,0.0030534351145038,0.12374043862271544,0
PAM-00909,marc_netadmin,Network Admin,switch-core-01,Tunisia,36.8065,10.1815,HTTPS,2026-06-12 05:41:18,17.6,5,0,2,,0,0,none,0.9659258262890684,0.2588190451025207,0.7733887733887734,0.0103950103950103,0.11353897254696349,0
PAM-00190,marc_netadmin,Network Admin,switch-core-01,Tunisia,36.8065,10.1815,HTTPS,2026-06-12 06:29:19,14.4,6,0,4,,0,0,none,1.0,6.123233995736766e-17,0.7733887733887734,0.0103950103950103,0.1285468193428843,0
PAM-01796,marc_netadmin,Network Admin,fw-edge-01,Tunisia,36.8065,10.1815,HTTPS,2026-06-12 07:24:09,44.4,7,0,10,,0,0,none,0.9659258262890684,-0.2588190451025206,0.5405405405405406,0.0103950103950103,0.12563989043413942,0
PAM-01780,jean_dev,Developer,app-dev-01,Tunisia,36.8065,10.1815,SSH,2026-06-12 08:46:42,7.0,8,0,1,,0,0,none,0.8660254037844387,-0.4999999999999998,0.2531914893617021,0.0085106382978723,0.14745756338521515,0
PAM-00920,marc_netadmin,Network Admin,fw-edge-02,Tunisia,36.8065,10.1815,HTTPS,2026-06-12 09:18:31,33.5,9,0,8,,0,0,none,0.7071067811865476,-0.7071067811865475,0.7006237006237006,0.0103950103950103,0.17561088485896004,0
PAM-01010,jean_dev,Developer,app-dev-01,Tunisia,36.8065,10.1815,SSH,2026-06-12 09:48:06,35.9,9,0,11,,0,0,none,0.7071067811865476,-0.7071067811865475,0.2531914893617021,0.0085106382978723,0.17047400837053195,0
PAM-01052,marc_netadmin,Network Admin,switch-core-01,Tunisia,36.8065,10.1815,HTTPS,2026-06-12 11:25:19,18.6,11,0,6,,0,0,none,0.258819045102521,-0.9659258262890682,0.7733887733887734,0.0103950103950103,0.18250612016517426,0
PAM-01387,marc_netadmin,Network Admin,fw-edge-01,Tunisia,36.8065,10.1815,HTTPS,2026-06-12 12:35:20,13.5,12,0,2,,0,0,none,1.2246467991473532e-16,-1.0,0.5405405405405406,0.0103950103950103,0.17063689904019502,0
PAM-01024,sara_dba,DBA,prod-db-01,Tunisia,36.8065,10.1815,SSH,2026-06-12 12:40:32,59.2,12,0,18,,0,0,none,1.2246467991473532e-16,-1.0,0.339622641509434,0.0188679245283018,0.0611391540016748,0
PAM-00208,marc_netadmin,Network Admin,fw-edge-01,Tunisia,36.8065,10.1815,HTTPS,2026-06-12 12:54:11,12.9,12,0,1,,0,0,none,1.2246467991473532e-16,-1.0,0.5405405405405406,0.0103950103950103,0.15801052850401837,0
PAM-00717,sara_dba,DBA,prod-db-01,Tunisia,36.8065,10.1815,SSH,2026-06-12 13:22:08,13.6,13,0,11,,0,0,none,-0.2588190451025208,-0.9659258262890684,0.339622641509434,0.0188679245283018,0.1342140172925499,0
PAM-00589,sara_dba,DBA,prod-db-01,Tunisia,36.8065,10.1815,SSH,2026-06-12 14:22:47,22.8,14,0,6,,0,0,none,-0.4999999999999997,-0.8660254037844388,0.339622641509434,0.0188679245283018,0.1679946379362391,0
PAM-00489,sara_dba,DBA,backup-db,Tunisia,36.8065,10.1815,SSH,2026-06-12 15:13:19,21.8,15,0,3,,0,0,none,-0.7071067811865471,-0.7071067811865479,0.740041928721174,0.0188679245283018,0.13509687015225724,0
PAM-00259,sara_dba,DBA,prod-db-01,Tunisia,36.8065,10.1815,SSH,2026-06-12 15:44:02,76.7,15,0,18,,0,0,none,-0.7071067811865471,-0.7071067811865479,0.339622641509434,0.0188679245283018,0.02885714030121822,0
PAM-01583,crypto_bot,Service Account,backup-db,Tunisia,36.8065,10.1815,SSH,2026-06-13 02:21:06,24.2,2,1,3,,0,0,none,0.4999999999999999,0.8660254037844387,0.0106870229007633,0.0030534351145038,0.12757087261487093,0
PAM-01100,crypto_bot,Service Account,backup-db,Tunisia,36.8065,10.1815,SSH,2026-06-13 02:38:49,50.9,2,1,14,,0,0,none,0.4999999999999999,0.8660254037844387,0.0106870229007633,0.0030534351145038,0.05297759789364176,0
PAM-00346,crypto_bot,Service Account,backup-db,Tunisia,36.8065,10.1815,SSH,2026-06-13 03:44:23,47.1,3,1,12,,0,0,none,0.7071067811865476,0.7071067811865476,0.0106870229007633,0.0030534351145038,0.012522791365858876,0
PAM-01418,crypto_bot,Service Account,backup-db,Tunisia,36.8065,10.1815,SSH,2026-06-14 01:43:52,22.5,1,1,8,,0,0,none,0.2588190451025207,0.9659258262890684,0.0106870229007633,0.0030534351145038,0.033374439313254345,0
PAM-00330,crypto_bot,Service Account,backup-db,Tunisia,36.8065,10.1815,SSH,2026-06-14 02:23:40,25.9,2,1,3,,0,0,none,0.4999999999999999,0.8660254037844387,0.0106870229007633,0.0030534351145038,0.12324052983395162,0
PAM-01201,crypto_bot,Service Account,backup-db,Tunisia,36.8065,10.1815,SSH,2026-06-14 02:38:49,32.8,2,1,10,,0,0,none,0.4999999999999999,0.8660254037844387,0.0106870229007633,0.0030534351145038,0.10683705086794354,0
PAM-01315,sara_dba,DBA,backup-db,Tunisia,36.8065,10.1815,SSH,2026-06-14 13:44:03,22.3,13,1,4,,0,0,none,-0.2588190451025208,-0.9659258262890684,0.740041928721174,0.0188679245283018,-0.014900636902257958,1
PAM-01475,crypto_bot,Service Account,backup-db,Tunisia,36.8065,10.1815,SSH,2026-06-15 02:07:00,25.2,2,0,8,,0,0,none,0.4999999999999999,0.8660254037844387,0.0106870229007633,0.0030534351145038,0.19043779397243138,0
PAM-00236,crypto_bot,Service Account,backup-db,Tunisia,36.8065,10.1815,SSH,2026-06-15 02:08:07,13.9,2,0,1,,0,0,none,0.4999999999999999,0.8660254037844387,0.0106870229007633,0.0030534351145038,0.1822000360635011,0
PAM-01779,crypto_bot,Service Account,backup-db,Tunisia,36.8065,10.1815,SSH,2026-06-15 02:51:26,24.7,2,0,6,,0,0,none,0.4999999999999999,0.8660254037844387,0.0106870229007633,0.0030534351145038,0.1970541898158381,0
PAM-01945,crypto_bot,Service Account,backup-db,Tunisia,36.8065,10.1815,SSH,2026-06-15 02:55:06,10.2,2,0,5,,0,0,none,0.4999999999999999,0.8660254037844387,0.0106870229007633,0.0030534351145038,0.18931257717704347,0
PAM-00988,marc_netadmin,Network Admin,switch-core-01,Tunisia,36.8065,10.1815,HTTPS,2026-06-15 06:11:26,11.8,6,0,5,,0,0,none,1.0,6.123233995736766e-17,0.7733887733887734,0.0103950103950103,0.1220609129718439,0
PAM-01865,jean_dev,Developer,git-prod,Tunisia,36.8065,10.1815,SSH,2026-06-15 08:29:24,10.7,8,0,3,,0,0,none,0.8660254037844387,-0.4999999999999998,0.7851063829787234,0.0085106382978723,0.1651533098333886,0
PAM-00925,marc_netadmin,Network Admin,fw-edge-01,Tunisia,36.8065,10.1815,HTTPS,2026-06-15 09:22:36,18.0,9,0,6,,0,0,none,0.7071067811865476,-0.7071067811865475,0.5405405405405406,0.0103950103950103,0.19278223471617462,0
PAM-01757,jean_dev,Developer,git-prod,Tunisia,36.8065,10.1815,SSH,2026-06-15 09:43:35,18.0,9,0,4,,0,0,none,0.7071067811865476,-0.7071067811865475,0.7851063829787234,0.0085106382978723,0.1806610504623642,0
PAM-01022,marc_netadmin,Network Admin,switch-core-01,Tunisia,36.8065,10.1815,HTTPS,2026-06-15 09:48:22,4.4,9,0,2,,0,0,none,0.7071067811865476,-0.7071067811865475,0.7733887733887734,0.0103950103950103,0.1652348083146717,0
PAM-00214,sara_dba,DBA,backup-db,Tunisia,36.8065,10.1815,SSH,2026-06-15 10:20:51,17.9,10,0,4,,0,0,none,0.4999999999999999,-0.8660254037844387,0.740041928721174,0.0188679245283018,0.16772493700222096,0
PAM-00392,marc_netadmin,Network Admin,fw-edge-01,Tunisia,36.8065,10.1815,HTTPS,2026-06-15 10:39:51,10.6,10,0,7,,0,0,none,0.4999999999999999,-0.8660254037844387,0.5405405405405406,0.0103950103950103,0.18512545678159625,0
PAM-00950,jean_dev,Developer,app-dev-01,Tunisia,36.8065,10.1815,SSH,2026-06-15 10:42:27,7.8,10,0,3,,0,0,none,0.4999999999999999,-0.8660254037844387,0.2531914893617021,0.0085106382978723,0.18398094975217588,0
PAM-01734,marc_netadmin,Network Admin,fw-edge-02,Tunisia,36.8065,10.1815,HTTPS,2026-06-15 11:28:52,7.9,11,0,1,,0,0,none,0.258819045102521,-0.9659258262890682,0.7006237006237006,0.0103950103950103,0.16344252920388086,0
PAM-00056,sara_dba,DBA,prod-db-01,Tunisia,36.8065,10.1815,SSH,2026-06-15 12:35:49,15.4,12,0,4,,0,0,none,1.2246467991473532e-16,-1.0,0.339622641509434,0.0188679245283018,0.1700094772153734,0
PAM-00947,sara_dba,DBA,prod-db-01,Tunisia,36.8065,10.1815,SSH,2026-06-15 13:44:27,17.5,13,0,4,,0,0,none,-0.2588190451025208,-0.9659258262890684,0.339622641509434,0.0188679245283018,0.17143962429651205,0
PAM-00751,sara_dba,DBA,backup-db,Tunisia,36.8065,10.1815,SSH,2026-06-15 15:59:19,37.2,15,0,7,,0,0,none,-0.7071067811865471,-0.7071067811865479,0.740041928721174,0.0188679245283018,0.11923968590463913,0
PAM-01434,sara_dba,DBA,prod-db-01,Tunisia,36.8065,10.1815,SSH,2026-06-15 16:17:35,101.9,16,0,16,,0,0,none,-0.8660254037844385,-0.5000000000000004,0.339622641509434,0.0188679245283018,0.006706580960032293,0
PAM-01924,crypto_bot,Service Account,backup-db,Tunisia,36.8065,10.1815,SSH,2026-06-16 01:37:23,16.0,1,0,5,,0,0,none,0.2588190451025207,0.9659258262890684,0.0106870229007633,0.0030534351145038,0.11989546771081916,0
PAM-02055,crypto_bot,Service Account,backup-db,Tunisia,36.8065,10.1815,SSH,2026-06-16 02:19:03,28.4,2,0,9,,0,0,none,0.4999999999999999,0.8660254037844387,0.0106870229007633,0.0030534351145038,0.18119230116129476,0
PAM-01330,crypto_bot,Service Account,backup-db,Tunisia,36.8065,10.1815,SSH,2026-06-16 02:34:25,26.6,2,0,6,,0,0,none,0.4999999999999999,0.8660254037844387,0.0106870229007633,0.0030534351145038,0.196551195841902,0
PAM-02064,crypto_bot,Service Account,backup-db,Tunisia,36.8065,10.1815,SSH,2026-06-16 03:13:53,12.2,3,0,2,,0,0,none,0.7071067811865476,0.7071067811865476,0.0106870229007633,0.0030534351145038,0.13483581608922557,0
PAM-00502,crypto_bot,Service Account,backup-db,Tunisia,36.8065,10.1815,SSH,2026-06-16 03:54:54,44.0,3,0,14,,0,0,none,0.7071067811865476,0.7071067811865476,0.0106870229007633,0.0030534351145038,0.08784794956381875,0
PAM-00642,marc_netadmin,Network Admin,app-staging,Tunisia,36.8065,10.1815,HTTPS,2026-06-16 04:28:36,13.4,4,0,5,,0,1,unusual_asset,0.8660254037844386,0.5000000000000001,0.9937629937629936,0.0103950103950103,0.06614464655320984,0
PAM-00538,marc_netadmin,Network Admin,fw-edge-02,Tunisia,36.8065,10.1815,HTTPS,2026-06-16 06:39:33,6.0,6,0,1,,0,0,none,1.0,6.123233995736766e-17,0.7006237006237006,0.0103950103950103,0.1115996949042189,0
PAM-00629,marc_netadmin,Network Admin,fw-edge-02,Tunisia,36.8065,10.1815,HTTPS,2026-06-16 08:48:19,11.1,8,0,1,,0,0,none,0.8660254037844387,-0.4999999999999998,0.7006237006237006,0.0103950103950103,0.16448674138587233,0
PAM-01861,marc_netadmin,Network Admin,fw-edge-02,Tunisia,36.8065,10.1815,HTTPS,2026-06-16 11:10:59,15.5,11,0,3,,0,0,none,0.258819045102521,-0.9659258262890682,0.7006237006237006,0.0103950103950103,0.18586753075119128,0
PAM-01453,jean_dev,Developer,app-dev-01,Tunisia,36.8065,10.1815,SSH,2026-06-16 11:18:58,18.8,11,0,6,,0,0,none,0.258819045102521,-0.9659258262890682,0.2531914893617021,0.0085106382978723,0.19539092817227122,0
PAM-00907,jean_dev,Developer,app-dev-01,Tunisia,36.8065,10.1815,SSH,2026-06-16 11:35:02,16.6,11,0,8,,0,0,none,0.258819045102521,-0.9659258262890682,0.2531914893617021,0.0085106382978723,0.18581184153109026,0
PAM-01218,jean_dev,Developer,app-dev-01,Tunisia,36.8065,10.1815,SSH,2026-06-16 11:36:37,16.9,11,0,3,,0,0,none,0.258819045102521,-0.9659258262890682,0.2531914893617021,0.0085106382978723,0.19471112561065118,0
PAM-00819,sara_dba,DBA,prod-db-01,Tunisia,36.8065,10.1815,SSH,2026-06-16 15:00:48,400.9,15,0,96,,0,1,unusual_duration,-0.7071067811865471,-0.7071067811865479,0.339622641509434,0.0188679245283018,-0.12242607516125459,1
PAM-01367,sara_dba,DBA,prod-db-01,Tunisia,36.8065,10.1815,SSH,2026-06-16 15:58:45,29.1,15,0,14,,0,0,none,-0.7071067811865471,-0.7071067811865479,0.339622641509434,0.0188679245283018,0.10060282255020048,0
PAM-01030,crypto_bot,Service Account,backup-db,Tunisia,36.8065,10.1815,SSH,2026-06-17 02:15:18,40.6,2,0,16,,0,0,none,0.4999999999999999,0.8660254037844387,0.0106870229007633,0.0030534351145038,0.13885565874467581,0
PAM-00461,marc_netadmin,Network Admin,fw-edge-01,Tunisia,36.8065,10.1815,HTTPS,2026-06-17 10:52:41,26.8,10,0,7,,0,0,none,0.4999999999999999,-0.8660254037844387,0.5405405405405406,0.0103950103950103,0.18792138380089507,0
PAM-00568,jean_dev,Developer,app-dev-01,Tunisia,36.8065,10.1815,SSH,2026-06-17 11:43:08,26.9,11,0,9,,0,0,none,0.258819045102521,-0.9659258262890682,0.2531914893617021,0.0085106382978723,0.18012968237026178,0
PAM-00150,jean_dev,Developer,app-dev-01,Tunisia,36.8065,10.1815,SSH,2026-06-17 11:57:44,26.3,11,0,10,,0,0,none,0.258819045102521,-0.9659258262890682,0.2531914893617021,0.0085106382978723,0.17329708228699725,0
PAM-00651,sara_dba,DBA,backup-db,Tunisia,36.8065,10.1815,SSH,2026-06-17 15:28:25,8.7,15,0,1,,0,0,none,-0.7071067811865471,-0.7071067811865479,0.740041928721174,0.0188679245283018,0.11135911063358228,0
PAM-00770,crypto_bot,Service Account,backup-db,Tunisia,36.8065,10.1815,SSH,2026-06-18 01:26:25,24.8,1,0,7,shutdown -h now,1,0,none,0.2588190451025207,0.9659258262890684,0.0106870229007633,0.0030534351145038,-0.030227728827615596,1
PAM-01395,crypto_bot,Service Account,backup-db,Tunisia,36.8065,10.1815,SSH,2026-06-18 01:33:35,29.6,1,0,9,,0,0,none,0.2588190451025207,0.9659258262890684,0.0106870229007633,0.0030534351145038,0.0960049156677808,0
PAM-00990,jean_dev,Developer,app-dev-01,Tunisia,36.8065,10.1815,SSH,2026-06-18 01:39:09,16.2,1,0,6,,0,1,unusual_hour,0.2588190451025207,0.9659258262890684,0.2531914893617021,0.0085106382978723,0.10310113093059459,0
PAM-01379,crypto_bot,Service Account,backup-db,Tunisia,36.8065,10.1815,SSH,2026-06-18 02:19:27,27.9,2,0,5,,0,0,none,0.4999999999999999,0.8660254037844387,0.0106870229007633,0.0030534351145038,0.19433684950610147,0
PAM-01850,crypto_bot,Service Account,backup-db,Tunisia,36.8065,10.1815,SSH,2026-06-18 02:37:43,28.9,2,0,6,,0,0,none,0.4999999999999999,0.8660254037844387,0.0106870229007633,0.0030534351145038,0.19139048220943566,0
PAM-00969,crypto_bot,Service Account,backup-db,Tunisia,36.8065,10.1815,SSH,2026-06-18 02:52:37,12.0,2,0,5,,0,0,none,0.4999999999999999,0.8660254037844387,0.0106870229007633,0.0030534351145038,0.19301341807300837,0
PAM-01627,crypto_bot,Service Account,backup-db,Tunisia,36.8065,10.1815,SSH,2026-06-18 02:52:46,13.9,2,0,4,,0,0,none,0.4999999999999999,0.8660254037844387,0.0106870229007633,0.0030534351145038,0.19851416136786626,0
PAM-01308,marc_netadmin,Network Admin,fw-edge-02,Tunisia,36.8065,10.1815,HTTPS,2026-06-18 07:10:38,7.8,7,0,1,,0,0,none,0.9659258262890684,-0.2588190451025206,0.7006237006237006,0.0103950103950103,0.13135258491786989,0
PAM-00185,sara_dba,DBA,prod-db-01,Tunisia,36.8065,10.1815,SSH,2026-06-18 08:03:16,32.8,8,0,6,,0,0,none,0.8660254037844387,-0.4999999999999998,0.339622641509434,0.0188679245283018,0.14333720463142752,0
PAM-00309,marc_netadmin,Network Admin,fw-edge-01,Tunisia,36.8065,10.1815,HTTPS,2026-06-18 10:15:53,16.3,10,0,4,,0,0,none,0.4999999999999999,-0.8660254037844387,0.5405405405405406,0.0103950103950103,0.19450550113696402,0
PAM-00896,jean_dev,Developer,app-staging,Tunisia,36.8065,10.1815,SSH,2026-06-18 10:50:14,11.2,10,0,4,,0,0,none,0.4999999999999999,-0.8660254037844387,0.9659574468085106,0.0085106382978723,0.1281560057381808,0
PAM-01284,jean_dev,Developer,app-dev-01,Tunisia,36.8065,10.1815,SSH,2026-06-18 11:58:43,23.2,11,0,8,,0,0,none,0.258819045102521,-0.9659258262890682,0.2531914893617021,0.0085106382978723,0.1873018071495744,0
PAM-01744,jean_dev,Developer,app-dev-01,Tunisia,36.8065,10.1815,SSH,2026-06-18 13:06:40,86.7,13,0,23,,0,0,none,-0.2588190451025208,-0.9659258262890684,0.2531914893617021,0.0085106382978723,-0.000734417359686379,1
PAM-00262,sara_dba,DBA,backup-db,Tunisia,36.8065,10.1815,SSH,2026-06-18 15:47:14,17.1,15,0,4,,0,0,none,-0.7071067811865471,-0.7071067811865479,0.740041928721174,0.0188679245283018,0.13671724008051345,0
PAM-00328,sara_dba,DBA,prod-db-02,Tunisia,36.8065,10.1815,SSH,2026-06-18 17:16:00,9.1,17,0,2,,0,0,none,-0.9659258262890684,-0.2588190451025206,0.9224318658280922,0.0188679245283018,0.04752119153122203,0
PAM-00870,crypto_bot,Service Account,backup-db,Tunisia,36.8065,10.1815,SSH,2026-06-19 02:01:50,17.2,2,0,4,,0,0,none,0.4999999999999999,0.8660254037844387,0.0106870229007633,0.0030534351145038,0.19987484202740924,0
PAM-02013,crypto_bot,Service Account,backup-db,Tunisia,36.8065,10.1815,SSH,2026-06-19 02:43:58,10.7,2,0,3,,0,0,none,0.4999999999999999,0.8660254037844387,0.0106870229007633,0.0030534351145038,0.1924482832679204,0
PAM-00307,crypto_bot,Service Account,backup-db,Tunisia,36.8065,10.1815,SSH,2026-06-19 02:45:04,17.4,2,0,4,,0,0,none,0.4999999999999999,0.8660254037844387,0.0106870229007633,0.0030534351145038,0.20000493030902788,0
PAM-00746,marc_netadmin,Network Admin,fw-edge-02,Tunisia,36.8065,10.1815,HTTPS,2026-06-19 06:23:51,24.3,6,0,3,,0,0,none,1.0,6.123233995736766e-17,0.7006237006237006,0.0103950103950103,0.12625441918261482,0
PAM-01819,marc_netadmin,Network Admin,fw-edge-01,Tunisia,36.8065,10.1815,HTTPS,2026-06-19 07:54:13,16.8,7,0,4,,0,0,none,0.9659258262890684,-0.2588190451025206,0.5405405405405406,0.0103950103950103,0.15593790445799605,0
PAM-00753,jean_dev,Developer,app-dev-01,Tunisia,36.8065,10.1815,SSH,2026-06-19 08:14:45,12.3,8,0,3,,0,0,none,0.8660254037844387,-0.4999999999999998,0.2531914893617021,0.0085106382978723,0.17123170472373372,0
PAM-00791,jean_dev,Developer,app-dev-01,Tunisia,36.8065,10.1815,SSH,2026-06-19 08:19:52,30.9,8,0,7,,0,0,none,0.8660254037844387,-0.4999999999999998,0.2531914893617021,0.0085106382978723,0.16918052258658606,0
PAM-01942,jean_dev,Developer,app-dev-01,Tunisia,36.8065,10.1815,SSH,2026-06-19 10:03:53,16.5,10,0,3,,0,0,none,0.4999999999999999,-0.8660254037844387,0.2531914893617021,0.0085106382978723,0.19604666649404395,0
PAM-00601,marc_netadmin,Network Admin,fw-edge-02,Tunisia,36.8065,10.1815,HTTPS,2026-06-19 10:05:24,33.5,10,0,8,,0,0,none,0.4999999999999999,-0.8660254037844387,0.7006237006237006,0.0103950103950103,0.17604431443162,0
PAM-01700,jean_dev,Developer,app-dev-01,Tunisia,36.8065,10.1815,SSH,2026-06-19 10:10:35,14.3,10,0,4,,0,0,none,0.4999999999999999,-0.8660254037844387,0.2531914893617021,0.0085106382978723,0.19725336829574447,0
PAM-00167,jean_dev,Developer,app-dev-01,Tunisia,36.8065,10.1815,SSH,2026-06-19 10:45:51,17.8,10,0,1,DELETE FROM users,1,0,none,0.4999999999999999,-0.8660254037844387,0.2531914893617021,0.0085106382978723,0.016104730085607533,0
PAM-00942,marc_netadmin,Network Admin,switch-core-01,Tunisia,36.8065,10.1815,HTTPS,2026-06-19 11:21:00,26.0,11,0,8,,0,0,none,0.258819045102521,-0.9659258262890682,0.7733887733887734,0.0103950103950103,0.17462206116043588,0
PAM-02080,marc_netadmin,Network Admin,fw-edge-01,Tunisia,36.8065,10.1815,HTTPS,2026-06-19 11:54:43,31.1,11,0,11,,0,0,none,0.258819045102521,-0.9659258262890682,0.5405405405405406,0.0103950103950103,0.1617158146535408,0
PAM-01535,sara_dba,DBA,prod-db-02,Tunisia,36.8065,10.1815,SSH,2026-06-19 12:07:22,114.3,12,0,32,,0,0,none,1.2246467991473532e-16,-1.0,0.9224318658280922,0.0188679245283018,-0.06203458857011168,1
PAM-00902,marc_netadmin,Network Admin,fw-edge-01,Tunisia,36.8065,10.1815,HTTPS,2026-06-19 12:33:53,9.2,12,0,3,,0,0,none,1.2246467991473532e-16,-1.0,0.5405405405405406,0.0103950103950103,0.16784233808472637,0
PAM-02081,sara_dba,DBA,prod-db-01,Tunisia,36.8065,10.1815,SSH,2026-06-19 14:00:56,32.4,14,0,5,,0,0,none,-0.4999999999999997,-0.8660254037844388,0.339622641509434,0.0188679245283018,0.1560560856605237,0
PAM-01900,sara_dba,DBA,prod-db-01,Tunisia,36.8065,10.1815,SSH,2026-06-19 15:24:38,8.9,15,0,4,,0,0,none,-0.7071067811865471,-0.7071067811865479,0.339622641509434,0.0188679245283018,0.14044189164946808,0
PAM-01299,sara_dba,DBA,backup-db,Tunisia,36.8065,10.1815,SSH,2026-06-19 15:31:01,15.2,15,0,1,,0,0,none,-0.7071067811865471,-0.7071067811865479,0.740041928721174,0.0188679245283018,0.11613718346233509,0
PAM-02011,sara_dba,DBA,backup-db,Tunisia,36.8065,10.1815,SSH,2026-06-19 15:46:07,45.7,15,0,14,,0,0,none,-0.7071067811865471,-0.7071067811865479,0.740041928721174,0.0188679245283018,0.07361167275018787,0
PAM-00537,sara_dba,DBA,prod-db-01,Tunisia,36.8065,10.1815,SSH,2026-06-19 16:44:59,11.5,16,0,3,,0,0,none,-0.8660254037844385,-0.5000000000000004,0.339622641509434,0.0188679245283018,0.13218843555240228,0
PAM-02045,jean_dev,Developer,app-dev-01,Tunisia,36.8065,10.1815,SSH,2026-06-20 00:52:37,52.8,0,1,20,,0,1,unusual_hour,0.0,1.0,0.2531914893617021,0.0085106382978723,-0.07014849132174539,1
PAM-00007,crypto_bot,Service Account,backup-db,Tunisia,36.8065,10.1815,SSH,2026-06-20 01:25:23,41.5,1,1,5,,0,0,none,0.2588190451025207,0.9659258262890684,0.0106870229007633,0.0030534351145038,0.009532250991458824,0
PAM-01524,crypto_bot,Service Account,backup-db,Tunisia,36.8065,10.1815,SSH,2026-06-20 01:57:18,9.7,1,1,1,,0,0,none,0.2588190451025207,0.9659258262890684,0.0106870229007633,0.0030534351145038,0.01609454281164191,0
PAM-01370,crypto_bot,Service Account,backup-db,Tunisia,36.8065,10.1815,SSH,2026-06-20 02:08:53,24.0,2,1,4,,0,0,none,0.4999999999999999,0.8660254037844387,0.0106870229007633,0.0030534351145038,0.13584322740471444,0
PAM-00741,crypto_bot,Service Account,backup-db,Tunisia,36.8065,10.1815,SSH,2026-06-21 01:33:04,12.8,1,1,2,,0,0,none,0.2588190451025207,0.9659258262890684,0.0106870229007633,0.0030534351145038,0.03145166093240204,0
PAM-01917,crypto_bot,Service Account,backup-db,Tunisia,36.8065,10.1815,SSH,2026-06-21 02:10:16,19.9,2,1,2,,0,0,none,0.4999999999999999,0.8660254037844387,0.0106870229007633,0.0030534351145038,0.11898170152609966,0
PAM-01098,crypto_bot,Service Account,backup-db,Tunisia,36.8065,10.1815,SSH,2026-06-21 02:12:09,31.2,2,1,8,passwd root,1,0,none,0.4999999999999999,0.8660254037844387,0.0106870229007633,0.0030534351145038,-0.015561528614357334,1
PAM-01302,crypto_bot,Service Account,backup-db,Tunisia,36.8065,10.1815,SSH,2026-06-21 02:35:20,51.1,2,1,8,,0,0,none,0.4999999999999999,0.8660254037844387,0.0106870229007633,0.0030534351145038,0.08598890631526446,0
PAM-02014,crypto_bot,Service Account,backup-db,Tunisia,36.8065,10.1815,SSH,2026-06-21 02:39:17,19.8,2,1,5,,0,0,none,0.4999999999999999,0.8660254037844387,0.0106870229007633,0.0030534351145038,0.13901717489276155,0
PAM-00047,crypto_bot,Service Account,backup-db,Tunisia,36.8065,10.1815,SSH,2026-06-21 02:48:39,31.3,2,1,7,,0,0,none,0.4999999999999999,0.8660254037844387,0.0106870229007633,0.0030534351145038,0.12342661034663982,0
PAM-01883,crypto_bot,Service Account,backup-db,Tunisia,36.8065,10.1815,SSH,2026-06-21 02:54:36,26.3,2,1,2,,0,0,none,0.4999999999999999,0.8660254037844387,0.0106870229007633,0.0030534351145038,0.11193431014792193,0
PAM-00826,crypto_bot,Service Account,backup-db,Tunisia,36.8065,10.1815,SSH,2026-06-22 02:25:55,9.7,2,0,2,,0,0,none,0.4999999999999999,0.8660254037844387,0.0106870229007633,0.0030534351145038,0.18932989029530856,0
PAM-01305,jean_dev,Developer,app-dev-01,Tunisia,36.8065,10.1815,SSH,2026-06-22 06:41:12,18.7,6,0,8,,0,0,none,1.0,6.123233995736766e-17,0.2531914893617021,0.0085106382978723,0.124000218433301,0
PAM-01868,marc_netadmin,Network Admin,fw-edge-01,Tunisia,36.8065,10.1815,HTTPS,2026-06-22 07:37:42,66.5,7,0,12,,0,0,none,0.9659258262890684,-0.2588190451025206,0.5405405405405406,0.0103950103950103,0.08342346313938798,0
PAM-00939,marc_netadmin,Network Admin,fw-edge-01,Tunisia,36.8065,10.1815,HTTPS,2026-06-22 08:54:41,35.2,8,0,11,,0,0,none,0.8660254037844387,-0.4999999999999998,0.5405405405405406,0.0103950103950103,0.15368547748379657,0
PAM-01768,jean_dev,Developer,app-dev-01,Tunisia,36.8065,10.1815,SSH,2026-06-22 09:24:32,22.0,9,0,3,,0,0,none,0.7071067811865476,-0.7071067811865475,0.2531914893617021,0.0085106382978723,0.1906166712433125,0
PAM-00968,marc_netadmin,Network Admin,fw-edge-02,Tunisia,36.8065,10.1815,HTTPS,2026-06-22 10:28:16,11.0,10,0,2,,0,0,none,0.4999999999999999,-0.8660254037844387,0.7006237006237006,0.0103950103950103,0.1863568965272061,0
PAM-00320,jean_dev,Developer,app-dev-01,Tunisia,36.8065,10.1815,SSH,2026-06-22 10:35:19,25.3,10,0,7,,0,0,none,0.4999999999999999,-0.8660254037844387,0.2531914893617021,0.0085106382978723,0.19142407627628893,0
PAM-00807,jean_dev,Developer,app-dev-01,Tunisia,36.8065,10.1815,SSH,2026-06-22 11:28:19,9.1,11,0,1,,0,0,none,0.258819045102521,-0.9659258262890682,0.2531914893617021,0.0085106382978723,0.1778076616484966,0
PAM-01194,sara_dba,DBA,prod-db-01,Tunisia,36.8065,10.1815,SSH,2026-06-22 11:53:42,34.2,11,0,4,,0,0,none,0.258819045102521,-0.9659258262890682,0.339622641509434,0.0188679245283018,0.15949291306447871,0
PAM-00006,jean_dev,Developer,app-dev-01,Tunisia,36.8065,10.1815,SSH,2026-06-22 12:49:18,39.5,12,0,11,,0,0,none,1.2246467991473532e-16,-1.0,0.2531914893617021,0.0085106382978723,0.1401550479153642,0
PAM-01495,sara_dba,DBA,backup-db,Tunisia,36.8065,10.1815,SSH,2026-06-22 14:32:10,29.8,14,0,11,,0,0,none,-0.4999999999999997,-0.8660254037844388,0.740041928721174,0.0188679245283018,0.1251451462605796,0
PAM-00449,sara_dba,DBA,prod-db-01,Tunisia,36.8065,10.1815,SSH,2026-06-22 14:49:28,37.3,14,0,15,,0,0,none,-0.4999999999999997,-0.8660254037844388,0.339622641509434,0.0188679245283018,0.11246952730449827,0
PAM-00063,sara_dba,DBA,prod-db-01,Tunisia,36.8065,10.1815,SSH,2026-06-22 14:50:37,12.4,14,0,2,,0,0,none,-0.4999999999999997,-0.8660254037844388,0.339622641509434,0.0188679245283018,0.1639123940708253,0
PAM-01448,sara_dba,DBA,backup-db,Tunisia,36.8065,10.1815,SSH,2026-06-22 15:01:23,14.2,15,0,11,,0,0,none,-0.7071067811865471,-0.7071067811865479,0.740041928721174,0.0188679245283018,0.09977120802789469,0
PAM-00796,crypto_bot,Service Account,backup-db,Tunisia,36.8065,10.1815,SSH,2026-06-23 01:02:54,16.2,1,0,2,,0,0,none,0.2588190451025207,0.9659258262890684,0.0106870229007633,0.0030534351145038,0.11988113294840846,0
PAM-01933,crypto_bot,Service Account,backup-db,Tunisia,36.8065,10.1815,SSH,2026-06-23 02:06:00,50.6,2,0,10,,0,0,none,0.4999999999999999,0.8660254037844387,0.0106870229007633,0.0030534351145038,0.1433099449029474,0
PAM-01876,crypto_bot,Service Account,backup-db,Tunisia,36.8065,10.1815,SSH,2026-06-23 02:15:54,19.6,2,0,6,,0,0,none,0.4999999999999999,0.8660254037844387,0.0106870229007633,0.0030534351145038,0.19872089685752187,0
PAM-01471,crypto_bot,Service Account,backup-db,Tunisia,36.8065,10.1815,SSH,2026-06-23 02:28:31,78.5,2,0,17,,0,0,none,0.4999999999999999,0.8660254037844387,0.0106870229007633,0.0030534351145038,0.06538953265698555,0
PAM-01513,crypto_bot,Service Account,backup-db,Tunisia,36.8065,10.1815,SSH,2026-06-23 03:42:20,31.2,3,0,7,,0,0,none,0.7071067811865476,0.7071067811865476,0.0106870229007633,0.0030534351145038,0.12991090489689577,0
PAM-00639,jean_dev,Developer,app-dev-01,Tunisia,36.8065,10.1815,SSH,2026-06-23 06:22:13,18.6,6,0,6,,0,0,none,1.0,6.123233995736766e-17,0.2531914893617021,0.0085106382978723,0.12509839644401433,0
PAM-01345,marc_netadmin,Network Admin,fw-edge-01,Tunisia,36.8065,10.1815,HTTPS,2026-06-23 08:27:17,18.9,8,0,3,,0,0,none,0.8660254037844387,-0.4999999999999998,0.5405405405405406,0.0103950103950103,0.18468522568078916,0
PAM-01722,marc_netadmin,Network Admin,fw-edge-02,Tunisia,36.8065,10.1815,HTTPS,2026-06-23 09:31:33,32.9,9,0,5,,0,0,none,0.7071067811865476,-0.7071067811865475,0.7006237006237006,0.0103950103950103,0.17857847110601915,0
PAM-02051,marc_netadmin,Network Admin,fw-edge-01,Tunisia,36.8065,10.1815,HTTPS,2026-06-23 09:48:16,25.2,9,0,4,,0,0,none,0.7071067811865476,-0.7071067811865475,0.5405405405405406,0.0103950103950103,0.18774664551900921,0
PAM-02054,sara_dba,DBA,backup-db,Tunisia,36.8065,10.1815,SSH,2026-06-23 10:55:29,30.7,10,0,9,,0,0,none,0.4999999999999999,-0.8660254037844387,0.740041928721174,0.0188679245283018,0.1479685053843564,0
PAM-00773,jean_dev,Developer,git-prod,Tunisia,36.8065,10.1815,SSH,2026-06-23 11:06:05,24.6,11,0,9,,0,0,none,0.258819045102521,-0.9659258262890682,0.7851063829787234,0.0085106382978723,0.15970956736288872,0
PAM-01864,sara_dba,DBA,prod-db-01,Tunisia,36.8065,10.1815,SSH,2026-06-23 12:48:27,15.1,12,0,4,,0,0,none,1.2246467991473532e-16,-1.0,0.339622641509434,0.0188679245283018,0.17028980944102623,0
PAM-02073,sara_dba,DBA,backup-db,Tunisia,36.8065,10.1815,SSH,2026-06-23 12:56:55,20.5,12,0,6,,0,0,none,1.2246467991473532e-16,-1.0,0.740041928721174,0.0188679245283018,0.15666867422366088,0
PAM-00127,sara_dba,DBA,prod-db-01,Tunisia,36.8065,10.1815,SSH,2026-06-23 13:07:16,6.9,13,0,2,,0,0,none,-0.2588190451025208,-0.9659258262890684,0.339622641509434,0.0188679245283018,0.1556245518826047,0
PAM-00216,sara_dba,DBA,backup-db,Tunisia,36.8065,10.1815,SSH,2026-06-23 14:38:39,53.7,14,0,10,,0,0,none,-0.4999999999999997,-0.8660254037844388,0.740041928721174,0.0188679245283018,0.09354109988870452,0
PAM-00709,sara_dba,DBA,backup-db,Tunisia,36.8065,10.1815,SSH,2026-06-23 15:14:38,32.7,15,0,6,,0,0,none,-0.7071067811865471,-0.7071067811865479,0.740041928721174,0.0188679245283018,0.1259830751169131,0
PAM-00615,crypto_bot,Service Account,backup-db,Tunisia,36.8065,10.1815,SSH,2026-06-24 02:01:03,11.4,2,0,2,,0,0,none,0.4999999999999999,0.8660254037844387,0.0106870229007633,0.0030534351145038,0.19160460087832554,0
PAM-00808,crypto_bot,Service Account,backup-db,Tunisia,36.8065,10.1815,SSH,2026-06-24 02:49:12,29.2,2,0,6,,0,0,none,0.4999999999999999,0.8660254037844387,0.0106870229007633,0.0030534351145038,0.19153952320594386,0
PAM-00228,crypto_bot,Service Account,backup-db,Tunisia,36.8065,10.1815,SSH,2026-06-24 03:25:28,29.2,3,0,10,,0,0,none,0.7071067811865476,0.7071067811865476,0.0106870229007633,0.0030534351145038,0.11541967184848018,0
PAM-01550,jean_dev,Developer,git-prod,Tunisia,36.8065,10.1815,SSH,2026-06-24 08:49:29,26.3,8,0,4,,0,0,none,0.8660254037844387,-0.4999999999999998,0.7851063829787234,0.0085106382978723,0.16676537800932545,0
PAM-01177,marc_netadmin,Network Admin,fw-edge-01,Tunisia,36.8065,10.1815,HTTPS,2026-06-24 08:56:36,20.8,8,0,6,,0,0,none,0.8660254037844387,-0.4999999999999998,0.5405405405405406,0.0103950103950103,0.1824656098493017,0
PAM-02036,marc_netadmin,Network Admin,switch-core-01,Tunisia,36.8065,10.1815,HTTPS,2026-06-24 09:52:09,8.4,9,0,2,,0,0,none,0.7071067811865476,-0.7071067811865475,0.7733887733887734,0.0103950103950103,0.1731693891577648,0
PAM-01259,sara_dba,DBA,prod-db-01,Tunisia,36.8065,10.1815,SSH,2026-06-24 10:04:36,37.6,10,0,12,,0,0,none,0.4999999999999999,-0.8660254037844387,0.339622641509434,0.0188679245283018,0.1378022334263923,0
PAM-00786,jean_dev,Developer,app-dev-01,Tunisia,36.8065,10.1815,SSH,2026-06-24 10:59:14,13.0,10,0,1,,0,0,none,0.4999999999999999,-0.8660254037844387,0.2531914893617021,0.0085106382978723,0.18348510425033027,0
PAM-01901,jean_dev,Developer,git-prod,Tunisia,36.8065,10.1815,SSH,2026-06-24 11:15:46,53.3,11,0,16,,0,0,none,0.258819045102521,-0.9659258262890682,0.7851063829787234,0.0085106382978723,0.0943219476228519,0
PAM-01766,sara_dba,DBA,prod-db-01,Tunisia,36.8065,10.1815,SSH,2026-06-24 11:59:13,42.5,11,0,13,,0,0,none,0.258819045102521,-0.9659258262890682,0.339622641509434,0.0188679245283018,0.12315535869000444,0
PAM-01736,jean_dev,Developer,git-prod,Tunisia,36.8065,10.1815,SSH,2026-06-24 12:08:46,13.7,12,0,5,,0,0,none,1.2246467991473532e-16,-1.0,0.7851063829787234,0.0085106382978723,0.1641150790471826,0
PAM-00436,sara_dba,DBA,backup-db,Tunisia,36.8065,10.1815,SSH,2026-06-24 13:07:45,14.4,13,0,5,,0,0,none,-0.2588190451025208,-0.9659258262890684,0.740041928721174,0.0188679245283018,0.1509909409855099,0
PAM-01698,sara_dba,DBA,backup-db,Tunisia,36.8065,10.1815,SSH,2026-06-24 13:27:55,9.8,13,0,3,,0,0,none,-0.2588190451025208,-0.9659258262890684,0.740041928721174,0.0188679245283018,0.1466888805842433,0
PAM-00245,sara_dba,DBA,prod-db-01,Tunisia,36.8065,10.1815,SSH,2026-06-24 13:47:03,20.7,13,0,9,,0,0,none,-0.2588190451025208,-0.9659258262890684,0.339622641509434,0.0188679245283018,0.15121200684309505,0
PAM-01426,sara_dba,DBA,prod-db-01,Tunisia,36.8065,10.1815,SSH,2026-06-24 16:21:32,10.2,16,0,3,,0,0,none,-0.8660254037844385,-0.5000000000000004,0.339622641509434,0.0188679245283018,0.12857633829330922,0
PAM-00948,crypto_bot,Service Account,backup-db,Tunisia,36.8065,10.1815,SSH,2026-06-25 01:05:20,10.4,1,0,1,,0,0,none,0.2588190451025207,0.9659258262890684,0.0106870229007633,0.0030534351145038,0.1067516401819551,0
PAM-00300,crypto_bot,Service Account,backup-db,Tunisia,36.8065,10.1815,SSH,2026-06-25 02:00:20,19.3,2,0,7,,0,0,none,0.4999999999999999,0.8660254037844387,0.0106870229007633,0.0030534351145038,0.19568203325059136,0
PAM-00491,crypto_bot,Service Account,backup-db,Tunisia,36.8065,10.1815,SSH,2026-06-25 02:42:21,26.9,2,0,5,,0,0,none,0.4999999999999999,0.8660254037844387,0.0106870229007633,0.0030534351145038,0.1960670454522087,0
PAM-01909,crypto_bot,Service Account,backup-db,Tunisia,36.8065,10.1815,SSH,2026-06-25 02:47:12,20.7,2,0,6,,0,0,none,0.4999999999999999,0.8660254037844387,0.0106870229007633,0.0030534351145038,0.19726724431767195,0
PAM-01185,crypto_bot,Service Account,backup-db,Tunisia,36.8065,10.1815,SSH,2026-06-25 02:59:40,7.6,2,0,3,,0,0,none,0.4999999999999999,0.8660254037844387,0.0106870229007633,0.0030534351145038,0.18183411778039693,0
PAM-00658,marc_netadmin,Network Admin,fw-edge-01,Tunisia,36.8065,10.1815,HTTPS,2026-06-25 06:19:22,19.2,6,0,3,,0,0,none,1.0,6.123233995736766e-17,0.5405405405405406,0.0103950103950103,0.1348530535449044,0
PAM-02015,jean_dev,Developer,app-dev-01,Tunisia,36.8065,10.1815,SSH,2026-06-25 07:29:25,13.7,7,0,3,,0,0,none,0.9659258262890684,-0.2588190451025206,0.2531914893617021,0.0085106382978723,0.14352420136213456,0
PAM-01314,marc_netadmin,Network Admin,switch-core-01,Tunisia,36.8065,10.1815,HTTPS,2026-06-25 08:15:10,35.9,8,0,7,,0,0,none,0.8660254037844387,-0.4999999999999998,0.7733887733887734,0.0103950103950103,0.15969126770735892,0
PAM-00381,jean_dev,Developer,app-dev-01,Tunisia,36.8065,10.1815,SSH,2026-06-25 08:15:20,10.8,8,0,1,,0,0,none,0.8660254037844387,-0.4999999999999998,0.2531914893617021,0.0085106382978723,0.15794991822611787,0
PAM-00927,jean_dev,Developer,app-dev-01,Tunisia,36.8065,10.1815,SSH,2026-06-25 09:07:32,14.9,9,0,3,,0,0,none,0.7071067811865476,-0.7071067811865475,0.2531914893617021,0.0085106382978723,0.1903268430881292,0
PAM-01821,jean_dev,Developer,app-dev-01,Tunisia,36.8065,10.1815,SSH,2026-06-25 09:15:37,8.8,9,0,2,,0,0,none,0.7071067811865476,-0.7071067811865475,0.2531914893617021,0.0085106382978723,0.17803683614541227,0
PAM-01782,jean_dev,Developer,app-dev-01,Tunisia,36.8065,10.1815,SSH,2026-06-25 09:53:08,37.3,9,0,4,,0,0,none,0.7071067811865476,-0.7071067811865475,0.2531914893617021,0.0085106382978723,0.1755155684017996,0
PAM-00083,sara_dba,DBA,prod-db-02,Tunisia,36.8065,10.1815,SSH,2026-06-25 10:43:46,16.4,10,0,3,shutdown -h now,1,0,none,0.4999999999999999,-0.8660254037844387,0.9224318658280922,0.0188679245283018,-0.021631815958406686,1
PAM-00588,marc_netadmin,Network Admin,fw-edge-02,Tunisia,36.8065,10.1815,HTTPS,2026-06-25 10:54:40,11.9,10,0,5,,0,0,none,0.4999999999999999,-0.8660254037844387,0.7006237006237006,0.0103950103950103,0.1876590546139022,0
PAM-01951,marc_netadmin,Network Admin,fw-edge-02,Tunisia,36.8065,10.1815,HTTPS,2026-06-25 11:13:26,16.1,11,0,1,,0,0,none,0.258819045102521,-0.9659258262890682,0.7006237006237006,0.0103950103950103,0.1683643242250651,0
PAM-00293,sara_dba,DBA,prod-db-01,Tunisia,36.8065,10.1815,SSH,2026-06-25 12:03:59,20.1,12,0,3,,0,0,none,1.2246467991473532e-16,-1.0,0.339622641509434,0.0188679245283018,0.1681376385050095,0
PAM-00668,marc_netadmin,Network Admin,fw-edge-02,Tunisia,36.8065,10.1815,HTTPS,2026-06-25 12:09:23,38.7,12,0,9,,0,0,none,1.2246467991473532e-16,-1.0,0.7006237006237006,0.0103950103950103,0.13698079386303663,0
PAM-00261,sara_dba,DBA,prod-db-01,Tunisia,36.8065,10.1815,SSH,2026-06-25 12:34:06,20.0,12,0,4,,0,0,none,1.2246467991473532e-16,-1.0,0.339622641509434,0.0188679245283018,0.1701483533678032,0
PAM-01507,sara_dba,DBA,backup-db,Tunisia,36.8065,10.1815,SSH,2026-06-25 15:33:01,31.9,15,0,7,,0,0,none,-0.7071067811865471,-0.7071067811865479,0.740041928721174,0.0188679245283018,0.12415157693342133,0
PAM-00768,crypto_bot,Service Account,backup-db,Tunisia,36.8065,10.1815,SSH,2026-06-26 01:18:05,13.9,1,0,2,,0,0,none,0.2588190451025207,0.9659258262890684,0.0106870229007633,0.0030534351145038,0.12100137243234094,0
PAM-01332,crypto_bot,Service Account,backup-db,Tunisia,36.8065,10.1815,SSH,2026-06-26 02:04:57,30.1,2,0,4,,0,0,none,0.4999999999999999,0.8660254037844387,0.0106870229007633,0.0030534351145038,0.19081884449949538,0
PAM-01322,marc_netadmin,Network Admin,fw-edge-02,Tunisia,36.8065,10.1815,HTTPS,2026-06-26 06:15:16,16.9,6,0,10,,0,0,none,1.0,6.123233995736766e-17,0.7006237006237006,0.0103950103950103,0.10953030406822373,0
PAM-01375,marc_netadmin,Network Admin,fw-edge-02,Tunisia,36.8065,10.1815,HTTPS,2026-06-26 06:54:47,12.1,6,0,1,,0,0,none,1.0,6.123233995736766e-17,0.7006237006237006,0.0103950103950103,0.12237652712270075,0
PAM-01575,marc_netadmin,Network Admin,switch-core-01,Tunisia,36.8065,10.1815,HTTPS,2026-06-26 07:49:24,21.6,7,0,6,,0,0,none,0.9659258262890684,-0.2588190451025206,0.7733887733887734,0.0103950103950103,0.14838764309628755,0
PAM-00899,jean_dev,Developer,app-dev-01,Tunisia,36.8065,10.1815,SSH,2026-06-26 08:08:56,31.0,8,0,10,,0,0,none,0.8660254037844387,-0.4999999999999998,0.2531914893617021,0.0085106382978723,0.16079231802350297,0
PAM-02065,marc_netadmin,Network Admin,fw-edge-02,Tunisia,36.8065,10.1815,HTTPS,2026-06-26 08:23:58,8.5,8,0,3,,0,0,none,0.8660254037844387,-0.4999999999999998,0.7006237006237006,0.0103950103950103,0.17225929178279514,0
PAM-01989,jean_dev,Developer,app-dev-01,Tunisia,36.8065,10.1815,SSH,2026-06-26 08:37:41,47.4,8,0,10,,0,0,none,0.8660254037844387,-0.4999999999999998,0.2531914893617021,0.0085106382978723,0.13943199258214573,0
PAM-01515,jean_dev,Developer,app-dev-01,Tunisia,36.8065,10.1815,SSH,2026-06-26 10:21:19,33.7,10,0,7,,0,0,none,0.4999999999999999,-0.8660254037844387,0.2531914893617021,0.0085106382978723,0.186409620582775,0
PAM-01435,marc_netadmin,Network Admin,fw-edge-01,Tunisia,36.8065,10.1815,HTTPS,2026-06-26 10:52:18,18.4,10,0,7,,0,0,none,0.4999999999999999,-0.8660254037844387,0.5405405405405406,0.0103950103950103,0.19236398188831888,0
PAM-01711,marc_netadmin,Network Admin,fw-edge-01,Tunisia,36.8065,10.1815,HTTPS,2026-06-26 11:38:27,8.8,11,0,2,,0,0,none,0.258819045102521,-0.9659258262890682,0.5405405405405406,0.0103950103950103,0.1756051623588356,0
PAM-01784,jean_dev,Developer,app-dev-01,Tunisia,36.8065,10.1815,SSH,2026-06-26 13:17:27,41.3,13,0,8,,0,0,none,-0.2588190451025208,-0.9659258262890684,0.2531914893617021,0.0085106382978723,0.12325648099422226,0
PAM-00198,crypto_bot,Service Account,backup-db,Tunisia,36.8065,10.1815,SSH,2026-06-27 02:10:37,27.5,2,1,8,,0,0,none,0.4999999999999999,0.8660254037844387,0.0106870229007633,0.0030534351145038,0.124231930887644,0
PAM-01080,crypto_bot,Service Account,backup-db,Tunisia,36.8065,10.1815,SSH,2026-06-27 02:27:56,29.4,2,1,7,,0,0,none,0.4999999999999999,0.8660254037844387,0.0106870229007633,0.0030534351145038,0.12559401409383214,0
PAM-00025,crypto_bot,Service Account,backup-db,Tunisia,36.8065,10.1815,SSH,2026-06-27 02:55:39,13.5,2,1,1,,0,0,none,0.4999999999999999,0.8660254037844387,0.0106870229007633,0.0030534351145038,0.10666340597983931,0
PAM-01012,crypto_bot,Service Account,backup-db,Tunisia,36.8065,10.1815,SSH,2026-06-27 03:27:06,29.9,3,1,6,,0,0,none,0.7071067811865476,0.7071067811865476,0.0106870229007633,0.0030534351145038,0.046432216961295514,0
PAM-00900,crypto_bot,Service Account,backup-db,Tunisia,36.8065,10.1815,SSH,2026-06-27 03:33:04,19.8,3,1,5,,0,0,none,0.7071067811865476,0.7071067811865476,0.0106870229007633,0.0030534351145038,0.054496270186716766,0
PAM-00375,sara_dba,DBA,prod-db-02,Tunisia,36.8065,10.1815,SSH,2026-06-28 02:06:05,22.7,2,1,8,,0,1,unusual_hour,0.4999999999999999,0.8660254037844387,0.9224318658280922,0.0188679245283018,-0.029267222798603276,1
PAM-02009,crypto_bot,Service Account,backup-db,Tunisia,36.8065,10.1815,SSH,2026-06-28 02:07:32,6.2,2,1,1,,0,0,none,0.4999999999999999,0.8660254037844387,0.0106870229007633,0.0030534351145038,0.07781487471976867,0
PAM-00483,crypto_bot,Service Account,backup-db,Tunisia,36.8065,10.1815,SSH,2026-06-28 02:37:43,21.7,2,1,4,,0,0,none,0.4999999999999999,0.8660254037844387,0.0106870229007633,0.0030534351145038,0.13700014517607723,0
PAM-00217,crypto_bot,Service Account,backup-db,Tunisia,36.8065,10.1815,SSH,2026-06-28 02:38:16,70.6,2,1,12,,0,0,none,0.4999999999999999,0.8660254037844387,0.0106870229007633,0.0030534351145038,0.026697187961392865,0
PAM-00364,crypto_bot,Service Account,backup-db,Tunisia,36.8065,10.1815,SSH,2026-06-28 02:40:06,25.2,2,1,6,,0,0,none,0.4999999999999999,0.8660254037844387,0.0106870229007633,0.0030534351145038,0.13496456470166568,0
PAM-01686,crypto_bot,Service Account,backup-db,Tunisia,36.8065,10.1815,SSH,2026-06-29 02:03:50,11.5,2,0,4,,0,0,none,0.4999999999999999,0.8660254037844387,0.0106870229007633,0.0030534351145038,0.19427005058019092,0
PAM-01239,crypto_bot,Service Account,backup-db,Tunisia,36.8065,10.1815,SSH,2026-06-29 02:56:12,14.1,2,0,2,,0,0,none,0.4999999999999999,0.8660254037844387,0.0106870229007633,0.0030534351145038,0.19434677375541382,0
PAM-00750,crypto_bot,Service Account,backup-db,Tunisia,36.8065,10.1815,SSH,2026-06-29 03:34:05,32.7,3,0,14,,0,0,none,0.7071067811865476,0.7071067811865476,0.0106870229007633,0.0030534351145038,0.09381496635047709,0
PAM-00883,marc_netadmin,Network Admin,fw-edge-02,Tunisia,36.8065,10.1815,HTTPS,2026-06-29 07:37:15,12.1,7,0,1,,0,0,none,0.9659258262890684,-0.2588190451025206,0.7006237006237006,0.0103950103950103,0.14055694877172992,0
PAM-00433,marc_netadmin,Network Admin,switch-core-01,Tunisia,36.8065,10.1815,HTTPS,2026-06-29 08:19:58,17.5,8,0,5,,0,0,none,0.8660254037844387,-0.4999999999999998,0.7733887733887734,0.0103950103950103,0.17752463085085063,0
PAM-01499,marc_netadmin,Network Admin,fw-edge-02,Tunisia,36.8065,10.1815,HTTPS,2026-06-29 09:04:37,29.1,9,0,4,,0,0,none,0.7071067811865476,-0.7071067811865475,0.7006237006237006,0.0103950103950103,0.18265694984818465,0
PAM-01613,marc_netadmin,Network Admin,fw-edge-01,Tunisia,36.8065,10.1815,HTTPS,2026-06-29 10:19:40,15.2,10,0,1,,0,0,none,0.4999999999999999,-0.8660254037844387,0.5405405405405406,0.0103950103950103,0.18200412653413967,0
PAM-00882,marc_netadmin,Network Admin,fw-edge-01,Tunisia,36.8065,10.1815,HTTPS,2026-06-29 10:37:31,32.2,10,0,6,,0,0,none,0.4999999999999999,-0.8660254037844387,0.5405405405405406,0.0103950103950103,0.18496179119732503,0
PAM-00369,jean_dev,Developer,app-dev-01,Tunisia,36.8065,10.1815,SSH,2026-06-29 11:01:38,8.0,11,0,1,,0,0,none,0.258819045102521,-0.9659258262890682,0.2531914893617021,0.0085106382978723,0.1761967878266409,0
PAM-01719,sara_dba,DBA,prod-db-01,Tunisia,36.8065,10.1815,SSH,2026-06-29 14:00:06,15.8,14,0,3,,0,0,none,-0.4999999999999997,-0.8660254037844388,0.339622641509434,0.0188679245283018,0.1678873565039523,0
